match,player_name,player_team,market_name,line,agency,over_price,under_price,model_mean,model_minutes,model_p_over,market_p_over,final_p_over,price_source,fair_over,fair_under,best_side,best_ev,bet_signal,alt_leg_model_ev,alt_leg_tier,thin_history,alt_leg_backtest_roi
Brisbane Bullets v Illawarra Hawks,Max Mackinnon,Brisbane Bullets,Player Rebounds,5.5,Sportsbet,8,NA,5.0017499999999995,28.711766117223874,0.38525,NA,0.26447326542739724,blend: book price,3.7811005145793017,1.359569887804386,over,1.115786123419178,FALSE,NA,price > 6,FALSE,-0.5387411371602528
Brisbane Bullets v Illawarra Hawks,Arnas Velicka,Brisbane Bullets,Player Threes,6.5,Sportsbet,36,NA,3.2670000000000017,31.485242480604562,0.10975,NA,0.04681959254653012,blend: book price,21.358579722926525,1.0491193400330312,over,0.6855053316750843,FALSE,NA,price > 6,FALSE,-0.5387411371602528
Cairns Taipans v Tasmania JackJumpers,Dakota Mathias,Tasmania JackJumpers,Player Rebounds,7.5,Pointsbet,15,NA,4.794000000000001,33.7302846071562,0.1485,NA,0.10813994264802436,blend: book price,9.247276959030913,1.12125214236985,over,0.6220991397203655,FALSE,NA,price > 6,FALSE,-0.5387411371602528
Perth Wildcats v Adelaide 36ers,Elijah Pepper,Perth Wildcats,Player Rebounds,5.5,Sportsbet,8,NA,4.124500000000002,32.473449223538,0.251,NA,0.18811538118724955,blend: book price,5.315886418690042,1.2317021123793894,over,0.5049230494979964,FALSE,NA,price > 6,FALSE,-0.5387411371602528
Cairns Taipans v Tasmania JackJumpers,Jaylon Brown,Cairns Taipans,Player Rebounds,5.5,Sportsbet,11,NA,3.548250000000001,26.27110691744886,0.179,NA,0.13454455900302056,blend: book price,7.432481903467755,1.1554609892428767,over,0.4799901490332261,FALSE,NA,price > 6,FALSE,-0.5387411371602528
Brisbane Bullets v Illawarra Hawks,Nate Hinton,Brisbane Bullets,Player Assists,5.5,Sportsbet,8.25,NA,3.5255,28.00915210516743,0.1885,NA,0.17927769436129945,blend: book price,5.5779387589885765,1.2184389203626949,over,0.47904097848072036,FALSE,NA,price > 6,FALSE,-0.5387411371602528
Cairns Taipans v Tasmania JackJumpers,Dakota Mathias,Tasmania JackJumpers,Player Rebounds,5.5,Pointsbet,5.5,NA,4.794000000000001,33.7302846071562,0.34775,NA,0.2658454420660317,blend: book price,3.7615841453908248,1.3621110012776663,over,0.4621499313631745,FALSE,0.912625,top 5%,FALSE,-0.030958169282341706
Cairns Taipans v Tasmania JackJumpers,Dakota Mathias,Tasmania JackJumpers,Player Rebounds,7.5,Sportsbet,13,NA,4.794000000000001,33.7302846071562,0.1485,NA,0.1122622037990735,blend: book price,8.907717523431096,1.1264587407222038,over,0.45940864938795567,FALSE,NA,price > 6,FALSE,-0.5387411371602528
Perth Wildcats v Adelaide 36ers,Elijah Pepper,Perth Wildcats,Player Rebounds,5.5,TAB,7,NA,4.124500000000002,32.473449223538,0.251,NA,0.19462100967754983,blend: book price,5.138191409328369,1.241651461009219,over,0.36234706774284886,FALSE,NA,price > 6,FALSE,-0.5387411371602528
Brisbane Bullets v Illawarra Hawks,Max Mackinnon,Brisbane Bullets,Player Rebounds,3.5,Sportsbet,2.4,NA,5.0017499999999995,28.711766117223874,0.6795,NA,0.5675286285443332,blend: book price,1.7620256489349662,2.3122917862379504,over,0.3620687085063996,FALSE,0.6308,top 5%,FALSE,-0.030958169282341706
South East Melbourne Phoenix v Melbourne United,Tanner Krebs,South East Melbourne Phoenix,Player Rebounds,5.5,Sportsbet,11.5,NA,3.3715,25.634747615826885,0.146,NA,0.11451832550330955,blend: book price,8.732226878143623,1.129328848695149,over,0.3169607432880599,FALSE,NA,price > 6,FALSE,-0.5387411371602528
Brisbane Bullets v Illawarra Hawks,Arnas Velicka,Brisbane Bullets,Player Threes,5.5,Sportsbet,15,NA,3.2670000000000017,31.485242480604562,0.1685,NA,0.08736160688558026,blend: book price,11.446675898598405,1.095724229382302,over,0.31042410328370384,FALSE,NA,price > 6,FALSE,-0.5387411371602528
Cairns Taipans v Tasmania JackJumpers,Taran Armstrong,Tasmania JackJumpers,Player Assists,5.5,Sportsbet,1.67,2.11,3.7075,29.88892484187663,0.19875,0.5517069120792526,0.38243474889035994,blend: two-way consensus,2.6148251509610847,1.6192620912578903,under,0.3030626798413405,FALSE,NA,NA,FALSE,NA
Cairns Taipans v Tasmania JackJumpers,Jaylon Brown,Cairns Taipans,Player Rebounds,5.5,TAB,9,NA,3.548250000000001,26.27110691744886,0.179,NA,0.14179032498208916,blend: book price,7.052667381405038,1.1652164140180894,over,0.27611292483880234,FALSE,NA,price > 6,FALSE,-0.5387411371602528
Cairns Taipans v Tasmania JackJumpers,Taran Armstrong,Tasmania JackJumpers,Player Assists,5.5,Pointsbet,1.71,2.05,3.7075,29.88892484187663,0.19875,0.5517069120792526,0.38243474889035994,blend: two-way consensus,2.6148251509610847,1.6192620912578903,under,0.2660087647747622,FALSE,NA,NA,FALSE,NA
Cairns Taipans v Tasmania JackJumpers,Malique Lewis,Cairns Taipans,Player Rebounds,9.5,Pointsbet,12,NA,6.167749999999998,27.57509697673598,0.13175,NA,0.10509964179591838,blend: book price,9.514780287660654,1.1174428424711285,over,0.2611957015510207,FALSE,NA,price > 6,FALSE,-0.5387411371602528
Cairns Taipans v Tasmania JackJumpers,Jack McVeigh,Cairns Taipans,Player Assists,3.5,Sportsbet,1.85,1.88,2.1272499999999996,28.975523788647227,0.17575,0.5020107238605898,0.335054161526906,blend: two-way consensus,2.9845920893589515,1.5038818835174401,under,0.25009817632941655,FALSE,NA,NA,FALSE,NA
Cairns Taipans v Tasmania JackJumpers,Jack McVeigh,Cairns Taipans,Player Assists,3.5,Pointsbet,1.87,1.87,2.1272499999999996,28.975523788647227,0.17575,0.5020107238605898,0.335054161526906,blend: two-way consensus,2.9845920893589515,1.5038818835174401,under,0.2434487179446858,FALSE,NA,NA,FALSE,NA
Cairns Taipans v Tasmania JackJumpers,Taran Armstrong,Tasmania JackJumpers,Player Points,18.5,Pointsbet,1.87,1.87,13.541749999999997,29.88892484187663,0.2115,0.4966487935656837,0.33579609654236664,blend: two-way consensus,2.977997690553357,1.5055617631789266,under,0.24206129946577448,FALSE,NA,NA,FALSE,NA
Perth Wildcats v Adelaide 36ers,Elijah Pepper,Perth Wildcats,Player Rebounds,4.5,BetRight,3.9,NA,4.124500000000002,32.473449223538,0.3875,NA,0.31521692102623394,blend: book price,3.172418526087865,1.4603164574373337,over,0.22934599200231243,FALSE,0.51125,top 5%,FALSE,-0.030958169282341706
Cairns Taipans v Tasmania JackJumpers,Jaylon Brown,Cairns Taipans,Player Points,13.5,Pointsbet,1.8,1.95,10.618000000000004,26.27110691744886,0.26875,0.4952941176470588,0.3714082899062088,blend: two-way consensus,2.692454711370413,1.5908577601998466,under,0.2257538346828929,FALSE,NA,NA,FALSE,NA
Cairns Taipans v Tasmania JackJumpers,Taran Armstrong,Tasmania JackJumpers,Player Points,18.5,Sportsbet,1.89,1.84,13.541749999999997,29.88892484187663,0.2115,0.4966487935656837,0.33579609654236664,blend: two-way consensus,2.977997690553357,1.5055617631789266,under,0.22213518236204544,FALSE,NA,NA,FALSE,NA
Cairns Taipans v Tasmania JackJumpers,Dakota Mathias,Tasmania JackJumpers,Player Rebounds,5.5,Sportsbet,4.3,NA,4.794000000000001,33.7302846071562,0.34775,NA,0.28267906579429075,blend: book price,3.5375806736524065,1.3940761412564961,over,0.21551998291545016,FALSE,0.495325,top 5%,FALSE,-0.030958169282341706
Cairns Taipans v Tasmania JackJumpers,Jack McVeigh,Cairns Taipans,Player Points,20.5,Pointsbet,1.91,1.83,15.347999999999994,28.975523788647227,0.23025,0.4839572192513369,0.3371664005036271,blend: two-way consensus,2.965894580558131,1.5086742747498154,under,0.2129854870783625,FALSE,NA,NA,FALSE,NA
Brisbane Bullets v Illawarra Hawks,Arnas Velicka,Brisbane Bullets,Player Rebounds,7.5,Sportsbet,9.5,NA,4.7654999999999985,31.485242480604562,0.1575,NA,0.12730317137683086,blend: book price,7.85526384916126,1.1458733058279515,over,0.20938012807989326,FALSE,NA,price > 6,FALSE,-0.5387411371602528
Cairns Taipans v Tasmania JackJumpers,Reyne Smith,Cairns Taipans,Player Points,11.5,Sportsbet,1.95,1.79,8.256249999999998,20.32192545736321,0.2235,0.47720803864067624,0.3269343148069295,blend: two-way consensus,3.058718386873976,1.4857390920369793,under,0.2047875764955962,FALSE,NA,NA,FALSE,NA
Cairns Taipans v Tasmania JackJumpers,David Johnson,Tasmania JackJumpers,Player Points,17.5,Pointsbet,1.87,1.87,13.310750000000002,24.54132940151298,0.24675,0.49530831099195705,0.35777982324041196,blend: two-way consensus,2.7950150764316435,1.5570983849271758,under,0.2009517305404298,FALSE,NA,NA,FALSE,NA
Cairns Taipans v Tasmania JackJumpers,Jaylon Brown,Cairns Taipans,Player Threes,1.5,Pointsbet,1.8,1.95,1.2829999999999993,26.27110691744886,0.3325,0.5194594594594594,0.3875467570455537,blend: two-way consensus,2.580333809585862,1.6327777042636693,under,0.19428382376117015,FALSE,NA,NA,FALSE,NA
Cairns Taipans v Tasmania JackJumpers,Reyne Smith,Cairns Taipans,Player Points,11.5,Pointsbet,1.95,1.77,8.256249999999998,20.32192545736321,0.2235,0.47720803864067624,0.3269343148069295,blend: two-way consensus,3.058718386873976,1.4857390920369793,under,0.19132626279173492,FALSE,NA,NA,FALSE,NA
Cairns Taipans v Tasmania JackJumpers,Taran Armstrong,Tasmania JackJumpers,Player Threes,1.5,Pointsbet,2,1.75,1.0359999999999996,29.88892484187663,0.2695,0.4666666666666667,0.31940622761557713,blend: two-way consensus,3.130809337892919,1.469305245765848,under,0.19103910167273996,FALSE,NA,NA,FALSE,NA
Cairns Taipans v Tasmania JackJumpers,Taran Armstrong,Tasmania JackJumpers,Player Threes,1.5,Sportsbet,2,1.75,1.0359999999999996,29.88892484187663,0.2695,0.4666666666666667,0.31940622761557713,blend: two-way consensus,3.130809337892919,1.469305245765848,under,0.19103910167273996,FALSE,NA,NA,FALSE,NA
Cairns Taipans v Tasmania JackJumpers,David Johnson,Tasmania JackJumpers,Player Threes,2.5,Pointsbet,1.87,1.87,2.0229999999999992,24.54132940151298,0.32025,0.49530831099195705,0.363778294520481,blend: two-way consensus,2.748927066465477,1.5717791320028953,under,0.1897345892467006,FALSE,NA,NA,FALSE,NA
Cairns Taipans v Tasmania JackJumpers,Jack McVeigh,Cairns Taipans,Player Points,20.5,Sportsbet,1.95,1.79,15.347999999999994,28.975523788647227,0.23025,0.4839572192513369,0.3371664005036271,blend: two-way consensus,2.965894580558131,1.5086742747498154,under,0.18647214309850746,FALSE,NA,NA,FALSE,NA
Cairns Taipans v Tasmania JackJumpers,David Johnson,Tasmania JackJumpers,Player Assists,5.5,Pointsbet,13,NA,2.6985,24.54132940151298,0.09025,NA,0.09101083388411456,blend: book price,10.987702862642868,1.1001231227793442,over,0.18314084049348933,FALSE,NA,price > 6,FALSE,-0.5387411371602528
Cairns Taipans v Tasmania JackJumpers,Dakota Mathias,Tasmania JackJumpers,Player Threes,5.5,Sportsbet,21,NA,2.77425,33.7302846071562,0.10275,NA,0.0563323384875555,blend: book price,17.751792786321346,1.0596951032498771,over,0.18297910823866537,FALSE,NA,price > 6,FALSE,-0.5387411371602528
Cairns Taipans v Tasmania JackJumpers,Jaylon Brown,Cairns Taipans,Player Threes,1.5,Sportsbet,1.78,1.92,1.2829999999999993,26.27110691744886,0.3325,0.5194594594594594,0.3875467570455537,blend: two-way consensus,2.580333809585862,1.6327777042636693,under,0.17591022647253673,FALSE,NA,NA,FALSE,NA
Cairns Taipans v Tasmania JackJumpers,David Johnson,Tasmania JackJumpers,Player Points,17.5,Sportsbet,1.9,1.83,13.310750000000002,24.54132940151298,0.24675,0.49530831099195705,0.35777982324041196,blend: two-way consensus,2.7950150764316435,1.5570983849271758,under,0.17526292347004624,FALSE,NA,NA,FALSE,NA
Cairns Taipans v Tasmania JackJumpers,Jaylon Brown,Cairns Taipans,Player Rebounds,4.5,BetRight,4.75,NA,3.548250000000001,26.27110691744886,0.30075,NA,0.2465929923340011,blend: book price,4.055265279580763,1.3273038209425854,over,0.17131671358650524,FALSE,0.4285625000000002,top 5%,FALSE,-0.030958169282341706
Cairns Taipans v Tasmania JackJumpers,David Johnson,Tasmania JackJumpers,Player Threes,2.5,Sportsbet,1.9,1.83,2.0229999999999992,24.54132940151298,0.32025,0.49530831099195705,0.363778294520481,blend: two-way consensus,2.748927066465477,1.5717791320028953,under,0.1642857210275197,FALSE,NA,NA,FALSE,NA
Perth Wildcats v Adelaide 36ers,Elijah Pepper,Perth Wildcats,Player Rebounds,3.5,Sportsbet,2.4,NA,4.124500000000002,32.473449223538,0.56825,NA,0.4842718080934983,blend: book price,2.06495605006792,1.9390058866149664,over,0.16225233942439576,FALSE,0.3638000000000001,top 5%,FALSE,-0.030958169282341706
Cairns Taipans v Tasmania JackJumpers,Nick Marshall,Tasmania JackJumpers,Player Rebounds,5.5,Pointsbet,2.1,1.67,3.7020000000000013,27.94522393186349,0.19825,0.4367085082534445,0.3071884582019445,blend: two-way consensus,3.25533063922149,1.443393967434055,under,0.15699527480275255,FALSE,NA,NA,FALSE,NA
Cairns Taipans v Tasmania JackJumpers,Taran Armstrong,Tasmania JackJumpers,Player PRAs,29.5,Sportsbet,1.88,1.85,21.751749999999994,29.88892484187663,0.16875,0.4959785522788205,0.3769569399676252,blend: two-way consensus,2.6528228929433815,1.6050255016852888,under,0.15262966105989362,FALSE,NA,NA,FALSE,NA
Cairns Taipans v Tasmania JackJumpers,Jack McVeigh,Cairns Taipans,Player Threes,2.5,Pointsbet,2.25,1.6,1.7632500000000004,28.975523788647227,0.25875,0.41558441558441556,0.27964147462208255,blend: two-way consensus,3.5760074622386955,1.3881976332207298,under,0.15257364060466805,FALSE,NA,NA,FALSE,NA
Cairns Taipans v Tasmania JackJumpers,Jack McVeigh,Cairns Taipans,Player Threes,2.5,Sportsbet,2.25,1.6,1.7632500000000004,28.975523788647227,0.25875,0.41558441558441556,0.27964147462208255,blend: two-way consensus,3.5760074622386955,1.3881976332207298,under,0.15257364060466805,FALSE,NA,NA,FALSE,NA
Cairns Taipans v Tasmania JackJumpers,Malique Lewis,Cairns Taipans,Player Rebounds,7.5,Pointsbet,4.6,NA,6.167749999999998,27.57509697673598,0.30375,NA,0.25053787996452453,blend: book price,3.9914123969660684,1.3342902506569185,over,0.15247424783681285,FALSE,0.3972499999999999,top 5%,FALSE,-0.030958169282341706
Cairns Taipans v Tasmania JackJumpers,Reyne Smith,Cairns Taipans,Player Threes,2.5,Pointsbet,2.35,1.55,1.6395000000000013,20.32192545736321,0.24275,0.3943138036402285,0.25852176586792036,blend: two-way consensus,3.868146253151092,1.3486572551526441,under,0.1492912629047234,FALSE,NA,NA,FALSE,NA
Cairns Taipans v Tasmania JackJumpers,Dakota Mathias,Tasmania JackJumpers,Player Points,24.5,Pointsbet,15,NA,14.764500000000002,33.7302846071562,0.1185,NA,0.07618584975278146,blend: book price,13.125797024577928,1.0824688058008136,over,0.14278774629172197,FALSE,NA,price > 6,FALSE,-0.5387411371602528
Cairns Taipans v Tasmania JackJumpers,David Johnson,Tasmania JackJumpers,Player Assists,4.5,BetRight,6.5,NA,2.6985,24.54132940151298,0.17225,NA,0.1754325384833506,blend: book price,5.700196831472656,1.2127570473866054,over,0.14031150014177896,FALSE,NA,price > 6,FALSE,-0.5387411371602528
Cairns Taipans v Tasmania JackJumpers,Jaylon Brown,Cairns Taipans,Player Rebounds,3.5,TAB,3,NA,3.548250000000001,26.27110691744886,0.4505,NA,0.3792953204938275,blend: book price,2.6364680658280717,1.6110721137072654,over,0.1378859614814827,FALSE,0.35150000000000015,top 5%,FALSE,-0.030958169282341706
Cairns Taipans v Tasmania JackJumpers,Nick Marshall,Tasmania JackJumpers,Player Rebounds,5.5,Sportsbet,2.17,1.64,3.7020000000000013,27.94522393186349,0.19825,0.4367085082534445,0.3071884582019445,blend: two-way consensus,3.25533063922149,1.443393967434055,under,0.1362109285488109,FALSE,NA,NA,FALSE,NA
Perth Wildcats v Adelaide 36ers,Nick Rakocevic,Adelaide 36ers,Player Assists,1.5,Sportsbet,2.8,NA,1.4265000000000008,24.432875676252536,0.40075,NA,0.4050799700205157,blend: book price,2.4686483509647585,1.680898187331976,over,0.13422391605744388,FALSE,0.12209999999999988,top 5%,FALSE,-0.030958169282341706
Cairns Taipans v Tasmania JackJumpers,Malique Lewis,Cairns Taipans,Player Rebounds,7.5,Sportsbet,4.5,NA,6.167749999999998,27.57509697673598,0.30375,NA,0.2519833598317051,blend: book price,3.9685160189461754,1.3368686554553277,over,0.13392511924267292,FALSE,0.36687500000000006,top 5%,FALSE,-0.030958169282341706
Cairns Taipans v Tasmania JackJumpers,Will Magnay,Tasmania JackJumpers,Player Points,19.5,Pointsbet,10,NA,13.014500000000002,26.254847578198834,0.17,NA,0.11292008691144771,blend: book price,8.8558203181707,1.127294153824646,over,0.12920086911447703,FALSE,NA,price > 6,FALSE,-0.5387411371602528
Cairns Taipans v Tasmania JackJumpers,Will Magnay,Tasmania JackJumpers,Player Points,19.5,TAB,10,NA,13.014500000000002,26.254847578198834,0.17,NA,0.11292008691144771,blend: book price,8.8558203181707,1.127294153824646,over,0.12920086911447703,FALSE,NA,price > 6,FALSE,-0.5387411371602528
South East Melbourne Phoenix v Melbourne United,Tanner Krebs,South East Melbourne Phoenix,Player Rebounds,3.5,Sportsbet,3.15,NA,3.3715,25.634747615826885,0.42475,NA,0.3576135670515724,blend: book price,2.7963144917703513,1.5566953919157294,over,0.12648273621245298,FALSE,0.33796249999999994,top 5%,FALSE,-0.030958169282341706
Cairns Taipans v Tasmania JackJumpers,Malique Lewis,Cairns Taipans,Player Assists,2.5,Pointsbet,2.2,1.62,1.6330000000000005,27.57509697673598,0.2375,0.3906133133881825,0.30694917908753916,blend: two-way consensus,3.257868299151922,1.442895628755499,under,0.12274232987818667,FALSE,NA,NA,FALSE,NA
Cairns Taipans v Tasmania JackJumpers,Reyne Smith,Cairns Taipans,Player Threes,2.5,Sportsbet,2.35,1.51,1.6395000000000013,20.32192545736321,0.24275,0.3943138036402285,0.25852176586792036,blend: two-way consensus,3.868146253151092,1.3486572551526441,under,0.11963213353944013,FALSE,NA,NA,FALSE,NA
Cairns Taipans v Tasmania JackJumpers,David Johnson,Tasmania JackJumpers,Player Assists,3.5,Pointsbet,3.7,NA,2.6985,24.54132940151298,0.29675,NA,0.3024787938763837,blend: book price,3.306016885298338,1.4336481690031626,over,0.11917153734261987,FALSE,0.09797500000000015,top 5%,FALSE,-0.030958169282341706
Cairns Taipans v Tasmania JackJumpers,David Johnson,Tasmania JackJumpers,Player PRAs,24.5,Sportsbet,1.93,1.8,19.898749999999993,24.54132940151298,0.265,0.482573726541555,0.3788416662377645,blend: two-way consensus,2.63962517621383,1.6098954898394329,under,0.118085000772024,FALSE,NA,NA,FALSE,NA
South East Melbourne Phoenix v Melbourne United,Chris Goulding,Melbourne United,Player Points,19.5,Sportsbet,7.25,NA,14.485249999999995,26.822970870898306,0.2245,NA,0.15396758184414014,blend: book price,6.494873713170933,1.1819878039422547,over,0.1162649683700161,FALSE,NA,price > 6,FALSE,-0.5387411371602528
Cairns Taipans v Tasmania JackJumpers,Will Magnay,Tasmania JackJumpers,Player Points,19.5,Sportsbet,9.75,NA,13.014500000000002,26.254847578198834,0.17,NA,0.11427785527427858,blend: book price,8.750601746942987,1.1290222401627619,over,0.11420908892421622,FALSE,NA,price > 6,FALSE,-0.5387411371602528
Cairns Taipans v Tasmania JackJumpers,Reyne Smith,Cairns Taipans,Player PRAs,15.5,Sportsbet,1.91,1.79,11.957000000000004,20.32192545736321,0.2525,0.4837837837837838,0.3781243170231016,blend: two-way consensus,2.644632875962073,1.608038434969885,under,0.11315747252864794,FALSE,NA,NA,FALSE,NA
Cairns Taipans v Tasmania JackJumpers,Nick Marshall,Tasmania JackJumpers,Player Assists,4.5,BetRight,5.5,NA,2.9335,27.94522393186349,0.1975,NA,0.202349975693057,blend: book price,4.941932889168673,1.25368265470671,over,0.11292486631181342,FALSE,0.08625000000000016,top 5%,FALSE,-0.030958169282341706
Brisbane Bullets v Illawarra Hawks,Wani Swaka Lo Buluk,Illawarra Hawks,Player Assists,1.5,Sportsbet,2.9,NA,1.3384999999999996,25.10199900062852,0.37625,NA,0.38286803515457424,blend: book price,2.611865990840089,1.6203989696927656,over,0.11031730194826528,FALSE,0.0911249999999999,top 5%,FALSE,-0.030958169282341706
Cairns Taipans v Tasmania JackJumpers,Jaylon Brown,Cairns Taipans,Player Rebounds,3.5,Sportsbet,2.9,NA,3.548250000000001,26.27110691744886,0.4505,NA,0.3825945118539807,blend: book price,2.6137332581018713,1.6196810996981212,over,0.10952408437654393,FALSE,0.3064499999999999,top 5%,FALSE,-0.030958169282341706
Perth Wildcats v Adelaide 36ers,Elijah Pepper,Perth Wildcats,Player Rebounds,3.5,TAB,2.25,NA,4.124500000000002,32.473449223538,0.56825,NA,0.4919947721338802,blend: book price,2.032541922473686,1.9684836791946185,over,0.10698823730123053,FALSE,0.27856250000000005,top 5%,FALSE,-0.030958169282341706
Brisbane Bullets v Illawarra Hawks,William Hickey,Illawarra Hawks,Player Steals,2.5,Sportsbet,7.25,NA,1.3869999999999996,33.74068844496633,0.1745,NA,0.15268187349550372,blend: book price,6.549565951124176,1.1801942726344985,over,0.10694358284240191,FALSE,NA,price > 6,FALSE,-0.5387411371602528
Cairns Taipans v Tasmania JackJumpers,Jaylon Brown,Cairns Taipans,Player Points,13.5,Sportsbet,1.98,1.76,10.618000000000004,26.27110691744886,0.26875,0.4952941176470588,0.3714082899062088,blend: two-way consensus,2.692454711370413,1.5908577601998466,under,0.10632140976507265,FALSE,NA,NA,FALSE,NA
Cairns Taipans v Tasmania JackJumpers,Malique Lewis,Cairns Taipans,Player Points,11.5,Sportsbet,1.97,1.77,9.546000000000006,27.57509697673598,0.3075,0.4745342418492324,0.37504230821956414,blend: two-way consensus,2.6663658421560315,1.600108316374361,under,0.1061751144513714,FALSE,NA,NA,FALSE,NA
Cairns Taipans v Tasmania JackJumpers,Malique Lewis,Cairns Taipans,Player Points,11.5,Pointsbet,1.95,1.77,9.546000000000006,27.57509697673598,0.3075,0.4745342418492324,0.37504230821956414,blend: two-way consensus,2.6663658421560315,1.600108316374361,under,0.1061751144513714,FALSE,NA,NA,FALSE,NA
Cairns Taipans v Tasmania JackJumpers,David Johnson,Tasmania JackJumpers,Player Rebounds,4.5,Pointsbet,1.95,1.8,3.889500000000001,24.54132940151298,0.35,0.4520418848167539,0.3858368159004949,blend: two-way consensus,2.591769263039674,1.6282317564609712,under,0.10549373137910911,FALSE,NA,NA,FALSE,NA
Cairns Taipans v Tasmania JackJumpers,Malique Lewis,Cairns Taipans,Player Rebounds,9.5,Sportsbet,10,NA,6.167749999999998,27.57509697673598,0.13175,NA,0.11035976876155357,blend: book price,9.061273063743258,1.1240498854328165,over,0.10359768761553578,FALSE,NA,price > 6,FALSE,-0.5387411371602528
Cairns Taipans v Tasmania JackJumpers,Jack McVeigh,Cairns Taipans,Player PRAs,29.5,Sportsbet,1.78,1.93,23.03225000000001,28.975523788647227,0.2145,0.5202156334231806,0.42956907427258106,blend: two-way consensus,2.3279143213309035,1.7530606334584515,under,0.1009316866539185,FALSE,NA,NA,FALSE,NA
South East Melbourne Phoenix v Melbourne United,Tanner Krebs,South East Melbourne Phoenix,Player Rebounds,5.5,TAB,9,NA,3.3715,25.634747615826885,0.146,NA,0.12225702495981576,blend: book price,8.1794890749933309,1.1392856775119375,over,0.1003132246383418,FALSE,NA,price > 6,FALSE,-0.5387411371602528
Cairns Taipans v Tasmania JackJumpers,Malique Lewis,Cairns Taipans,Player Threes,1.5,Pointsbet,2,1.75,1.3849999999999996,27.57509697673598,0.3905,0.46451612903225803,0.3717440786786124,blend: two-way consensus,2.690022672464784,1.5917080381777169,under,0.09944786231242841,FALSE,NA,NA,FALSE,NA
South East Melbourne Phoenix v Melbourne United,Joe Ingles,Melbourne United,Player Rebounds,5.5,Sportsbet,5,NA,4.154000000000002,22.38714552634611,0.26175,NA,0.21924369245882042,blend: book price,4.561134638743715,1.2808093771913034,over,0.09621846229410203,FALSE,0.30874999999999986,top 5%,FALSE,-0.030958169282341706
South East Melbourne Phoenix v Melbourne United,Chris Goulding,Melbourne United,Player Points,19.5,TAB,7,NA,14.485249999999995,26.822970870898306,0.2245,NA,0.15653010779258764,blend: book price,6.388547315926363,1.1855787731592158,over,0.09571075454811351,FALSE,NA,price > 6,FALSE,-0.5387411371602528
Perth Wildcats v Adelaide 36ers,Jo Lual-Acuil Jr,Perth Wildcats,Player Assists,1.5,Sportsbet,1.98,NA,1.9454999999999996,31.112404931629083,0.5455,NA,0.5520566122234505,blend: book price,1.8114084277922569,2.2324249610284155,over,0.09307209220243196,FALSE,0.08009,top 5%,FALSE,-0.030958169282341706
South East Melbourne Phoenix v Melbourne United,Tanner Krebs,South East Melbourne Phoenix,Player Rebounds,4.5,BetRight,5,NA,3.3715,25.634747615826885,0.2595,NA,0.21784374268885784,blend: book price,4.59044628804547,1.2785169084215349,over,0.08921871344428922,FALSE,0.2975000000000001,top 5%,FALSE,-0.030958169282341706
South East Melbourne Phoenix v Melbourne United,Tanner Krebs,South East Melbourne Phoenix,Player Rebounds,3.5,TAB,3,NA,3.3715,25.634747615826885,0.42475,NA,0.3621575594554768,blend: book price,2.7612291222183885,1.5677852968615642,over,0.08647267836643024,FALSE,0.2742500000000001,top 5%,FALSE,-0.030958169282341706
Cairns Taipans v Tasmania JackJumpers,Will Magnay,Tasmania JackJumpers,Player PRAs,23.5,BetRight,3.3,NA,22.005000000000003,26.254847578198834,0.38725,NA,0.3277233851488289,blend: book price,3.0513538103052067,1.4874829466162236,over,0.08148717099113534,FALSE,0.277925,top 5%,FALSE,-0.030958169282341706
Cairns Taipans v Tasmania JackJumpers,Malique Lewis,Cairns Taipans,Player Threes,1.5,Sportsbet,2,1.72,1.3849999999999996,27.57509697673598,0.3905,0.46451612903225803,0.3717440786786124,blend: two-way consensus,2.690022672464784,1.5917080381777169,under,0.08060018467278662,FALSE,NA,NA,FALSE,NA
Cairns Taipans v Tasmania JackJumpers,Jack McVeigh,Cairns Taipans,Player Rebounds,5.5,Sportsbet,1.71,2.06,5.556999999999999,28.975523788647227,0.46175,0.5458159320503415,0.47545348818097727,blend: two-way consensus,2.103255155043386,1.9064086357798844,under,0.08056581434718679,FALSE,NA,NA,FALSE,NA
Brisbane Bullets v Illawarra Hawks,Nate Hinton,Brisbane Bullets,Player Assists,3.5,Sportsbet,2.45,NA,3.5255,28.00915210516743,0.43025,NA,0.4399277215985441,blend: book price,2.273100672915879,1.7854838358616403,over,0.07782291791643314,FALSE,0.05411250000000023,top 5%,FALSE,-0.030958169282341706
Cairns Taipans v Tasmania JackJumpers,Keanu Pinder,Cairns Taipans,Player Rebounds,7.5,Pointsbet,1.87,1.87,6.883999999999996,25.975269438688255,0.39025,0.49932975871313673,0.4242230568872282,blend: two-way consensus,2.3572504694525156,1.736783683267671,under,0.07670288362088318,FALSE,NA,NA,FALSE,NA
Cairns Taipans v Tasmania JackJumpers,Will Magnay,Tasmania JackJumpers,Player Points,14.5,BetRight,4.1,NA,13.014500000000002,26.254847578198834,0.353,NA,0.26246889903083886,blend: book price,3.8099752149396746,1.3558750250476739,over,0.07612248602643934,FALSE,0.4472999999999998,top 5%,FALSE,-0.030958169282341706
Cairns Taipans v Tasmania JackJumpers,Nick Marshall,Tasmania JackJumpers,Player Assists,3.5,Sportsbet,3.1,NA,2.9335,27.94522393186349,0.3375,NA,0.34698565732815273,blend: book price,2.8819635016045515,1.5313599329356842,over,0.0756555377172734,FALSE,0.046250000000000124,top 5%,FALSE,-0.030958169282341706
Brisbane Bullets v Illawarra Hawks,Arnas Velicka,Brisbane Bullets,Player Threes,4.5,Sportsbet,7,NA,3.2670000000000017,31.485242480604562,0.2505,NA,0.15363887555858732,blend: book price,6.50876932263585,1.1815287483342138,over,0.07547212891011124,FALSE,NA,price > 6,FALSE,-0.5387411371602528
Cairns Taipans v Tasmania JackJumpers,Jack McVeigh,Cairns Taipans,Player Rebounds,5.5,Pointsbet,1.71,2.05,5.556999999999999,28.975523788647227,0.46175,0.5458159320503415,0.47545348818097727,blend: two-way consensus,2.103255155043386,1.9064086357798844,under,0.07532034922899644,FALSE,NA,NA,FALSE,NA
Cairns Taipans v Tasmania JackJumpers,Nick Marshall,Tasmania JackJumpers,Player Points,10.5,Sportsbet,1.8,1.94,9.486749999999988,27.94522393186349,0.368,0.5147058823529411,0.4465308706219892,blend: two-way consensus,2.239486821162137,1.806785504231828,under,0.07373011099334081,FALSE,NA,NA,FALSE,NA
Cairns Taipans v Tasmania JackJumpers,Keanu Pinder,Cairns Taipans,Player Threes,1.5,Sportsbet,2.95,1.37,1.0175000000000005,25.975269438688255,0.26875,0.31373722860791825,0.21802920031791048,blend: two-way consensus,4.58654161250828,1.278820130376416,under,0.07129999556446265,FALSE,NA,NA,FALSE,NA
Cairns Taipans v Tasmania JackJumpers,David Johnson,Tasmania JackJumpers,Player Assists,3.5,Sportsbet,3.5,NA,2.6985,24.54132940151298,0.29675,NA,0.3060332121294984,blend: book price,3.267619200679593,1.440991150410221,over,0.07111624245324455,FALSE,0.03862500000000013,top 5%,FALSE,-0.030958169282341706
Cairns Taipans v Tasmania JackJumpers,Keanu Pinder,Cairns Taipans,Player Rebounds,7.5,Sportsbet,1.87,1.86,6.883999999999996,25.975269438688255,0.39025,0.49932975871313673,0.4242230568872282,blend: two-way consensus,2.3572504694525156,1.736783683267671,under,0.07094511418975546,FALSE,NA,NA,FALSE,NA
Cairns Taipans v Tasmania JackJumpers,Jaylon Brown,Cairns Taipans,Player PRAs,20.5,Sportsbet,1.84,1.86,18.125500000000006,26.27110691744886,0.3355,0.5027027027027027,0.42631835855945155,blend: two-way consensus,2.345664876781389,1.7431270721666132,under,0.06704785307942007,FALSE,NA,NA,FALSE,NA
Cairns Taipans v Tasmania JackJumpers,Nick Marshall,Tasmania JackJumpers,Player PRAs,18.5,Sportsbet,1.81,1.92,16.122249999999994,27.94522393186349,0.32725,0.514745308310992,0.4451198083380674,blend: two-way consensus,2.246586157856409,1.8021908423237822,under,0.06536996799091055,FALSE,NA,NA,FALSE,NA
South East Melbourne Phoenix v Melbourne United,Nathan Sobey,South East Melbourne Phoenix,Player Rebounds,5.5,Sportsbet,4.5,NA,4.252500000000001,28.095023263042446,0.27875,NA,0.2362902258995563,blend: book price,4.232083642871822,1.309397933498857,over,0.0633060165480035,FALSE,0.254375,top 5%,TRUE,-0.030958169282341706
Cairns Taipans v Tasmania JackJumpers,Jaylon Brown,Cairns Taipans,Player Rebounds,5.5,Pointsbet,7,NA,3.548250000000001,26.27110691744886,0.179,NA,0.1516092170039822,blend: book price,6.5959050495837195,1.1787021029019051,over,0.06126451902787533,FALSE,NA,price > 6,FALSE,-0.5387411371602528
Cairns Taipans v Tasmania JackJumpers,Dakota Mathias,Tasmania JackJumpers,Player Rebounds,3.5,Pointsbet,1.95,1.8,4.794000000000001,33.7302846071562,0.66175,0.508,0.5422579098537746,blend: two-way consensus,1.8441409186076423,2.184636330210645,over,0.057402924214860596,FALSE,NA,NA,FALSE,NA
Cairns Taipans v Tasmania JackJumpers,Nick Marshall,Tasmania JackJumpers,Player Points,10.5,Pointsbet,1.83,1.91,9.486749999999988,27.94522393186349,0.368,0.5147058823529411,0.4465308706219892,blend: two-way consensus,2.239486821162137,1.806785504231828,under,0.05712603711200037,FALSE,NA,NA,FALSE,NA
Perth Wildcats v Adelaide 36ers,Elijah Pepper,Perth Wildcats,Player Rebounds,2.5,BetRight,1.55,NA,4.124500000000002,32.473449223538,0.74725,NA,0.6813649110293012,blend: book price,1.4676423511292267,3.1383863065123956,over,0.056115612095416934,FALSE,0.15823750000000003,top 5%,FALSE,-0.030958169282341706
Cairns Taipans v Tasmania JackJumpers,Keanu Pinder,Cairns Taipans,Player Threes,1.5,Pointsbet,3,1.35,1.0175000000000005,25.975269438688255,0.26875,0.31373722860791825,0.21802920031791048,blend: two-way consensus,4.58654161250828,1.278820130376416,under,0.055660579570820934,FALSE,NA,NA,FALSE,NA
Cairns Taipans v Tasmania JackJumpers,Jaylon Brown,Cairns Taipans,Player Assists,4.5,Sportsbet,1.85,1.88,3.9592500000000004,26.27110691744886,0.352,0.5020107238605898,0.4386467200130329,blend: two-way consensus,2.27973892058349,1.7814093827388287,under,0.055344166375498105,FALSE,NA,NA,FALSE,NA
Cairns Taipans v Tasmania JackJumpers,Nick Marshall,Tasmania JackJumpers,Player Assists,5.5,Pointsbet,9.5,NA,2.9335,27.94522393186349,0.10625,NA,0.1107028565667378,blend: book price,9.033190569903178,1.1244835400452915,over,0.05167713738400903,FALSE,NA,price > 6,FALSE,-0.5387411371602528
Cairns Taipans v Tasmania JackJumpers,Dakota Mathias,Tasmania JackJumpers,Player Points,19.5,Pointsbet,6,NA,14.764500000000002,33.7302846071562,0.2405,NA,0.17514503170004522,blend: book price,5.709553906802267,1.2123343356481482,over,0.05087019020027128,FALSE,0.44300000000000006,top 5%,FALSE,-0.030958169282341706
Cairns Taipans v Tasmania JackJumpers,Jaylon Brown,Cairns Taipans,Player Assists,4.5,Pointsbet,1.87,1.87,3.9592500000000004,26.27110691744886,0.352,0.5020107238605898,0.4386467200130329,blend: two-way consensus,2.27973892058349,1.7814093827388287,under,0.04973063357562868,FALSE,NA,NA,FALSE,NA
Brisbane Bullets v Illawarra Hawks,William Hickey,Illawarra Hawks,Player Steals,1.5,Sportsbet,2.85,NA,1.3869999999999996,33.74068844496633,0.3925,NA,0.3665247886763679,blend: book price,2.728328426601931,1.5785937352000288,over,0.04459564772764857,FALSE,0.11862499999999998,top 5%,FALSE,-0.030958169282341706
Cairns Taipans v Tasmania JackJumpers,Malique Lewis,Cairns Taipans,Player PRAs,18.5,Sportsbet,1.81,1.89,17.34675000000001,27.57509697673598,0.385,0.5108108108108108,0.4493171544637355,blend: two-way consensus,2.225599423626525,1.8159272766635444,under,0.040790578063539806,FALSE,NA,NA,FALSE,NA
Cairns Taipans v Tasmania JackJumpers,Malique Lewis,Cairns Taipans,Player Rebounds,7.5,TAB,4,NA,6.167749999999998,27.57509697673598,0.30375,NA,0.2599904340120165,blend: book price,3.8462953600584435,1.3513338826436716,over,0.039961736048065966,FALSE,0.21500000000000008,top 5%,FALSE,-0.030958169282341706
Cairns Taipans v Tasmania JackJumpers,Will Magnay,Tasmania JackJumpers,Player Rebounds,6.5,Pointsbet,1.7,2.05,6.924249999999999,26.254847578198834,0.5125,0.5432801418439716,0.4951093045180822,blend: two-way consensus,2.0197560233156118,1.9806267157399302,under,0.035025925737931285,FALSE,NA,NA,FALSE,NA
Cairns Taipans v Tasmania JackJumpers,Taran Armstrong,Tasmania JackJumpers,Player Rebounds,4.5,Sportsbet,1.85,1.88,4.5025,29.88892484187663,0.4515,0.5020107238605898,0.45087194599324804,blend: two-way consensus,2.217924643319847,1.821068861267292,under,0.03236074153269364,FALSE,NA,NA,FALSE,NA
Cairns Taipans v Tasmania JackJumpers,Dakota Mathias,Tasmania JackJumpers,Player Points,19.5,Sportsbet,5.8,NA,14.764500000000002,33.7302846071562,0.2405,NA,0.1779858699256179,blend: book price,5.618423532260792,1.2165241002724763,over,0.032318045568583864,FALSE,0.3948999999999998,top 5%,FALSE,-0.030958169282341706
Brisbane Bullets v Illawarra Hawks,William Hickey,Illawarra Hawks,Player Rebounds,9.5,Sportsbet,5.1,NA,7.2414999999999985,33.74068844496633,0.23575,NA,0.20188404043835342,blend: book price,4.953338549340934,1.2529507623794858,over,0.029608606235602464,FALSE,0.20232499999999987,top 5%,FALSE,-0.030958169282341706
Cairns Taipans v Tasmania JackJumpers,Keanu Pinder,Cairns Taipans,Player PRAs,26.5,Sportsbet,1.83,1.87,25.965,25.975269438688255,0.4375,0.5054054054054055,0.4494901126092417,blend: two-way consensus,2.2247430409427866,1.8164978012287514,under,0.029453489420718126,FALSE,NA,NA,FALSE,NA
Cairns Taipans v Tasmania JackJumpers,Dakota Mathias,Tasmania JackJumpers,Player Assists,1.5,Sportsbet,1.78,NA,2.03325,33.7302846071562,0.56175,NA,0.5770281064225942,blend: book price,1.7330178354737487,2.364223285718145,over,0.02711002943221774,FALSE,-8.500000000000174e-5,top 10%,FALSE,-0.07343903716601449
Cairns Taipans v Tasmania JackJumpers,Taran Armstrong,Tasmania JackJumpers,Player Rebounds,4.5,Pointsbet,1.87,1.87,4.5025,29.88892484187663,0.4515,0.5020107238605898,0.45087194599324804,blend: two-way consensus,2.217924643319847,1.821068861267292,under,0.026869460992626326,FALSE,NA,NA,FALSE,NA
Cairns Taipans v Tasmania JackJumpers,Will Magnay,Tasmania JackJumpers,Player Rebounds,6.5,Sportsbet,1.73,2.03,6.924249999999999,26.254847578198834,0.5125,0.5432801418439716,0.4951093045180822,blend: two-way consensus,2.0197560233156118,1.9806267157399302,under,0.02492811182829291,FALSE,NA,NA,FALSE,NA
South East Melbourne Phoenix v Melbourne United,Skylar Mays,South East Melbourne Phoenix,Player Rebounds,5.5,Sportsbet,4.5,NA,4.172250000000001,26.884292778390584,0.265,NA,0.2276025354883463,blend: book price,4.393624165277377,1.2946702260762177,over,0.024211409697558306,FALSE,0.19250000000000012,top 5%,FALSE,-0.030958169282341706
Cairns Taipans v Tasmania JackJumpers,David Johnson,Tasmania JackJumpers,Player Assists,3.5,TAB,3.3,NA,2.6985,24.54132940151298,0.29675,NA,0.30991036910293196,blend: book price,3.2267394049918523,1.449087126117328,over,0.022704218039675483,FALSE,-0.020724999999999993,top 10%,FALSE,-0.07343903716601449
Cairns Taipans v Tasmania JackJumpers,Malique Lewis,Cairns Taipans,Player Rebounds,9.5,TAB,9,NA,6.167749999999998,27.57509697673598,0.13175,NA,0.11355349765798278,blend: book price,8.806421824292439,1.1280996623687625,over,0.0219814789218451,FALSE,NA,price > 6,FALSE,-0.5387411371602528
South East Melbourne Phoenix v Melbourne United,Chris Goulding,Melbourne United,Player Points,14.5,Sportsbet,2.95,NA,14.485249999999995,26.822970870898306,0.43225,NA,0.34634457503711114,blend: book price,2.887298003420002,1.5298580288793209,over,0.02171649635947781,FALSE,0.27513750000000003,top 5%,FALSE,-0.030958169282341706
Cairns Taipans v Tasmania JackJumpers,Keanu Pinder,Cairns Taipans,Player Points,17.5,Pointsbet,1.87,1.87,16.92150000000001,25.975269438688255,0.41025,0.5,0.45482789438269694,blend: two-way consensus,2.198633840075318,1.8342831368228045,under,0.019471837504356992,FALSE,NA,NA,FALSE,NA
Cairns Taipans v Tasmania JackJumpers,Dakota Mathias,Tasmania JackJumpers,Player PRAs,18.5,Sportsbet,1.95,1.79,21.591750000000005,33.7302846071562,0.59125,0.4786096256684492,0.43071107433465655,blend: two-way consensus,2.321742020552306,1.756577293034943,under,0.019027176940964896,FALSE,NA,NA,FALSE,NA
Brisbane Bullets v Illawarra Hawks,Kelan Martin,Illawarra Hawks,Player Assists,1.5,Sportsbet,2.35,NA,1.5367500000000005,25.31577048270224,0.41625,NA,0.4326511085036255,blend: book price,2.311331186596556,1.7625838615151155,over,0.01673010498352001,FALSE,-0.0218124999999999,top 10%,FALSE,-0.07343903716601449
South East Melbourne Phoenix v Melbourne United,Joe Ingles,Melbourne United,Player Rebounds,5.5,TAB,4.5,NA,4.154000000000002,22.38714552634611,0.26175,NA,0.22554163352486406,blend: book price,4.433771203886215,1.2912249945098955,over,0.014937350861888188,FALSE,0.177875,top 5%,FALSE,-0.030958169282341706
South East Melbourne Phoenix v Melbourne United,Sam Waardenburg,Melbourne United,Player Rebounds,7.5,Sportsbet,10.5,NA,4.382750000000001,24.340010909179398,0.1115,NA,0.09663700883003483,blend: book price,10.348002407222681,1.1069747264107843,over,0.014688592715365711,FALSE,NA,price > 6,FALSE,-0.5387411371602528
Cairns Taipans v Tasmania JackJumpers,David Johnson,Tasmania JackJumpers,Player Assists,2.5,Pointsbet,2.2,1.62,2.6985,24.54132940151298,0.477,0.4453752181500873,0.46067298905523685,blend: two-way consensus,2.170737212205197,1.8541626503153539,over,0.013480575921521076,FALSE,NA,NA,FALSE,NA
Cairns Taipans v Tasmania JackJumpers,Will Magnay,Tasmania JackJumpers,Player Points,10.5,Sportsbet,1.82,1.91,13.014500000000002,26.254847578198834,0.57575,0.5160321715817694,0.5556716099672584,blend: two-way consensus,1.7996240622387072,2.25058767891539,over,0.011322330140410397,FALSE,NA,NA,FALSE,NA
Cairns Taipans v Tasmania JackJumpers,Nick Marshall,Tasmania JackJumpers,Player Assists,3.5,Pointsbet,2.85,NA,2.9335,27.94522393186349,0.3375,NA,0.35327803226529525,blend: book price,2.8306317083680055,1.5462595209232406,over,0.006842391956091598,FALSE,-0.03812499999999985,top 10%,FALSE,-0.07343903716601449
Cairns Taipans v Tasmania JackJumpers,Malique Lewis,Cairns Taipans,Player Assists,2.5,Sportsbet,2.61,1.45,1.6330000000000005,27.57509697673598,0.2375,0.3906133133881825,0.30694917908753916,blend: two-way consensus,3.257868299151922,1.442895628755499,under,0.004923690323068275,FALSE,NA,NA,FALSE,NA
South East Melbourne Phoenix v Melbourne United,Jordan Hunter,South East Melbourne Phoenix,Player Rebounds,7.5,Sportsbet,4.5,NA,5.537749999999999,16.24806469641585,0.25775,NA,0.22300078222120634,blend: book price,4.484289203111614,1.28700258265214,over,0.003503519995428528,FALSE,0.159875,top 5%,FALSE,-0.030958169282341706
South East Melbourne Phoenix v Melbourne United,Tanner Krebs,South East Melbourne Phoenix,Player Rebounds,2.5,BetRight,1.75,NA,3.3715,25.634747615826885,0.63125,NA,0.5724484743283618,blend: book price,1.7468821122691833,2.3388993839493515,over,0.001784830074633037,FALSE,0.10468750000000004,top 5%,FALSE,-0.030958169282341706
Cairns Taipans v Tasmania JackJumpers,Dakota Mathias,Tasmania JackJumpers,Player Points,14.5,BetRight,2.75,NA,14.764500000000002,33.7302846071562,0.4445,NA,0.36423133487227133,blend: book price,2.745507879904622,1.5728991610479823,over,0.0016361708987462364,FALSE,0.222375,top 5%,FALSE,-0.030958169282341706
Cairns Taipans v Tasmania JackJumpers,Will Magnay,Tasmania JackJumpers,Player Points,10.5,Pointsbet,1.8,1.95,13.014500000000002,26.254847578198834,0.57575,0.5160321715817694,0.5556716099672584,blend: two-way consensus,1.7996240622387072,2.25058767891539,over,2.088979410650449e-4,FALSE,NA,NA,FALSE,NA
Brisbane Bullets v Illawarra Hawks,Arnas Velicka,Brisbane Bullets,Player Rebounds,5.5,Sportsbet,3.25,NA,4.7654999999999985,31.485242480604562,0.352,NA,0.3071165948377261,blend: book price,3.2560923662506056,1.4432442638250214,over,-0.00187106677739024,FALSE,0.1439999999999999,top 5%,FALSE,-0.030958169282341706
Cairns Taipans v Tasmania JackJumpers,Will Magnay,Tasmania JackJumpers,Player PRAs,21.5,BetRight,2.4,NA,22.005000000000003,26.254847578198834,0.46875,NA,0.41584540419383237,blend: book price,2.4047398141591185,1.7118756013892886,over,-0.0019710299348023597,FALSE,0.125,top 5%,FALSE,-0.030958169282341706
Cairns Taipans v Tasmania JackJumpers,David Johnson,Tasmania JackJumpers,Player Rebounds,4.5,Sportsbet,2.2,1.62,3.889500000000001,24.54132940151298,0.35,0.4520418848167539,0.3858368159004949,blend: two-way consensus,2.591769263039674,1.6282317564609712,under,-0.005055641758801688,FALSE,NA,NA,FALSE,NA
Cairns Taipans v Tasmania JackJumpers,Will Magnay,Tasmania JackJumpers,Player Points,11.5,BetRight,2.25,NA,13.014500000000002,26.254847578198834,0.52075,NA,0.44170366749567963,blend: book price,2.2639612789943184,1.7911634767764866,over,-0.006166748134720845,FALSE,0.1716875,top 5%,FALSE,-0.030958169282341706
Brisbane Bullets v Illawarra Hawks,William Hickey,Illawarra Hawks,Player Rebounds,7.5,Sportsbet,2.6,NA,7.2414999999999985,33.74068844496633,0.433,NA,0.381897068012448,blend: book price,2.6185066180382535,1.6178535131429195,over,-0.007067623167635206,FALSE,0.12580000000000013,top 5%,FALSE,-0.030958169282341706
Cairns Taipans v Tasmania JackJumpers,Will Magnay,Tasmania JackJumpers,Player Points,24.5,Pointsbet,19,NA,13.014500000000002,26.254847578198834,0.073,NA,0.052236418069428144,blend: book price,19.143732226640928,1.05511545185459,over,-0.007508056680865294,FALSE,NA,price > 6,FALSE,-0.5387411371602528
Cairns Taipans v Tasmania JackJumpers,Dakota Mathias,Tasmania JackJumpers,Player Threes,2.5,Sportsbet,2.42,1.52,2.77425,33.7302846071562,0.4845,0.38276681873674745,0.34809882557180816,blend: two-way consensus,2.872747411190887,1.5339748403999107,under,-0.009110214869148425,FALSE,NA,NA,FALSE,NA
Cairns Taipans v Tasmania JackJumpers,Will Magnay,Tasmania JackJumpers,Player Points,14.5,TAB,3.5,NA,13.014500000000002,26.254847578198834,0.353,NA,0.2828819305248316,blend: book price,3.535043748268747,1.394470509900639,over,-0.00991324316308928,FALSE,0.23550000000000004,top 5%,FALSE,-0.030958169282341706
Perth Wildcats v Adelaide 36ers,Isaac White,Adelaide 36ers,Player Rebounds,3.5,Sportsbet,5.8,NA,2.1275,15.999257515431703,0.196,NA,0.17040097554660402,blend: book price,5.868511003486033,1.205401610324792,over,-0.011674341829696733,FALSE,0.13680000000000003,top 5%,FALSE,-0.030958169282341706
Cairns Taipans v Tasmania JackJumpers,Dakota Mathias,Tasmania JackJumpers,Player Points,4.5,TAB,1.05,NA,14.764500000000002,33.7302846071562,0.9445,NA,0.940522728338287,blend: book price,1.0632385266933393,16.813145123530013,over,-0.012451135244798572,FALSE,-0.008274999999999921,top 10%,FALSE,-0.07343903716601449
Cairns Taipans v Tasmania JackJumpers,Malique Lewis,Cairns Taipans,Player Rebounds,6.5,BetRight,2.63,NA,6.167749999999998,27.57509697673598,0.42525,NA,0.3754793892793819,blend: book price,2.663262028627443,1.6012281785962614,over,-0.012489206195225644,FALSE,0.1184075,top 5%,FALSE,-0.030958169282341706
Cairns Taipans v Tasmania JackJumpers,Malique Lewis,Cairns Taipans,Player Rebounds,5.5,Pointsbet,2.1,NA,6.167749999999998,27.57509697673598,0.54875,0.4568783068783069,0.46971279025517093,blend: two-way consensus,2.1289605493960493,1.8857705440061319,over,-0.013603140464141017,FALSE,0.15237499999999993,top 5%,FALSE,-0.030958169282341706
South East Melbourne Phoenix v Melbourne United,Chris Goulding,Melbourne United,Player Rebounds,3.5,Sportsbet,8,NA,1.9397499999999985,26.822970870898306,0.14125,NA,0.12325913156146649,blend: book price,8.11298917436655,1.1405878703715384,over,-0.013926947508268062,FALSE,NA,price > 6,FALSE,-0.5387411371602528
South East Melbourne Phoenix v Melbourne United,Chris Goulding,Melbourne United,Player Points,14.5,TAB,2.75,NA,14.485249999999995,26.822970870898306,0.43225,NA,0.3581623792618729,blend: book price,2.792029699101488,1.5580264660241923,over,-0.015053457029849504,FALSE,0.18868750000000012,top 5%,FALSE,-0.030958169282341706
South East Melbourne Phoenix v Melbourne United,Chris Goulding,Melbourne United,Player Points,4.5,Sportsbet,1.05,NA,14.485249999999995,26.822970870898306,0.94,NA,0.9380284556477837,blend: book price,1.0660657403078673,16.13643827103103,over,-0.015070121569827122,FALSE,-0.013000000000000012,top 10%,FALSE,-0.07343903716601449
South East Melbourne Phoenix v Melbourne United,Chris Goulding,Melbourne United,Player Points,4.5,TAB,1.05,NA,14.485249999999995,26.822970870898306,0.94,NA,0.9380284556477837,blend: book price,1.0660657403078673,16.13643827103103,over,-0.015070121569827122,FALSE,-0.013000000000000012,top 10%,FALSE,-0.07343903716601449
Cairns Taipans v Tasmania JackJumpers,Dakota Mathias,Tasmania JackJumpers,Player Points,4.5,BetRight,1.04,NA,14.764500000000002,33.7302846071562,0.9445,NA,0.9462239459907363,blend: book price,1.0568322691865062,18.595637378446106,over,-0.01592709616963417,FALSE,-0.017719999999999958,top 10%,FALSE,-0.07343903716601449
Cairns Taipans v Tasmania JackJumpers,Will Magnay,Tasmania JackJumpers,Player Points,14.5,Sportsbet,3.45,NA,13.014500000000002,26.254847578198834,0.353,NA,0.2848477340346085,blend: book price,3.51064755136336,1.398303616713134,over,-0.017275317580600635,FALSE,0.2178500000000001,top 5%,FALSE,-0.030958169282341706
South East Melbourne Phoenix v Melbourne United,D'Shawn Schwartz,South East Melbourne Phoenix,Player Assists,1.5,Sportsbet,1.88,NA,1.8319999999999996,20.73353339436755,0.5005,NA,0.5225559436636946,blend: book price,1.9136707028703854,2.094486226666131,over,-0.01759482591225414,FALSE,-0.05906000000000011,top 20%,FALSE,-0.09881761565983094
Cairns Taipans v Tasmania JackJumpers,Malique Lewis,Cairns Taipans,Player Rebounds,5.5,Sportsbet,2.09,1.69,6.167749999999998,27.57509697673598,0.54875,0.4568783068783069,0.46971279025517093,blend: two-way consensus,2.1289605493960493,1.8857705440061319,over,-0.01830026836669285,FALSE,NA,NA,FALSE,NA
Cairns Taipans v Tasmania JackJumpers,Dakota Mathias,Tasmania JackJumpers,Player Points,4.5,Sportsbet,1.03,NA,14.764500000000002,33.7302846071562,0.9445,NA,0.9528153410472384,blend: book price,1.049521304832163,21.193328980106422,over,-0.01860019872134444,FALSE,-0.027164999999999995,top 10%,FALSE,-0.07343903716601449
Cairns Taipans v Tasmania JackJumpers,Dakota Mathias,Tasmania JackJumpers,Player Points,12.5,Sportsbet,1.89,1.84,14.764500000000002,33.7302846071562,0.541,0.4966487935656837,0.5188954484447718,blend: two-way consensus,1.9271704984061626,2.0785502792841597,over,-0.019287602439381435,FALSE,NA,NA,FALSE,NA
South East Melbourne Phoenix v Melbourne United,Chris Goulding,Melbourne United,Player Points,9.5,Sportsbet,1.51,NA,14.485249999999995,26.822970870898306,0.70675,NA,0.6492993769562133,blend: book price,1.5401216072126878,2.8514349114091684,over,-0.019557940796117834,FALSE,0.06719249999999999,top 5%,FALSE,-0.030958169282341706
Cairns Taipans v Tasmania JackJumpers,Keanu Pinder,Cairns Taipans,Player Points,16.5,Sportsbet,1.79,1.95,16.92150000000001,25.975269438688255,0.45375,0.5213903743315508,0.49833362881135995,blend: two-way consensus,2.0066877733803143,1.9933566558001816,under,-0.021750576182152037,FALSE,NA,NA,FALSE,NA
Cairns Taipans v Tasmania JackJumpers,Dakota Mathias,Tasmania JackJumpers,Player Threes,2.5,Pointsbet,2.45,1.5,2.77425,33.7302846071562,0.4845,0.38276681873674745,0.34809882557180816,blend: two-way consensus,2.872747411190887,1.5339748403999107,under,-0.02214823835771229,FALSE,NA,NA,FALSE,NA
Cairns Taipans v Tasmania JackJumpers,Nick Marshall,Tasmania JackJumpers,Player Assists,2.5,Sportsbet,1.89,1.84,2.9335,27.94522393186349,0.523,0.4966487935656837,0.5170755464951607,blend: two-way consensus,1.9339533783374514,2.0707172576217023,over,-0.02272721712414627,FALSE,NA,NA,FALSE,NA
Cairns Taipans v Tasmania JackJumpers,Will Magnay,Tasmania JackJumpers,Player PRAs,19.5,Sportsbet,1.8,1.93,22.005000000000003,26.254847578198834,0.5725,0.517426273458445,0.49377930080175575,blend: two-way consensus,2.025196273671835,1.9754229757570296,under,-0.022994050547388567,FALSE,NA,NA,FALSE,NA
Cairns Taipans v Tasmania JackJumpers,Dakota Mathias,Tasmania JackJumpers,Player Threes,4.5,Pointsbet,8.5,NA,2.77425,33.7302846071562,0.179,NA,0.11493752928917067,blend: book price,8.700378424562318,1.1298637475802806,over,-0.02303100104204936,FALSE,NA,price > 6,FALSE,-0.5387411371602528
Cairns Taipans v Tasmania JackJumpers,Will Magnay,Tasmania JackJumpers,Player Points,4.5,BetRight,1.06,NA,13.014500000000002,26.254847578198834,0.9185,NA,0.9209780003933237,blend: book price,1.0858022662570965,12.654703816372587,over,-0.02376331958307687,FALSE,-0.026389999999999914,top 10%,FALSE,-0.07343903716601449
South East Melbourne Phoenix v Melbourne United,Nathan Sobey,South East Melbourne Phoenix,Player Rebounds,5.5,TAB,4,NA,4.252500000000001,28.095023263042446,0.27875,NA,0.2439612696108698,blend: book price,4.099011296321949,1.3226835607817393,over,-0.02415492155652077,FALSE,0.11499999999999999,top 5%,TRUE,-0.030958169282341706
South East Melbourne Phoenix v Melbourne United,Tanner Krebs,South East Melbourne Phoenix,Player Points,14.5,Sportsbet,4.7,NA,11.3,25.634747615826885,0.264,NA,0.20758085815712982,blend: book price,4.8173998743325495,1.2619584096294978,over,-0.024369966661489828,FALSE,0.24080000000000013,top 5%,FALSE,-0.030958169282341706
South East Melbourne Phoenix v Melbourne United,Tanner Krebs,South East Melbourne Phoenix,Player Points,14.5,TAB,4.7,NA,11.3,25.634747615826885,0.264,NA,0.20758085815712982,blend: book price,4.8173998743325495,1.2619584096294978,over,-0.024369966661489828,FALSE,0.24080000000000013,top 5%,FALSE,-0.030958169282341706
Cairns Taipans v Tasmania JackJumpers,Will Magnay,Tasmania JackJumpers,Player Points,14.5,Pointsbet,3.4,NA,13.014500000000002,26.254847578198834,0.353,NA,0.2868625243449279,blend: book price,3.4859903791322164,1.40225417137337,over,-0.02466741722724508,FALSE,0.20019999999999993,top 5%,FALSE,-0.030958169282341706
Cairns Taipans v Tasmania JackJumpers,Will Magnay,Tasmania JackJumpers,Player Points,4.5,Sportsbet,1.05,NA,13.014500000000002,26.254847578198834,0.9185,NA,0.9271004544148205,blend: book price,1.0786317655633049,13.717506631526932,over,-0.026544522864438425,FALSE,-0.03557500000000002,top 10%,FALSE,-0.07343903716601449
Cairns Taipans v Tasmania JackJumpers,Will Magnay,Tasmania JackJumpers,Player Points,4.5,TAB,1.05,NA,13.014500000000002,26.254847578198834,0.9185,NA,0.9271004544148205,blend: book price,1.0786317655633049,13.717506631526932,over,-0.026544522864438425,FALSE,-0.03557500000000002,top 10%,FALSE,-0.07343903716601449
Cairns Taipans v Tasmania JackJumpers,Nick Marshall,Tasmania JackJumpers,Player Assists,1.5,Sportsbet,1.27,NA,2.9335,27.94522393186349,0.744,NA,0.7661759609947392,blend: book price,1.3051832097442513,4.276720239091845,over,-0.026956529536681262,FALSE,-0.05511999999999995,top 20%,FALSE,-0.09881761565983094
South East Melbourne Phoenix v Melbourne United,Joe Ingles,Melbourne United,Player Rebounds,4.5,BetRight,2.8,NA,4.154000000000002,22.38714552634611,0.39275,NA,0.3474491029270772,blend: book price,2.8781193895034476,1.5324475140339124,over,-0.027142511804183922,FALSE,0.0996999999999999,top 5%,FALSE,-0.030958169282341706
Cairns Taipans v Tasmania JackJumpers,Dakota Mathias,Tasmania JackJumpers,Player Points,12.5,Pointsbet,1.87,1.87,14.764500000000002,33.7302846071562,0.541,0.4966487935656837,0.5188954484447718,blend: two-way consensus,1.9271704984061626,2.0785502792841597,over,-0.02966551140827678,FALSE,NA,NA,FALSE,NA
South East Melbourne Phoenix v Melbourne United,Tanner Krebs,South East Melbourne Phoenix,Player Points,4.5,BetRight,1.11,NA,11.3,25.634747615826885,0.87975,NA,0.8740414925436445,blend: book price,1.1441104438758276,7.939122336349524,over,-0.02981394327655451,FALSE,-0.02347749999999993,top 10%,FALSE,-0.07343903716601449
South East Melbourne Phoenix v Melbourne United,Tanner Krebs,South East Melbourne Phoenix,Player Points,4.5,Sportsbet,1.11,NA,11.3,25.634747615826885,0.87975,NA,0.8740414925436445,blend: book price,1.1441104438758276,7.939122336349524,over,-0.02981394327655451,FALSE,-0.02347749999999993,top 10%,FALSE,-0.07343903716601449
Perth Wildcats v Adelaide 36ers,Elijah Pepper,Perth Wildcats,Player PRAs,9.5,BetRight,1.01,NA,20.162,32.473449223538,0.9385,NA,0.9595297132705585,blend: book price,1.0421772105331668,24.709486411236988,over,-0.030874989596735958,FALSE,-0.05211500000000002,top 20%,FALSE,-0.09881761565983094
Brisbane Bullets v Illawarra Hawks,William Hickey,Illawarra Hawks,Player Steals,0.5,Sportsbet,1.35,NA,1.3869999999999996,33.74068844496633,0.72775,NA,0.7172684356684423,blend: book price,1.3941781769165296,3.536923803906471,over,-0.031687611847602826,FALSE,-0.017537499999999873,top 10%,FALSE,-0.07343903716601449
Cairns Taipans v Tasmania JackJumpers,Nick Marshall,Tasmania JackJumpers,Player Assists,2.5,Pointsbet,1.87,1.87,2.9335,27.94522393186349,0.523,0.4966487935656837,0.5170755464951607,blend: two-way consensus,1.9339533783374514,2.0707172576217023,over,-0.03306872805404937,FALSE,NA,NA,FALSE,NA
South East Melbourne Phoenix v Melbourne United,Tanner Krebs,South East Melbourne Phoenix,Player Points,4.5,TAB,1.1,NA,11.3,25.634747615826885,0.87975,NA,0.8789789312129265,blend: book price,1.1376836969460387,8.263024033934261,over,-0.033123175665780824,FALSE,-0.03227499999999983,top 10%,FALSE,-0.07343903716601449
South East Melbourne Phoenix v Melbourne United,Joe Ingles,Melbourne United,Player Rebounds,3.5,Sportsbet,1.93,NA,4.154000000000002,22.38714552634611,0.55225,NA,0.5007584452817824,blend: book price,1.9969708138168072,2.003038390032298,over,-0.03353620060616003,FALSE,0.06584250000000003,top 5%,FALSE,-0.030958169282341706
Cairns Taipans v Tasmania JackJumpers,Jaylon Brown,Cairns Taipans,Player Assists,7.5,Pointsbet,8.5,NA,3.9592500000000004,26.27110691744886,0.1065,NA,0.11362845459499626,blend: book price,8.80061251879453,1.1281950612968705,over,-0.03415813594253181,FALSE,NA,price > 6,FALSE,-0.5387411371602528
Cairns Taipans v Tasmania JackJumpers,Will Magnay,Tasmania JackJumpers,Player Points,9.5,BetRight,1.65,NA,13.014500000000002,26.254847578198834,0.6425,NA,0.5853437182447487,blend: book price,1.7083979358293409,2.4116359597085397,over,-0.03418286489616462,FALSE,0.060124999999999984,top 5%,FALSE,-0.030958169282341706
Cairns Taipans v Tasmania JackJumpers,Nick Marshall,Tasmania JackJumpers,Player Threes,0.5,Pointsbet,1.45,2.65,1.214000000000001,27.94522393186349,0.6705,0.6424776624003864,0.6358250880486205,blend: two-way consensus,1.5727595824648108,2.7459332512545744,under,-0.03493648332884425,FALSE,NA,NA,FALSE,NA
Perth Wildcats v Adelaide 36ers,Nick Rakocevic,Adelaide 36ers,Player Points,4.5,Sportsbet,1.02,NA,11.922000000000002,24.432875676252536,0.89575,NA,0.944703995860882,blend: book price,1.0585326243790556,18.084489387047263,over,-0.03640192422190025,FALSE,-0.08633499999999994,top 20%,FALSE,-0.09881761565983094
Cairns Taipans v Tasmania JackJumpers,Malique Lewis,Cairns Taipans,Player Rebounds,5.5,Sportsbet,2.05,NA,6.167749999999998,27.57509697673598,0.54875,0.4568783068783069,0.46971279025517093,blend: two-way consensus,2.1289605493960493,1.8857705440061319,over,-0.03708877997689963,FALSE,0.12493749999999992,top 5%,FALSE,-0.030958169282341706
Cairns Taipans v Tasmania JackJumpers,Malique Lewis,Cairns Taipans,Player Rebounds,5.5,TAB,2.05,NA,6.167749999999998,27.57509697673598,0.54875,0.4568783068783069,0.46971279025517093,blend: two-way consensus,2.1289605493960493,1.8857705440061319,over,-0.03708877997689963,FALSE,0.12493749999999992,top 5%,FALSE,-0.030958169282341706
Cairns Taipans v Tasmania JackJumpers,Nick Marshall,Tasmania JackJumpers,Player Assists,2.5,BetRight,1.86,NA,2.9335,27.94522393186349,0.523,0.4966487935656837,0.5170755464951607,blend: two-way consensus,1.9339533783374514,2.0707172576217023,over,-0.03823948351900097,FALSE,-0.02721999999999991,top 10%,FALSE,-0.07343903716601449
Cairns Taipans v Tasmania JackJumpers,Nick Marshall,Tasmania JackJumpers,Player Assists,1.5,TAB,1.25,NA,2.9335,27.94522393186349,0.744,NA,0.7691706686095069,blend: book price,1.3001015779863034,4.332205071063104,over,-0.038536664238116414,FALSE,-0.07000000000000006,top 20%,FALSE,-0.09881761565983094
Cairns Taipans v Tasmania JackJumpers,Dakota Mathias,Tasmania JackJumpers,Player Points,7.5,BetRight,1.18,NA,14.764500000000002,33.7302846071562,0.828,NA,0.8146021465775818,blend: book price,1.2275931314462367,5.393805707780005,over,-0.03876946703845352,FALSE,-0.02296000000000009,top 10%,FALSE,-0.07343903716601449
South East Melbourne Phoenix v Melbourne United,Chris Goulding,Melbourne United,Player Points,9.5,TAB,1.45,NA,14.485249999999995,26.822970870898306,0.70675,NA,0.6628165917404539,blend: book price,1.5087129870635172,2.965744978858072,over,-0.03891594197634185,FALSE,0.024787499999999962,top 10%,FALSE,-0.07343903716601449
Cairns Taipans v Tasmania JackJumpers,Keanu Pinder,Cairns Taipans,Player Assists,1.5,Sportsbet,1.53,NA,2.159500000000001,25.975269438688255,0.6015,NA,0.62799900532416,blend: book price,1.5923592100019663,2.688164855234851,over,-0.03916152185403521,FALSE,-0.07970499999999991,top 20%,FALSE,-0.09881761565983094
Cairns Taipans v Tasmania JackJumpers,Will Magnay,Tasmania JackJumpers,Player Points,7.5,BetRight,1.3,NA,13.014500000000002,26.254847578198834,0.7655,NA,0.7369828346956977,blend: book price,1.356883705999615,3.802033220314851,over,-0.04192231489559295,FALSE,-0.004850000000000021,top 10%,FALSE,-0.07343903716601449
Cairns Taipans v Tasmania JackJumpers,Jaylon Brown,Cairns Taipans,Player Rebounds,2.5,Sportsbet,1.78,1.95,3.548250000000001,26.27110691744886,0.6315,0.5280607685433423,0.5380566457436861,blend: two-way consensus,1.8585403747180362,2.1647675862983404,over,-0.04225917057623885,FALSE,NA,NA,FALSE,NA
Perth Wildcats v Adelaide 36ers,Zylan Cheatham,Adelaide 36ers,Player Points,19.5,Sportsbet,5,NA,14.8875,34.99983282334774,0.24125,NA,0.19145004400647517,blend: book price,5.223294699092252,1.236781960826683,over,-0.04274977996762419,FALSE,0.20625000000000004,top 5%,FALSE,-0.030958169282341706
Cairns Taipans v Tasmania JackJumpers,Reyne Smith,Cairns Taipans,Player Rebounds,3.5,Sportsbet,5.3,NA,2.257,20.32192545736321,0.20525,NA,0.18060000033078835,blend: book price,5.537098550212582,1.2204051750106124,over,-0.04281999824682181,FALSE,0.08782499999999982,top 5%,FALSE,-0.030958169282341706
Brisbane Bullets v Illawarra Hawks,Tyrell Harrison,Brisbane Bullets,Player Assists,1.5,Sportsbet,1.86,NA,1.7189999999999996,27.622759933796313,0.48825,NA,0.514170549531313,blend: book price,1.9448799642677705,2.0583354900269732,over,-0.04364277787175774,FALSE,-0.09185499999999991,top 20%,FALSE,-0.09881761565983094
South East Melbourne Phoenix v Melbourne United,Joe Ingles,Melbourne United,Player Rebounds,3.5,TAB,1.9,NA,4.154000000000002,22.38714552634611,0.55225,NA,0.5029942287855521,blend: book price,1.9880943811511258,2.012049070489607,over,-0.044310965307451045,FALSE,0.04927499999999996,top 5%,FALSE,-0.030958169282341706
Cairns Taipans v Tasmania JackJumpers,Dakota Mathias,Tasmania JackJumpers,Player Points,19.5,TAB,5,NA,14.764500000000002,33.7302846071562,0.2405,NA,0.19111463741692897,blend: book price,5.232461592245471,1.2362691257097658,over,-0.04442681291535511,FALSE,0.2024999999999999,top 5%,FALSE,-0.030958169282341706
South East Melbourne Phoenix v Melbourne United,Sam Waardenburg,Melbourne United,Player Assists,1.5,Sportsbet,1.61,NA,2.013000000000001,24.340010909179398,0.56525,NA,0.592770329464454,blend: book price,1.6869940182455876,2.455616749842673,over,-0.04563976956222904,FALSE,-0.08994749999999985,top 20%,FALSE,-0.09881761565983094
Cairns Taipans v Tasmania JackJumpers,Dakota Mathias,Tasmania JackJumpers,Player Points,9.5,BetRight,1.4,NA,14.764500000000002,33.7302846071562,0.71675,NA,0.6809230522225934,blend: book price,1.4685947211449386,3.134040258833166,over,-0.04670772688836933,FALSE,0.003449999999999953,top 10%,FALSE,-0.07343903716601449
Cairns Taipans v Tasmania JackJumpers,Dakota Mathias,Tasmania JackJumpers,Player Points,9.5,TAB,1.4,NA,14.764500000000002,33.7302846071562,0.71675,NA,0.6809230522225934,blend: book price,1.4685947211449386,3.134040258833166,over,-0.04670772688836933,FALSE,0.003449999999999953,top 10%,FALSE,-0.07343903716601449
Cairns Taipans v Tasmania JackJumpers,Malique Lewis,Cairns Taipans,Player Rebounds,2.5,BetRight,1.07,NA,6.167749999999998,27.57509697673598,0.89925,NA,0.8907088474201019,blend: book price,1.122701321421085,9.14987147993469,over,-0.046941533260490886,FALSE,-0.03780249999999996,top 10%,FALSE,-0.07343903716601449
Cairns Taipans v Tasmania JackJumpers,Dakota Mathias,Tasmania JackJumpers,Player Threes,3.5,Pointsbet,4.6,NA,2.77425,33.7302846071562,0.303,NA,0.20712247033884673,blend: book price,4.828061380129482,1.261228831175684,over,-0.04723663644130516,FALSE,0.39379999999999993,top 5%,FALSE,-0.030958169282341706
South East Melbourne Phoenix v Melbourne United,Sam Waardenburg,Melbourne United,Player Points,4.5,TAB,1.1,NA,10.21875,24.340010909179398,0.85175,NA,0.864718212545008,blend: book price,1.1564460947998718,7.391978024630244,over,-0.04880996620049105,FALSE,-0.06307499999999988,top 20%,FALSE,-0.09881761565983094
Cairns Taipans v Tasmania JackJumpers,Dakota Mathias,Tasmania JackJumpers,Player Points,11.5,BetRight,1.75,NA,14.764500000000002,33.7302846071562,0.597,NA,0.5434145721861053,blend: book price,1.8402156496780988,2.1901706429570993,over,-0.049024498674315686,FALSE,0.04475000000000007,top 5%,FALSE,-0.030958169282341706
South East Melbourne Phoenix v Melbourne United,Nathan Sobey,South East Melbourne Phoenix,Player PRAs,14.5,BetRight,1.01,NA,26.70025,28.095023263042446,0.88175,NA,0.9408008455841945,blend: book price,1.062924214719477,16.892133170959816,over,-0.04979114595996348,FALSE,-0.10943249999999993,rest,TRUE,-0.3429628594137699
Cairns Taipans v Tasmania JackJumpers,Dakota Mathias,Tasmania JackJumpers,Player Threes,0.5,Pointsbet,1.1,NA,2.77425,33.7302846071562,0.8945,NA,0.8635924314938133,blend: book price,1.1579536405503619,7.330971521236706,over,-0.05004832535680537,FALSE,-0.01605000000000001,top 10%,FALSE,-0.07343903716601449
South East Melbourne Phoenix v Melbourne United,D'Shawn Schwartz,South East Melbourne Phoenix,Player Assists,1.5,TAB,1.8,NA,1.8319999999999996,20.73353339436755,0.5005,NA,0.5277414118169867,blend: book price,1.8948674059082289,2.117483990809866,over,-0.050065458729423806,FALSE,-0.09910000000000008,top 20%,FALSE,-0.09881761565983094
South East Melbourne Phoenix v Melbourne United,Sam Waardenburg,Melbourne United,Player Assists,1.5,TAB,1.6,NA,2.013000000000001,24.340010909179398,0.56525,NA,0.5936405860844444,blend: book price,1.6845209432121808,2.46087568235298,over,-0.05017506226488899,FALSE,-0.09559999999999991,top 20%,FALSE,-0.09881761565983094
South East Melbourne Phoenix v Melbourne United,Chris Goulding,Melbourne United,Player Threes,0.5,TAB,1.05,NA,2.8927499999999995,26.822970870898306,0.911,NA,0.9041760773984845,blend: book price,1.1059792721758601,10.435807393927165,over,-0.05061511873159119,FALSE,-0.04344999999999988,top 20%,FALSE,-0.09881761565983094
South East Melbourne Phoenix v Melbourne United,Chris Goulding,Melbourne United,Player Threes,0.5,Sportsbet,1.03,NA,2.8927499999999995,26.822970870898306,0.911,NA,0.9213201065607217,blend: book price,1.0853990842911152,12.709727432101271,over,-0.0510402902424566,FALSE,-0.06166999999999989,top 20%,FALSE,-0.09881761565983094
Cairns Taipans v Tasmania JackJumpers,Will Magnay,Tasmania JackJumpers,Player Points,9.5,Pointsbet,1.59,NA,13.014500000000002,26.254847578198834,0.6425,NA,0.5965492126099718,blend: book price,1.6763076354168405,2.4786170488577324,over,-0.05148675195014474,FALSE,0.0215749999999999,top 10%,FALSE,-0.07343903716601449
Cairns Taipans v Tasmania JackJumpers,Will Magnay,Tasmania JackJumpers,Player Points,9.5,Sportsbet,1.59,NA,13.014500000000002,26.254847578198834,0.6425,NA,0.5965492126099718,blend: book price,1.6763076354168405,2.4786170488577324,over,-0.05148675195014474,FALSE,0.0215749999999999,top 10%,FALSE,-0.07343903716601449
South East Melbourne Phoenix v Melbourne United,Nathan Sobey,South East Melbourne Phoenix,Player Rebounds,3.5,TAB,1.8,NA,4.252500000000001,28.095023263042446,0.57425,NA,0.5266990164458987,blend: book price,1.898617557230084,2.1128204562154553,over,-0.05194177039738235,FALSE,0.03365000000000018,top 5%,TRUE,-0.030958169282341706
Cairns Taipans v Tasmania JackJumpers,Malique Lewis,Cairns Taipans,Player Rebounds,3.5,Sportsbet,1.22,NA,6.167749999999998,27.57509697673598,0.80525,NA,0.7765127372895617,blend: book price,1.2878088819129052,4.4745279344874875,over,-0.052654460506734724,FALSE,-0.017595000000000027,top 10%,FALSE,-0.07343903716601449
Cairns Taipans v Tasmania JackJumpers,Jaylon Brown,Cairns Taipans,Player Points,4.5,Sportsbet,1.02,NA,10.618000000000004,26.27110691744886,0.8365,NA,0.9285154017223849,blend: book price,1.0769880587279566,13.989027344274003,over,-0.052914290243167406,FALSE,-0.14676999999999996,rest,FALSE,-0.3429628594137699
Perth Wildcats v Adelaide 36ers,Dylan Windler,Perth Wildcats,Player Assists,1.5,Sportsbet,1.54,NA,2.1242499999999995,25.848881798879656,0.58575,NA,0.6149413632592028,blend: book price,1.6261713063176917,2.597007064856856,over,-0.052990300580827654,FALSE,-0.09794499999999995,top 20%,FALSE,-0.09881761565983094
South East Melbourne Phoenix v Melbourne United,Sam Waardenburg,Melbourne United,Player Points,4.5,BetRight,1.08,NA,10.21875,24.340010909179398,0.85175,NA,0.8767333714466259,blend: book price,1.1405976235967634,8.112495747922583,over,-0.053127958837643985,FALSE,-0.0801099999999999,top 20%,FALSE,-0.09881761565983094
South East Melbourne Phoenix v Melbourne United,Sam Waardenburg,Melbourne United,Player Points,4.5,Sportsbet,1.08,NA,10.21875,24.340010909179398,0.85175,NA,0.8767333714466259,blend: book price,1.1405976235967634,8.112495747922583,over,-0.053127958837643985,FALSE,-0.0801099999999999,top 20%,FALSE,-0.09881761565983094
Cairns Taipans v Tasmania JackJumpers,Keanu Pinder,Cairns Taipans,Player Assists,1.5,TAB,1.5,NA,2.159500000000001,25.975269438688255,0.6015,NA,0.6309641143007944,blend: book price,1.5848761876230542,2.709763572464824,over,-0.05355382854880841,FALSE,-0.09775,top 20%,FALSE,-0.09881761565983094
Brisbane Bullets v Illawarra Hawks,Nate Hinton,Brisbane Bullets,Player Assists,1.5,Sportsbet,1.16,NA,3.5255,28.00915210516743,0.7865,NA,0.8157417173373753,blend: book price,1.2258782145702363,5.427164443028004,over,-0.053739607888644736,FALSE,-0.08766000000000007,top 20%,FALSE,-0.09881761565983094
South East Melbourne Phoenix v Melbourne United,Tanner Krebs,South East Melbourne Phoenix,Player Points,9.5,Sportsbet,1.94,NA,11.3,25.634747615826885,0.54325,NA,0.48749151033946875,blend: book price,2.0513177743416326,1.9511871904060891,over,-0.054266469941430695,FALSE,0.05390500000000009,top 5%,FALSE,-0.030958169282341706
Brisbane Bullets v Illawarra Hawks,William Hickey,Illawarra Hawks,Player Rebounds,5.5,Sportsbet,1.48,NA,7.2414999999999985,33.74068844496633,0.6805,NA,0.6380612793573743,blend: book price,1.567247586324551,2.7628986426887137,over,-0.05566930655108604,FALSE,0.007139999999999924,top 10%,FALSE,-0.07343903716601449
South East Melbourne Phoenix v Melbourne United,Angus Glover,South East Melbourne Phoenix,Player Points,4.5,Sportsbet,1.03,NA,10.237250000000001,22.489781259576617,0.844,NA,0.916794255728333,blend: book price,1.090757270512745,12.01840099807288,over,-0.05570191659981705,FALSE,-0.13068000000000002,rest,FALSE,-0.3429628594137699
Perth Wildcats v Adelaide 36ers,Dylan Windler,Perth Wildcats,Player Points,4.5,Sportsbet,1.03,NA,10.44475,25.848881798879656,0.84375,NA,0.9167177067076528,blend: book price,1.0908483524240538,12.007354270249069,over,-0.0557807620911176,FALSE,-0.13093749999999993,rest,FALSE,-0.3429628594137699
Cairns Taipans v Tasmania JackJumpers,Dakota Mathias,Tasmania JackJumpers,Player Points,14.5,Pointsbet,2.45,NA,14.764500000000002,33.7302846071562,0.4445,NA,0.38531876361039896,blend: book price,2.595253837705951,1.626859485533692,over,-0.05596902915452251,FALSE,0.08902500000000013,top 5%,FALSE,-0.030958169282341706
Cairns Taipans v Tasmania JackJumpers,Dakota Mathias,Tasmania JackJumpers,Player Points,14.5,Sportsbet,2.45,NA,14.764500000000002,33.7302846071562,0.4445,NA,0.38531876361039896,blend: book price,2.595253837705951,1.626859485533692,over,-0.05596902915452251,FALSE,0.08902500000000013,top 5%,FALSE,-0.030958169282341706
Cairns Taipans v Tasmania JackJumpers,Dakota Mathias,Tasmania JackJumpers,Player Points,9.5,Pointsbet,1.37,NA,14.764500000000002,33.7302846071562,0.71675,NA,0.6889754794423475,blend: book price,1.4514304642734075,3.215180585141797,over,-0.056103593163983834,FALSE,-0.018052499999999916,top 10%,FALSE,-0.07343903716601449
Cairns Taipans v Tasmania JackJumpers,David Johnson,Tasmania JackJumpers,Player Assists,2.5,Sportsbet,2,1.75,2.6985,24.54132940151298,0.477,0.4453752181500873,0.46067298905523685,blend: two-way consensus,2.170737212205197,1.8541626503153539,under,-0.05617773084666444,FALSE,NA,NA,FALSE,NA
South East Melbourne Phoenix v Melbourne United,Chris Goulding,Melbourne United,Player Points,7.5,BetRight,1.15,NA,14.485249999999995,26.822970870898306,0.815,NA,0.820624467425114,blend: book price,1.2185841876464096,5.574896339792152,over,-0.05628186246111899,FALSE,-0.06275000000000008,top 20%,FALSE,-0.09881761565983094
Cairns Taipans v Tasmania JackJumpers,Dakota Mathias,Tasmania JackJumpers,Player Rebounds,3.5,Sportsbet,1.74,2.01,4.794000000000001,33.7302846071562,0.66175,0.508,0.5422579098537746,blend: two-way consensus,1.8441409186076423,2.184636330210645,over,-0.056471236854432116,FALSE,NA,NA,FALSE,NA
Brisbane Bullets v Illawarra Hawks,Wani Swaka Lo Buluk,Illawarra Hawks,Player Points,4.5,Sportsbet,1.25,NA,8.199750000000002,25.10199900062852,0.7665,NA,0.7540933417038237,blend: book price,1.326095782440628,4.066583666049311,over,-0.05738332287022041,FALSE,-0.04187500000000011,top 20%,FALSE,-0.09881761565983094
Cairns Taipans v Tasmania JackJumpers,David Johnson,Tasmania JackJumpers,Player Assists,1.5,TAB,1.3,NA,2.6985,24.54132940151298,0.69425,NA,0.7250108365057403,blend: book price,1.3792897287157755,3.6365069346482612,over,-0.057485912542537654,FALSE,-0.09747499999999998,top 20%,FALSE,-0.09881761565983094
South East Melbourne Phoenix v Melbourne United,Tanner Krebs,South East Melbourne Phoenix,Player Points,7.5,BetRight,1.45,NA,11.3,25.634747615826885,0.68375,NA,0.6498698845810639,blend: book price,1.53876956561027,2.8560810851802465,over,-0.05768866735745737,FALSE,-0.008562500000000028,top 10%,FALSE,-0.07343903716601449
Brisbane Bullets v Illawarra Hawks,Arnas Velicka,Brisbane Bullets,Player Threes,0.5,Sportsbet,1.04,NA,3.2670000000000017,31.485242480604562,0.89975,NA,0.9059181858556288,blend: book price,1.103852440113576,10.629046740802336,over,-0.05784508671014599,FALSE,-0.06425999999999987,top 20%,FALSE,-0.09881761565983094
Cairns Taipans v Tasmania JackJumpers,Dakota Mathias,Tasmania JackJumpers,Player Threes,0.5,Sportsbet,1.07,NA,2.77425,33.7302846071562,0.8945,NA,0.8803983402712076,blend: book price,1.1358494834190045,8.361087983792117,over,-0.0579737759098079,FALSE,-0.04288499999999995,top 20%,FALSE,-0.09881761565983094
Brisbane Bullets v Illawarra Hawks,Sam Froling,Illawarra Hawks,Player Points,4.5,Sportsbet,1.03,NA,10.616999999999997,18.3576638963734,0.83675,NA,0.9145884408125561,blend: book price,1.093387971437252,11.708017152636254,over,-0.057973905963067174,FALSE,-0.13814749999999998,rest,FALSE,-0.3429628594137699
Brisbane Bullets v Illawarra Hawks,Max Mackinnon,Brisbane Bullets,Player Points,4.5,Sportsbet,1.05,NA,10.607499999999996,28.711766117223874,0.84625,NA,0.8969830249108526,blend: book price,1.1148482994975137,9.707138062776874,over,-0.05816782384360475,FALSE,-0.11143749999999997,rest,FALSE,-0.3429628594137699
Perth Wildcats v Adelaide 36ers,Zylan Cheatham,Adelaide 36ers,Player Steals,0.5,Sportsbet,1.51,NA,1.0807499999999994,34.99983282334774,0.6405,NA,0.623577970633602,blend: book price,1.6036486968645236,2.656592659263918,over,-0.05839726434326098,FALSE,-0.03284500000000001,top 10%,FALSE,-0.07343903716601449
Cairns Taipans v Tasmania JackJumpers,Jaylon Brown,Cairns Taipans,Player Rebounds,2.5,Pointsbet,1.75,2,3.548250000000001,26.27110691744886,0.6315,0.5280607685433423,0.5380566457436861,blend: two-way consensus,1.8585403747180362,2.1647675862983404,over,-0.05840086994854943,FALSE,NA,NA,FALSE,NA
South East Melbourne Phoenix v Melbourne United,Angus Glover,South East Melbourne Phoenix,Player Points,4.5,TAB,1.05,NA,10.237250000000001,22.489781259576617,0.844,NA,0.896140292572912,blend: book price,1.1158967053349382,9.628372973243964,over,-0.059052692798442386,FALSE,-0.11380000000000001,rest,FALSE,-0.3429628594137699
Cairns Taipans v Tasmania JackJumpers,Dakota Mathias,Tasmania JackJumpers,Player Threes,3.5,BetRight,4.5,NA,2.77425,33.7302846071562,0.303,NA,0.2090846648180475,blend: book price,4.7827515273309675,1.2643578339139765,over,-0.05911900831878625,FALSE,0.36349999999999993,top 5%,FALSE,-0.030958169282341706
Cairns Taipans v Tasmania JackJumpers,Dakota Mathias,Tasmania JackJumpers,Player Threes,3.5,Sportsbet,4.5,NA,2.77425,33.7302846071562,0.303,NA,0.2090846648180475,blend: book price,4.7827515273309675,1.2643578339139765,over,-0.05911900831878625,FALSE,0.36349999999999993,top 5%,FALSE,-0.030958169282341706
Cairns Taipans v Tasmania JackJumpers,Dakota Mathias,Tasmania JackJumpers,Player Points,9.5,Sportsbet,1.36,NA,14.764500000000002,33.7302846071562,0.71675,NA,0.6917788256929774,blend: book price,1.4455487257770103,3.2444234314800475,over,-0.05918079705755064,FALSE,-0.02521999999999991,top 10%,FALSE,-0.07343903716601449
South East Melbourne Phoenix v Melbourne United,Nathan Sobey,South East Melbourne Phoenix,Player Rebounds,3.5,Sportsbet,1.78,NA,4.252500000000001,28.095023263042446,0.57425,NA,0.5284200991404981,blend: book price,1.8924336936209472,2.120531426758009,over,-0.059412223529913266,FALSE,0.02216499999999999,top 10%,TRUE,-0.07343903716601449
South East Melbourne Phoenix v Melbourne United,Skylar Mays,South East Melbourne Phoenix,Player Rebounds,5.5,TAB,4,NA,4.172250000000001,26.884292778390584,0.265,NA,0.2350783531975911,blend: book price,4.253900822418418,1.307323441793399,over,-0.0596865872096356,FALSE,0.06000000000000005,top 5%,FALSE,-0.030958169282341706
Cairns Taipans v Tasmania JackJumpers,Nick Marshall,Tasmania JackJumpers,Player Threes,0.5,Sportsbet,1.46,2.58,1.214000000000001,27.94522393186349,0.6705,0.6424776624003864,0.6358250880486205,blend: two-way consensus,1.5727595824648108,2.7459332512545744,under,-0.06042872716544079,FALSE,NA,NA,FALSE,NA
Cairns Taipans v Tasmania JackJumpers,Malique Lewis,Cairns Taipans,Player Rebounds,5.5,Pointsbet,2,1.75,6.167749999999998,27.57509697673598,0.54875,0.4568783068783069,0.46971279025517093,blend: two-way consensus,2.1289605493960493,1.8857705440061319,over,-0.06057441948965814,FALSE,NA,NA,FALSE,NA
Cairns Taipans v Tasmania JackJumpers,Dakota Mathias,Tasmania JackJumpers,Player Threes,0.5,TAB,1.05,NA,2.77425,33.7302846071562,0.8945,NA,0.8945819659335702,blend: book price,1.1178405535555564,9.486042960826266,over,-0.06068893576975121,FALSE,-0.06077500000000002,top 20%,FALSE,-0.09881761565983094
Perth Wildcats v Adelaide 36ers,Kristian Doolittle,Perth Wildcats,Player Assists,1.5,TAB,1.05,NA,3.813750000000001,33.94564352393243,0.85875,NA,0.8943682102898324,blend: book price,1.1181077194994846,9.466847080256795,over,-0.060913379195675965,FALSE,-0.09831249999999991,top 20%,FALSE,-0.09881761565983094
Brisbane Bullets v Illawarra Hawks,William Hickey,Illawarra Hawks,Player Rebounds,3.5,Sportsbet,1.07,NA,7.2414999999999985,33.74068844496633,0.8815,NA,0.8776201561472061,blend: book price,1.1394451152877427,8.171280241236968,over,-0.06094643292248936,FALSE,-0.05679500000000004,top 20%,FALSE,-0.09881761565983094
Cairns Taipans v Tasmania JackJumpers,Jaylon Brown,Cairns Taipans,Player Rebounds,7.5,Pointsbet,17,NA,3.548250000000001,26.27110691744886,0.061,NA,0.05522168186219366,blend: book price,18.108829109832467,1.0584493534642472,over,-0.061231408342707794,FALSE,NA,price > 6,FALSE,-0.5387411371602528
Perth Wildcats v Adelaide 36ers,Elijah Pepper,Perth Wildcats,Player Steals,1.5,Sportsbet,2.55,NA,1.3910000000000005,32.473449223538,0.3955,NA,0.36808168770863076,blend: book price,2.7167882385705333,1.5824830212214411,over,-0.061391696342991686,FALSE,0.008524999999999894,top 10%,FALSE,-0.07343903716601449
Cairns Taipans v Tasmania JackJumpers,Dakota Mathias,Tasmania JackJumpers,Player Rebounds,3.5,Sportsbet,1.73,NA,4.794000000000001,33.7302846071562,0.66175,0.508,0.5422579098537746,blend: two-way consensus,1.8441409186076423,2.184636330210645,over,-0.06189381595296983,FALSE,0.1448274999999999,top 5%,FALSE,-0.030958169282341706
Perth Wildcats v Adelaide 36ers,Elijah Pepper,Perth Wildcats,Player Steals,0.5,Sportsbet,1.3,NA,1.3910000000000005,32.473449223538,0.73275,NA,0.7216138924324783,blend: book price,1.385782633187831,3.592133273954603,over,-0.06190193983777814,FALSE,-0.04742499999999994,top 20%,FALSE,-0.09881761565983094
Cairns Taipans v Tasmania JackJumpers,Will Magnay,Tasmania JackJumpers,Player Assists,1.5,Sportsbet,1.53,NA,2.0662500000000015,26.254847578198834,0.58175,NA,0.6128344949685388,blend: book price,1.6317619328059154,2.5828747318765903,over,-0.062363222698135656,FALSE,-0.10992250000000003,rest,FALSE,-0.3429628594137699
Perth Wildcats v Adelaide 36ers,Kristian Doolittle,Perth Wildcats,Player Rebounds,3.5,TAB,1.05,NA,7.217999999999999,33.94564352393243,0.89,NA,0.8929130323762001,blend: book price,1.119929896575507,9.338204472396994,over,-0.06244131600498981,FALSE,-0.06549999999999989,top 20%,FALSE,-0.09881761565983094
Cairns Taipans v Tasmania JackJumpers,Malique Lewis,Cairns Taipans,Player Rebounds,3.5,TAB,1.2,NA,6.167749999999998,27.57509697673598,0.80525,NA,0.7809915541665223,blend: book price,1.280423577777617,4.566033954509438,over,-0.0628101350001733,FALSE,-0.03370000000000006,top 10%,FALSE,-0.07343903716601449
Cairns Taipans v Tasmania JackJumpers,David Johnson,Tasmania JackJumpers,Player Assists,1.5,Sportsbet,1.29,NA,2.6985,24.54132940151298,0.69425,NA,0.7264830411103907,blend: book price,1.3764946232902466,3.656080427552565,over,-0.06283687696759588,FALSE,-0.10441749999999994,top 20%,FALSE,-0.09881761565983094
Cairns Taipans v Tasmania JackJumpers,Will Magnay,Tasmania JackJumpers,Player Points,9.5,TAB,1.55,NA,13.014500000000002,26.254847578198834,0.6425,NA,0.6046100113195674,blend: book price,1.653958719303192,2.5291485081283467,over,-0.06285448245467051,FALSE,-0.004125000000000045,top 10%,FALSE,-0.07343903716601449
Perth Wildcats v Adelaide 36ers,Elijah Pepper,Perth Wildcats,Player Threes,0.5,Sportsbet,1.04,NA,2.5369999999999995,32.473449223538,0.89,NA,0.9008201374770617,blend: book price,1.1100995175360007,10.082691935257724,over,-0.06314705702385581,FALSE,-0.07439999999999991,top 20%,FALSE,-0.09881761565983094
South East Melbourne Phoenix v Melbourne United,Nathan Sobey,South East Melbourne Phoenix,Player Rebounds,4.5,BetRight,2.5,NA,4.252500000000001,28.095023263042446,0.41625,NA,0.3747160429531801,blend: book price,2.66868744695019,1.5992734000772104,over,-0.06320989261704968,FALSE,0.04062499999999991,top 5%,TRUE,-0.030958169282341706
Perth Wildcats v Adelaide 36ers,Elijah Pepper,Perth Wildcats,Player Threes,0.5,TAB,1.05,NA,2.5369999999999995,32.473449223538,0.89,NA,0.8920694122155646,blend: book price,1.1209890018719244,9.26521406514761,over,-0.06332711717365713,FALSE,-0.06549999999999989,top 20%,FALSE,-0.09881761565983094
South East Melbourne Phoenix v Melbourne United,Josh Oduro,Melbourne United,Player Points,4.5,Sportsbet,1.02,NA,9.762250000000002,20.49608489122735,0.7945,NA,0.9180403239445177,blend: book price,1.089276771311448,12.201121919064859,over,-0.06359886957659189,FALSE,-0.18961000000000006,rest,FALSE,-0.3429628594137699
South East Melbourne Phoenix v Melbourne United,Sam Waardenburg,Melbourne United,Player Assists,2.5,BetRight,2.63,NA,2.013000000000001,24.340010909179398,0.333,NA,0.3559596919757401,blend: book price,2.809306847215031,1.5526978475426911,over,-0.06382601010380351,FALSE,-0.12421000000000004,rest,FALSE,-0.3429628594137699
South East Melbourne Phoenix v Melbourne United,Tanner Krebs,South East Melbourne Phoenix,Player Points,9.5,TAB,1.9,NA,11.3,25.634747615826885,0.54325,NA,0.49269304357618016,blend: book price,2.02966129324978,1.9711931550265778,over,-0.06388321720525769,FALSE,0.032175000000000065,top 5%,FALSE,-0.030958169282341706
South East Melbourne Phoenix v Melbourne United,Nathan Sobey,South East Melbourne Phoenix,Player Points,29.5,Sportsbet,8.75,NA,18.60274999999999,28.095023263042446,0.1375,NA,0.10696312013560663,blend: book price,9.349016733358296,1.1197745832757195,over,-0.06407269881344202,FALSE,NA,price > 6,TRUE,-0.5387411371602528
South East Melbourne Phoenix v Melbourne United,Tanner Krebs,South East Melbourne Phoenix,Player Threes,0.5,BetRight,1.11,NA,2.3339999999999987,25.634747615826885,0.872,NA,0.8431604557574818,blend: book price,1.186013875735688,6.375943036749186,over,-0.06409189410919514,FALSE,-0.032079999999999886,top 10%,FALSE,-0.07343903716601449
South East Melbourne Phoenix v Melbourne United,Tanner Krebs,South East Melbourne Phoenix,Player Threes,0.5,Sportsbet,1.11,NA,2.3339999999999987,25.634747615826885,0.872,NA,0.8431604557574818,blend: book price,1.186013875735688,6.375943036749186,over,-0.06409189410919514,FALSE,-0.032079999999999886,top 10%,FALSE,-0.07343903716601449
Perth Wildcats v Adelaide 36ers,Zylan Cheatham,Adelaide 36ers,Player Steals,1.5,Sportsbet,3.6,NA,1.0807499999999994,34.99983282334774,0.28725,NA,0.2598419073149795,blend: book price,3.8484939182185234,1.3510627119840966,over,-0.06456913366607364,FALSE,0.03410000000000002,top 5%,FALSE,-0.030958169282341706
Brisbane Bullets v Illawarra Hawks,Arnas Velicka,Brisbane Bullets,Player Threes,3.5,Sportsbet,3.45,NA,3.2670000000000017,31.485242480604562,0.37875,NA,0.27106809930102316,blend: book price,3.689109867884131,1.3718702653033767,over,-0.06481505741147009,FALSE,0.3066875,top 5%,FALSE,-0.030958169282341706
Perth Wildcats v Adelaide 36ers,Kristian Doolittle,Perth Wildcats,Player Rebounds,3.5,Sportsbet,1.04,NA,7.217999999999999,33.94564352393243,0.89,NA,0.8985949322793805,blend: book price,1.1128484749667962,9.861440088527862,over,-0.06546127042944427,FALSE,-0.07439999999999991,top 20%,FALSE,-0.09881761565983094
South East Melbourne Phoenix v Melbourne United,Tanner Krebs,South East Melbourne Phoenix,Player Points,11.5,BetRight,2.6,NA,11.3,25.634747615826885,0.41425,NA,0.3590616670451334,blend: book price,2.7850369220123454,1.5602125018639161,over,-0.06643966568265303,FALSE,0.07705000000000006,top 5%,FALSE,-0.030958169282341706
Cairns Taipans v Tasmania JackJumpers,Malique Lewis,Cairns Taipans,Player Points,4.5,Sportsbet,1.04,NA,9.546000000000006,27.57509697673598,0.8195,NA,0.8974476118646175,blend: book price,1.1142711694583602,9.751113730085642,over,-0.06665448366079774,FALSE,-0.14771999999999996,rest,FALSE,-0.3429628594137699
South East Melbourne Phoenix v Melbourne United,Nathan Sobey,South East Melbourne Phoenix,Player Points,9.5,TAB,1.05,NA,18.60274999999999,28.095023263042446,0.82425,NA,0.8888970380942414,blend: book price,1.1249896862565307,9.000660134049662,over,-0.06665811000104649,FALSE,-0.13453749999999998,rest,TRUE,-0.3429628594137699
South East Melbourne Phoenix v Melbourne United,Tanner Krebs,South East Melbourne Phoenix,Player Threes,0.5,TAB,1.1,NA,2.3339999999999987,25.634747615826885,0.872,NA,0.8484143457242943,blend: book price,1.1786693672020556,6.596930328124512,over,-0.06674421970327615,FALSE,-0.04079999999999995,top 10%,FALSE,-0.07343903716601449
South East Melbourne Phoenix v Melbourne United,Nathan Sobey,South East Melbourne Phoenix,Player Points,9.5,Sportsbet,1.06,NA,18.60274999999999,28.095023263042446,0.82425,NA,0.879981437528695,blend: book price,1.1363876070026664,8.332044472196438,over,-0.06721967621958325,FALSE,-0.12629499999999994,rest,TRUE,-0.3429628594137699
Cairns Taipans v Tasmania JackJumpers,Nick Marshall,Tasmania JackJumpers,Player Points,4.5,Sportsbet,1.05,NA,9.486749999999988,27.94522393186349,0.82175,NA,0.8879979021581184,blend: book price,1.1261287865316807,8.928404193033462,over,-0.06760220273397566,FALSE,-0.13716249999999997,rest,FALSE,-0.3429628594137699
Cairns Taipans v Tasmania JackJumpers,Nick Marshall,Tasmania JackJumpers,Player Points,4.5,TAB,1.05,NA,9.486749999999988,27.94522393186349,0.82175,NA,0.8879979021581184,blend: book price,1.1261287865316807,8.928404193033462,over,-0.06760220273397566,FALSE,-0.13716249999999997,rest,FALSE,-0.3429628594137699
Perth Wildcats v Adelaide 36ers,Zylan Cheatham,Adelaide 36ers,Player Points,19.5,TAB,4.75,NA,14.8875,34.99983282334774,0.24125,NA,0.1962776425211738,blend: book price,5.094823776947103,1.2442107534956122,over,-0.0676811980244244,FALSE,0.14593750000000005,top 5%,FALSE,-0.030958169282341706
Perth Wildcats v Adelaide 36ers,Bryce Cotton,Adelaide 36ers,Player Points,14.5,Sportsbet,1.02,NA,23.66425,36.060843575363826,0.776,NA,0.9135674120447292,blend: book price,1.0946099727460932,11.569710263882234,over,-0.06816123971437615,FALSE,-0.20848,rest,FALSE,-0.3429628594137699
Cairns Taipans v Tasmania JackJumpers,Nick Marshall,Tasmania JackJumpers,Player Points,4.5,BetRight,1.06,NA,9.486749999999988,27.94522393186349,0.82175,NA,0.8790199692930567,blend: book price,1.1376305828458486,8.265826964636469,over,-0.068238832549359807,FALSE,-0.12894499999999998,rest,FALSE,-0.3429628594137699
Cairns Taipans v Tasmania JackJumpers,Malique Lewis,Cairns Taipans,Player Points,4.5,BetRight,1.05,NA,9.546000000000006,27.57509697673598,0.8195,NA,0.8871917382111625,blend: book price,1.1271520652528753,8.864598958823342,over,-0.06844867487827933,FALSE,-0.139525,rest,FALSE,-0.3429628594137699
Cairns Taipans v Tasmania JackJumpers,Jaylon Brown,Cairns Taipans,Player Rebounds,2.5,BetRight,1.73,NA,3.548250000000001,26.27110691744886,0.6315,0.5280607685433423,0.5380566457436861,blend: two-way consensus,1.8585403747180362,2.1647675862983404,over,-0.06916200286342311,FALSE,0.092495,top 5%,FALSE,-0.030958169282341706
South East Melbourne Phoenix v Melbourne United,Chris Goulding,Melbourne United,Player Points,17.5,BetRight,3.8,NA,14.485249999999995,26.822970870898306,0.2945,NA,0.24490110505699578,blend: book price,4.083280880938737,1.3243298416897846,over,-0.0693758007834161,FALSE,0.11909999999999998,top 5%,FALSE,-0.030958169282341706
Cairns Taipans v Tasmania JackJumpers,Will Magnay,Tasmania JackJumpers,Player Rebounds,5.5,Pointsbet,1.55,NA,6.924249999999999,26.254847578198834,0.64125,NA,0.6003148496807225,blend: book price,1.6657925429161884,2.501969360635934,over,-0.06951198299488015,FALSE,-0.006062499999999971,top 10%,FALSE,-0.07343903716601449
Brisbane Bullets v Illawarra Hawks,Milton Doyle,Illawarra Hawks,Player Assists,1.5,Sportsbet,1.06,NA,3.6824999999999983,27.119966222884155,0.83775,NA,0.8773637323738894,blend: book price,1.1397781365936939,8.154194671422708,over,-0.06999444368367713,FALSE,-0.111985,rest,FALSE,-0.3429628594137699
South East Melbourne Phoenix v Melbourne United,Jordan Hunter,South East Melbourne Phoenix,Player Rebounds,9.5,Sportsbet,9,NA,5.537749999999999,16.24806469641585,0.11525,NA,0.10320603110608871,blend: book price,9.68935622543288,1.1150833242482452,over,-0.07114572004520159,FALSE,NA,price > 6,FALSE,-0.5387411371602528
Perth Wildcats v Adelaide 36ers,Dylan Windler,Perth Wildcats,Player Assists,1.5,TAB,1.5,NA,2.1242499999999995,25.848881798879656,0.58575,NA,0.6189095914334535,blend: book price,1.6157448742778486,2.624049247949988,over,-0.07163561284981979,FALSE,-0.12137500000000001,rest,FALSE,-0.3429628594137699
Cairns Taipans v Tasmania JackJumpers,Nick Marshall,Tasmania JackJumpers,Player Threes,0.5,BetRight,1.46,NA,1.214000000000001,27.94522393186349,0.6705,0.6424776624003864,0.6358250880486205,blend: two-way consensus,1.5727595824648108,2.7459332512545744,over,-0.07169537144901417,FALSE,-0.021070000000000033,top 10%,FALSE,-0.07343903716601449
Cairns Taipans v Tasmania JackJumpers,Nick Marshall,Tasmania JackJumpers,Player Threes,0.5,Sportsbet,1.46,NA,1.214000000000001,27.94522393186349,0.6705,0.6424776624003864,0.6358250880486205,blend: two-way consensus,1.5727595824648108,2.7459332512545744,over,-0.07169537144901417,FALSE,-0.021070000000000033,top 10%,FALSE,-0.07343903716601449
Cairns Taipans v Tasmania JackJumpers,Will Magnay,Tasmania JackJumpers,Player PRAs,15.5,BetRight,1.25,NA,22.005000000000003,26.254847578198834,0.7655,NA,0.7423121679293808,blend: book price,1.3471421366962344,3.88066441463154,over,-0.072109790088274,FALSE,-0.04312500000000008,top 20%,FALSE,-0.09881761565983094
Cairns Taipans v Tasmania JackJumpers,Will Magnay,Tasmania JackJumpers,Player Rebounds,11.5,Pointsbet,11,NA,6.924249999999999,26.254847578198834,0.09375,NA,0.0843414755333195,blend: book price,11.856562784521659,1.0921101843970094,over,-0.07224376913348551,FALSE,NA,price > 6,FALSE,-0.5387411371602528
South East Melbourne Phoenix v Melbourne United,Nathan Sobey,South East Melbourne Phoenix,Player Assists,1.5,TAB,1.05,NA,3.8450000000000006,28.095023263042446,0.8405,NA,0.883244913387298,blend: book price,1.1321888015917794,8.564937331742843,over,-0.07259284094333696,FALSE,-0.11747499999999989,rest,TRUE,-0.3429628594137699
South East Melbourne Phoenix v Melbourne United,Tanner Krebs,South East Melbourne Phoenix,Player Points,9.5,BetRight,1.86,NA,11.3,25.634747615826885,0.54325,NA,0.49813276352149466,blend: book price,2.0074969430450835,1.99255884288599,over,-0.07347305985001984,FALSE,0.010445000000000038,top 10%,FALSE,-0.07343903716601449
South East Melbourne Phoenix v Melbourne United,Skylar Mays,South East Melbourne Phoenix,Player Rebounds,3.5,TAB,1.8,NA,4.172250000000001,26.884292778390584,0.55675,NA,0.5142188516793176,blend: book price,1.944697275749879,2.0585401542586466,over,-0.07440606697722829,FALSE,0.0021499999999998742,top 10%,FALSE,-0.07343903716601449
Cairns Taipans v Tasmania JackJumpers,Will Magnay,Tasmania JackJumpers,Player PRAs,17.5,BetRight,1.46,NA,22.005000000000003,26.254847578198834,0.66675,NA,0.6337742083988496,blend: book price,1.5778489985043311,2.7305559109531012,over,-0.0746896557376796,FALSE,-0.02654500000000004,top 10%,FALSE,-0.07343903716601449
Cairns Taipans v Tasmania JackJumpers,Jack McVeigh,Cairns Taipans,Player Points,9.5,Sportsbet,1.02,NA,15.347999999999994,28.975523788647227,0.74825,NA,0.9069545920063553,blend: book price,1.102591032465926,10.747440648208059,over,-0.07490631615351762,FALSE,-0.23678500000000002,rest,FALSE,-0.3429628594137699
Cairns Taipans v Tasmania JackJumpers,Keanu Pinder,Cairns Taipans,Player Points,9.5,Pointsbet,1.12,NA,16.92150000000001,25.975269438688255,0.7935,NA,0.8256551807830022,blend: book price,1.2111593595908399,5.73575976900898,over,-0.07526619752303754,FALSE,-0.11127999999999993,rest,FALSE,-0.3429628594137699
Cairns Taipans v Tasmania JackJumpers,Dakota Mathias,Tasmania JackJumpers,Player Rebounds,9.5,Pointsbet,21,NA,4.794000000000001,33.7302846071562,0.048,NA,0.04400830930285825,blend: book price,22.7229815423755,1.0460341964591406,over,-0.07582550463997684,FALSE,NA,price > 6,FALSE,-0.5387411371602528
Perth Wildcats v Adelaide 36ers,Jo Lual-Acuil Jr,Perth Wildcats,Player Points,9.5,Sportsbet,1.05,NA,17.070999999999987,31.112404931629083,0.7985,NA,0.8797928237511856,blend: book price,1.1366312306757462,8.318970890141538,over,-0.07621753506125506,FALSE,-0.16157500000000002,rest,FALSE,-0.3429628594137699
Perth Wildcats v Adelaide 36ers,Jo Lual-Acuil Jr,Perth Wildcats,Player Points,9.5,TAB,1.05,NA,17.070999999999987,31.112404931629083,0.7985,NA,0.8797928237511856,blend: book price,1.1366312306757462,8.318970890141538,over,-0.07621753506125506,FALSE,-0.16157500000000002,rest,FALSE,-0.3429628594137699
South East Melbourne Phoenix v Melbourne United,Dash Daniels,South East Melbourne Phoenix,Player Points,4.5,TAB,1.05,NA,9.112000000000002,24.18613403048899,0.79775,NA,0.8795323474461747,blend: book price,1.1369678476335945,8.300983532099599,over,-0.07649103518151656,FALSE,-0.16236249999999997,rest,FALSE,-0.3429628594137699
Brisbane Bullets v Illawarra Hawks,Tyler Harvey,Illawarra Hawks,Player Threes,0.5,Sportsbet,1.04,NA,2.2927500000000016,26.537541962438,0.86325,NA,0.8876120237160074,blend: book price,1.1266183572113837,8.897748968031113,over,-0.07688349533535221,FALSE,-0.10221999999999998,top 20%,FALSE,-0.09881761565983094
Perth Wildcats v Adelaide 36ers,Elijah Pepper,Perth Wildcats,Player Steals,2.5,Sportsbet,6.25,NA,1.3910000000000005,32.473449223538,0.17025,NA,0.14767419331469717,blend: book price,6.771663874059407,1.1732602628670867,over,-0.07703629178314275,FALSE,NA,price > 6,FALSE,-0.5387411371602528
South East Melbourne Phoenix v Melbourne United,Nathan Sobey,South East Melbourne Phoenix,Player Threes,0.5,Sportsbet,1.03,NA,2.2815,28.095023263042446,0.85425,NA,0.895328839995591,blend: book price,1.1169080625225078,9.55372998596631,over,-0.0778112948045413,FALSE,-0.12012250000000002,rest,TRUE,-0.3429628594137699
Cairns Taipans v Tasmania JackJumpers,Keanu Pinder,Cairns Taipans,Player Points,9.5,TAB,1.05,NA,16.92150000000001,25.975269438688255,0.7935,NA,0.8780606874374819,blend: book price,1.1388734449760913,8.200800701474362,over,-0.07803627819064396,FALSE,-0.166825,rest,FALSE,-0.3429628594137699
South East Melbourne Phoenix v Melbourne United,Jordan Hunter,South East Melbourne Phoenix,Player Rebounds,7.5,TAB,4,NA,5.537749999999999,16.24806469641585,0.25775,NA,0.23037053178787442,blend: book price,4.340832971296875,1.2993265477776372,over,-0.07851787284850231,FALSE,0.030999999999999917,top 5%,FALSE,-0.030958169282341706
Cairns Taipans v Tasmania JackJumpers,David Johnson,Tasmania JackJumpers,Player Assists,2.5,BetRight,2,NA,2.6985,24.54132940151298,0.477,0.4453752181500873,0.46067298905523685,blend: two-way consensus,2.170737212205197,1.8541626503153539,over,-0.0786540218895263,FALSE,-0.04600000000000004,top 20%,FALSE,-0.09881761565983094
South East Melbourne Phoenix v Melbourne United,Nathan Sobey,South East Melbourne Phoenix,Player Assists,1.5,Sportsbet,1.03,NA,3.8450000000000006,28.095023263042446,0.8405,NA,0.8942564173835603,blend: book price,1.1182474965355318,9.456838658732304,over,-0.07891589009493283,FALSE,-0.134285,rest,TRUE,-0.3429628594137699
Perth Wildcats v Adelaide 36ers,Zylan Cheatham,Adelaide 36ers,Player Rebounds,4.5,BetRight,1.01,NA,7.921000000000002,34.99983282334774,0.855,NA,0.9119520166654087,blend: book price,1.096548921133529,11.357443545298457,over,-0.07892846316793722,FALSE,-0.13644999999999996,rest,FALSE,-0.3429628594137699
Cairns Taipans v Tasmania JackJumpers,Will Magnay,Tasmania JackJumpers,Player Assists,2.5,BetRight,2.5,NA,2.0662500000000015,26.254847578198834,0.34275,NA,0.36807615996694576,blend: book price,2.7168290391037626,1.5824691784815281,over,-0.0798096000826356,FALSE,-0.14312499999999995,rest,FALSE,-0.3429628594137699
Cairns Taipans v Tasmania JackJumpers,Keanu Pinder,Cairns Taipans,Player Points,9.5,Sportsbet,1.07,NA,16.92150000000001,25.975269438688255,0.7935,NA,0.8597405966785019,blend: book price,1.1631415381143713,7.129646756787008,over,-0.08007756155400292,FALSE,-0.15095499999999995,rest,FALSE,-0.3429628594137699
South East Melbourne Phoenix v Melbourne United,Tanner Krebs,South East Melbourne Phoenix,Player Assists,1.5,Sportsbet,1.87,NA,1.5997499999999998,25.634747615826885,0.4605,NA,0.4916229567653898,blend: book price,2.0340791377592558,1.9670439751515518,over,-0.08066507084872099,FALSE,-0.1388649999999999,rest,FALSE,-0.3429628594137699
South East Melbourne Phoenix v Melbourne United,Angus Glover,South East Melbourne Phoenix,Player Threes,0.5,Sportsbet,1.05,NA,2.28225,22.489781259576617,0.85725,NA,0.8748071654246261,blend: book price,1.1431090639439447,7.987677596659397,over,-0.08145247630414254,FALSE,-0.09988750000000002,top 20%,FALSE,-0.09881761565983094
South East Melbourne Phoenix v Melbourne United,Angus Glover,South East Melbourne Phoenix,Player Threes,0.5,TAB,1.05,NA,2.28225,22.489781259576617,0.85725,NA,0.8748071654246261,blend: book price,1.1431090639439447,7.987677596659397,over,-0.08145247630414254,FALSE,-0.09988750000000002,top 20%,FALSE,-0.09881761565983094
South East Melbourne Phoenix v Melbourne United,Skylar Mays,South East Melbourne Phoenix,Player Rebounds,3.5,Sportsbet,1.78,NA,4.172250000000001,26.884292778390584,0.55675,NA,0.5159436086016783,blend: book price,1.9381963131789188,2.0658750049994015,over,-0.08162037668901256,FALSE,-0.00898500000000002,top 10%,FALSE,-0.07343903716601449
Cairns Taipans v Tasmania JackJumpers,Malique Lewis,Cairns Taipans,Player Rebounds,4.5,BetRight,1.41,NA,6.167749999999998,27.57509697673598,0.6845,NA,0.6508804074264012,blend: book price,1.536380552541176,2.864347980668508,over,-0.08225862552877439,FALSE,-0.03485500000000008,top 10%,FALSE,-0.07343903716601449
Perth Wildcats v Adelaide 36ers,Kristian Doolittle,Perth Wildcats,Player Points,9.5,Sportsbet,1.03,NA,15.189499999999995,33.94564352393243,0.75425,NA,0.8908933472303882,blend: book price,1.1224688152726732,9.165343951221624,over,-0.08237985235270018,FALSE,-0.2231225,rest,FALSE,-0.3429628594137699
South East Melbourne Phoenix v Melbourne United,Nathan Sobey,South East Melbourne Phoenix,Player Threes,0.5,TAB,1.05,NA,2.2815,28.095023263042446,0.85425,NA,0.8733002478563542,blend: book price,1.145081548361688,7.89267526637503,over,-0.08303473975082809,FALSE,-0.1030375,top 20%,TRUE,-0.09881761565983094
Cairns Taipans v Tasmania JackJumpers,Jaylon Brown,Cairns Taipans,Player Assists,1.5,TAB,1.05,NA,3.9592500000000004,26.27110691744886,0.82375,NA,0.8731397944452303,blend: book price,1.1452919754223014,7.8826925719292404,over,-0.08320321583250823,FALSE,-0.13506249999999997,rest,FALSE,-0.3429628594137699
Cairns Taipans v Tasmania JackJumpers,Keanu Pinder,Cairns Taipans,Player Assists,2.5,BetRight,2.3,NA,2.159500000000001,25.975269438688255,0.37125,NA,0.39857105134106524,blend: book price,2.5089629481000113,1.662706795590399,over,-0.08328658191555005,FALSE,-0.14612500000000006,rest,FALSE,-0.3429628594137699
South East Melbourne Phoenix v Melbourne United,Chris Goulding,Melbourne United,Player Points,9.5,BetRight,1.3,NA,14.485249999999995,26.822970870898306,0.70675,NA,0.7047353747228542,blend: book price,1.4189723346770584,3.3867924376696488,over,-0.08384401286028953,FALSE,-0.08122499999999999,top 20%,FALSE,-0.09881761565983094
South East Melbourne Phoenix v Melbourne United,Chris Goulding,Melbourne United,Player Points,14.5,BetRight,2.38,NA,14.485249999999995,26.822970870898306,0.43225,NA,0.3846985728672835,blend: book price,2.5994377690217956,1.6252196986767373,over,-0.08441739657586533,FALSE,0.028755000000000086,top 5%,FALSE,-0.030958169282341706
South East Melbourne Phoenix v Melbourne United,Skylar Mays,South East Melbourne Phoenix,Player PRAs,14.5,BetRight,1.01,NA,21.03925,26.884292778390584,0.75375,NA,0.9062284461605952,blend: book price,1.1034745204001104,10.664214882400492,over,-0.08470926937779888,FALSE,-0.2387125,rest,FALSE,-0.3429628594137699
South East Melbourne Phoenix v Melbourne United,D'Shawn Schwartz,South East Melbourne Phoenix,Player Points,4.5,Sportsbet,1.03,NA,8.517749999999998,20.73353339436755,0.74475,NA,0.8882658397390908,blend: book price,1.1257890996840865,8.949814431548159,over,-0.08508618506873644,FALSE,-0.23290749999999993,rest,FALSE,-0.3429628594137699
Cairns Taipans v Tasmania JackJumpers,Will Magnay,Tasmania JackJumpers,Player Rebounds,3.5,Sportsbet,1.05,NA,6.924249999999999,26.254847578198834,0.85675,NA,0.870872871054275,blend: book price,1.1482732247582867,7.744306004203984,over,-0.0855834853930112,FALSE,-0.1004124999999999,top 20%,FALSE,-0.09881761565983094
Cairns Taipans v Tasmania JackJumpers,Will Magnay,Tasmania JackJumpers,Player Rebounds,3.5,TAB,1.05,NA,6.924249999999999,26.254847578198834,0.85675,NA,0.870872871054275,blend: book price,1.1482732247582867,7.744306004203984,over,-0.0855834853930112,FALSE,-0.1004124999999999,top 20%,FALSE,-0.09881761565983094
South East Melbourne Phoenix v Melbourne United,Sam Waardenburg,Melbourne United,Player Rebounds,6.5,BetRight,5.5,NA,4.382750000000001,24.340010909179398,0.1855,NA,0.1661795376047714,blend: book price,6.017588052136256,1.1992989439565982,over,-0.0860125431737574,FALSE,0.02024999999999988,top 10%,FALSE,-0.07343903716601449
South East Melbourne Phoenix v Melbourne United,Joe Ingles,Melbourne United,Player Points,4.5,TAB,1.05,NA,9.062249999999997,22.38714552634611,0.7705,NA,0.8702103434007546,blend: book price,1.149147453352521,7.704774218547508,over,-0.08627913942920762,FALSE,-0.190975,rest,FALSE,-0.3429628594137699
South East Melbourne Phoenix v Melbourne United,Joe Ingles,Melbourne United,Player Rebounds,2.5,BetRight,1.35,NA,4.154000000000002,22.38714552634611,0.7065,NA,0.676781522023284,blend: book price,1.4775817120574342,3.093882522620003,over,-0.08634494526856651,FALSE,-0.04622499999999996,top 20%,FALSE,-0.09881761565983094
Brisbane Bullets v Illawarra Hawks,Tyrell Harrison,Brisbane Bullets,Player Points,9.5,Sportsbet,1.02,NA,14.150249999999993,27.622759933796313,0.69575,NA,0.8945818740553486,blend: book price,1.1178406683636082,9.486034693170687,over,-0.08752648846354438,FALSE,-0.290335,rest,FALSE,-0.3429628594137699
South East Melbourne Phoenix v Melbourne United,Joe Ingles,Melbourne United,Player Points,4.5,Sportsbet,1.06,NA,9.062249999999997,22.38714552634611,0.7705,NA,0.860031327114223,blend: book price,1.1627483423835645,7.144455822740146,over,-0.08836679325892349,FALSE,-0.18327000000000004,rest,FALSE,-0.3429628594137699
South East Melbourne Phoenix v Melbourne United,Sam Waardenburg,Melbourne United,Player Rebounds,5.5,Sportsbet,3.5,NA,4.382750000000001,24.340010909179398,0.2895,NA,0.260331228684535,blend: book price,3.8412602477737434,1.3519564956372951,over,-0.08884069960412744,FALSE,0.013249999999999984,top 10%,FALSE,-0.07343903716601449
South East Melbourne Phoenix v Melbourne United,Sam Waardenburg,Melbourne United,Player Rebounds,5.5,TAB,3.5,NA,4.382750000000001,24.340010909179398,0.2895,NA,0.260331228684535,blend: book price,3.8412602477737434,1.3519564956372951,over,-0.08884069960412744,FALSE,0.013249999999999984,top 10%,FALSE,-0.07343903716601449
South East Melbourne Phoenix v Melbourne United,Chris Goulding,Melbourne United,Player Points,11.5,BetRight,1.6,NA,14.485249999999995,26.822970870898306,0.596,NA,0.5692298947283104,blend: book price,1.756759455645409,2.3214238587176177,over,-0.08923216843470327,FALSE,-0.0464,top 20%,FALSE,-0.09881761565983094
South East Melbourne Phoenix v Melbourne United,Joe Ingles,Melbourne United,Player Points,4.5,BetRight,1.07,NA,9.062249999999997,22.38714552634611,0.7705,NA,0.8509110811864895,blend: book price,1.175210926393889,6.707406613169292,over,-0.08952514313045623,FALSE,-0.17556499999999997,rest,FALSE,-0.3429628594137699
Cairns Taipans v Tasmania JackJumpers,Jack McVeigh,Cairns Taipans,Player Points,9.5,Pointsbet,1.04,NA,15.347999999999994,28.975523788647227,0.74825,NA,0.8749249720902326,blend: book price,1.1429551468978625,7.995201094189861,over,-0.09007802902615814,FALSE,-0.22182000000000002,rest,FALSE,-0.3429628594137699
Cairns Taipans v Tasmania JackJumpers,Jaylon Brown,Cairns Taipans,Player Assists,9.5,Pointsbet,19,NA,3.9592500000000004,26.27110691744886,0.04425,NA,0.04787606747106677,blend: book price,20.887262735276575,1.0502834408792805,over,-0.09035471804973139,FALSE,NA,price > 6,FALSE,-0.5387411371602528
Cairns Taipans v Tasmania JackJumpers,Nick Marshall,Tasmania JackJumpers,Player Assists,3.5,TAB,2.5,NA,2.9335,27.94522393186349,0.3375,NA,0.36380097196795796,blend: book price,2.748755712747452,1.5718351583989456,over,-0.09049757008010506,FALSE,-0.15625,rest,FALSE,-0.3429628594137699
South East Melbourne Phoenix v Melbourne United,Nathan Sobey,South East Melbourne Phoenix,Player Rebounds,2.5,BetRight,1.29,NA,4.252500000000001,28.095023263042446,0.72975,NA,0.7049499981035626,blend: book price,1.4185403258247717,3.3892560365107207,over,-0.09061450244640423,FALSE,-0.05862249999999991,top 20%,TRUE,-0.09881761565983094
South East Melbourne Phoenix v Melbourne United,Luke Travers,Melbourne United,Player PRAs,14.5,BetRight,1.02,NA,21.138250000000006,28.261818708693287,0.7865,NA,0.8912449364092463,blend: book price,1.122026010076331,9.194974164724956,over,-0.09093016486256877,FALSE,-0.19777,rest,FALSE,-0.3429628594137699
Cairns Taipans v Tasmania JackJumpers,Dakota Mathias,Tasmania JackJumpers,Player Threes,1.5,Pointsbet,1.5,NA,2.77425,33.7302846071562,0.69675,NA,0.6058206611706183,blend: book price,1.6506535086930096,2.536916325877862,over,-0.09126900824407258,FALSE,0.04512500000000008,top 5%,FALSE,-0.030958169282341706
South East Melbourne Phoenix v Melbourne United,Jordan Hunter,South East Melbourne Phoenix,Player Rebounds,6.5,BetRight,2.9,NA,5.537749999999999,16.24806469641585,0.3465,NA,0.31334887006641393,blend: book price,3.1913311185326796,1.4563436312945726,over,-0.0912882768073996,FALSE,0.004849999999999799,top 10%,FALSE,-0.07343903716601449
South East Melbourne Phoenix v Melbourne United,Skylar Mays,South East Melbourne Phoenix,Player Rebounds,2.5,BetRight,1.29,NA,4.172250000000001,26.884292778390584,0.72875,NA,0.7042098946771453,blend: book price,1.4200311690571512,3.380775698729005,over,-0.09156923586648247,FALSE,-0.059912499999999924,top 20%,FALSE,-0.09881761565983094
South East Melbourne Phoenix v Melbourne United,Sam Waardenburg,Melbourne United,Player Rebounds,2.5,BetRight,1.22,NA,4.382750000000001,24.340010909179398,0.763,NA,0.7445549548050387,blend: book price,1.3430842056001755,3.9147363349200144,over,-0.0916429551378527,FALSE,-0.06913999999999998,top 20%,FALSE,-0.09881761565983094
Cairns Taipans v Tasmania JackJumpers,Reyne Smith,Cairns Taipans,Player Points,4.5,Sportsbet,1.04,NA,8.256249999999998,20.32192545736321,0.74225,NA,0.8730852418690652,blend: book price,1.145363536164282,7.8793043041403035,over,-0.09199134845617218,FALSE,-0.22806000000000004,rest,FALSE,-0.3429628594137699
Perth Wildcats v Adelaide 36ers,Kristian Doolittle,Perth Wildcats,Player Points,9.5,TAB,1.05,NA,15.189499999999995,33.94564352393243,0.75425,NA,0.8647584889139659,blend: book price,1.1563922329989282,7.394179434773162,over,-0.09200358664033581,FALSE,-0.2080375,rest,FALSE,-0.3429628594137699
Cairns Taipans v Tasmania JackJumpers,Keanu Pinder,Cairns Taipans,Player Rebounds,3.5,TAB,1.05,NA,6.883999999999996,25.975269438688255,0.84625,NA,0.8641718237804219,blend: book price,1.15717727942735,7.362242708636629,over,-0.092619585030557,FALSE,-0.11143749999999997,rest,FALSE,-0.3429628594137699
South East Melbourne Phoenix v Melbourne United,Sam Waardenburg,Melbourne United,Player Rebounds,7.5,TAB,9,NA,4.382750000000001,24.340010909179398,0.1115,NA,0.10080687287819003,blend: book price,9.91995854497292,1.1121081443325291,over,-0.09273814409628978,FALSE,NA,price > 6,FALSE,-0.5387411371602528
South East Melbourne Phoenix v Melbourne United,Sam Waardenburg,Melbourne United,Player Rebounds,3.5,TAB,1.6,NA,4.382750000000001,24.340010909179398,0.603,NA,0.5667842488157522,blend: book price,1.7643397855346465,2.3083186547727745,over,-0.09314520189479647,FALSE,-0.03520000000000001,top 10%,FALSE,-0.07343903716601449
Perth Wildcats v Adelaide 36ers,Kristian Doolittle,Perth Wildcats,Player Rebounds,4.5,BetRight,1.15,NA,7.217999999999999,33.94564352393243,0.79725,NA,0.788289573641442,blend: book price,1.2685693600900723,4.723432932426179,over,-0.09346699031234174,FALSE,-0.08316250000000003,top 20%,FALSE,-0.09881761565983094
Brisbane Bullets v Illawarra Hawks,Kelan Martin,Illawarra Hawks,Player Rebounds,7.5,Sportsbet,10,NA,4.195249999999999,25.31577048270224,0.1,NA,0.09063834381529078,blend: book price,11.032858257404511,1.099672493555062,over,-0.09361656184709222,FALSE,NA,price > 6,FALSE,-0.5387411371602528
Cairns Taipans v Tasmania JackJumpers,Malique Lewis,Cairns Taipans,Player Rebounds,11.5,Pointsbet,19,NA,6.167749999999998,27.57509697673598,0.05175,NA,0.047695271385112314,blend: book price,20.96643904016325,1.0500840434284984,over,-0.09378984368286603,FALSE,NA,price > 6,FALSE,-0.5387411371602528
Cairns Taipans v Tasmania JackJumpers,Keanu Pinder,Cairns Taipans,Player Rebounds,3.5,Sportsbet,1.03,NA,6.883999999999996,25.975269438688255,0.84625,NA,0.8797120625711485,blend: book price,1.1367355780904993,8.313385542847845,over,-0.09389657555171693,FALSE,-0.12836250000000005,rest,FALSE,-0.3429628594137699
Cairns Taipans v Tasmania JackJumpers,David Johnson,Tasmania JackJumpers,Player Threes,0.5,Sportsbet,1.03,NA,2.0229999999999992,24.54132940151298,0.816,NA,0.8796695642046753,blend: book price,1.1367904957631647,8.310449416978296,over,-0.09394034886918434,FALSE,-0.15952,rest,FALSE,-0.3429628594137699
Brisbane Bullets v Illawarra Hawks,Kelan Martin,Illawarra Hawks,Player Rebounds,5.5,Sportsbet,3.6,NA,4.195249999999999,25.31577048270224,0.27925,NA,0.2515602821204323,blend: book price,3.975190326433402,1.3361129508641485,over,-0.09438298436644366,FALSE,0.005300000000000082,top 10%,FALSE,-0.07343903716601449
Cairns Taipans v Tasmania JackJumpers,Dakota Mathias,Tasmania JackJumpers,Player Points,14.5,TAB,2.25,NA,14.764500000000002,33.7302846071562,0.4445,NA,0.4022760558298923,blend: book price,2.4858551373061664,1.6730131187707744,over,-0.09487887438274234,FALSE,1.2499999999993072e-4,top 10%,FALSE,-0.07343903716601449
South East Melbourne Phoenix v Melbourne United,D'Shawn Schwartz,South East Melbourne Phoenix,Player Points,4.5,TAB,1.05,NA,8.517749999999998,20.73353339436755,0.74475,NA,0.8615993759182173,blend: book price,1.1606322241520746,7.225400944789725,over,-0.09532065528587175,FALSE,-0.21801249999999994,rest,FALSE,-0.3429628594137699
Perth Wildcats v Adelaide 36ers,Zylan Cheatham,Adelaide 36ers,Player Points,9.5,Sportsbet,1.19,NA,14.8875,34.99983282334774,0.7315,NA,0.7601291042975826,blend: book price,1.315565993127018,4.168909267094224,over,-0.09544636588587674,FALSE,-0.12951500000000005,rest,FALSE,-0.3429628594137699
South East Melbourne Phoenix v Melbourne United,Tanner Krebs,South East Melbourne Phoenix,Player Threes,3.5,Sportsbet,5.9,NA,2.3339999999999987,25.634747615826885,0.22225,NA,0.1532964994877899,blend: book price,6.523306163815243,1.1810509811227352,over,-0.09555065302203958,FALSE,0.3112750000000002,top 5%,FALSE,-0.030958169282341706
Cairns Taipans v Tasmania JackJumpers,Reyne Smith,Cairns Taipans,Player Points,4.5,BetRight,1.05,NA,8.256249999999998,20.32192545736321,0.74225,NA,0.8607709589440946,blend: book price,1.1617492314409599,7.182409592252126,over,-0.09619049310870065,FALSE,-0.22063750000000004,rest,FALSE,-0.3429628594137699
Cairns Taipans v Tasmania JackJumpers,Reyne Smith,Cairns Taipans,Player Points,4.5,TAB,1.05,NA,8.256249999999998,20.32192545736321,0.74225,NA,0.8607709589440946,blend: book price,1.1617492314409599,7.182409592252126,over,-0.09619049310870065,FALSE,-0.22063750000000004,rest,FALSE,-0.3429628594137699
South East Melbourne Phoenix v Melbourne United,Jordan Hunter,South East Melbourne Phoenix,Player Points,4.5,TAB,1.15,NA,8.538249999999998,16.24806469641585,0.74375,NA,0.7858351761990083,blend: book price,1.272531480248672,4.669300878883965,over,-0.09628954737114048,FALSE,-0.14468750000000008,rest,FALSE,-0.3429628594137699
Brisbane Bullets v Illawarra Hawks,Arnas Velicka,Brisbane Bullets,Player Rebounds,3.5,Sportsbet,1.48,NA,4.7654999999999985,31.485242480604562,0.643,NA,0.6104615897208046,blend: book price,1.638104701161217,2.5671409381253723,over,-0.0965168472132093,FALSE,-0.04835999999999996,top 20%,FALSE,-0.09881761565983094
South East Melbourne Phoenix v Melbourne United,Skylar Mays,South East Melbourne Phoenix,Player Rebounds,4.5,BetRight,2.5,NA,4.172250000000001,26.884292778390584,0.3965,NA,0.3613468226840566,blend: book price,2.767424361371373,1.5657950755098136,over,-0.0966329432898585,FALSE,-0.008749999999999925,top 10%,FALSE,-0.07343903716601449
Perth Wildcats v Adelaide 36ers,Zylan Cheatham,Adelaide 36ers,Player Assists,1.5,Sportsbet,1.08,NA,3.1195,34.99983282334774,0.785,NA,0.8364394559049563,blend: book price,1.1955437933258244,6.11394395593908,over,-0.09664538762264718,FALSE,-0.1521999999999999,rest,FALSE,-0.3429628594137699
Perth Wildcats v Adelaide 36ers,Zylan Cheatham,Adelaide 36ers,Player Assists,1.5,TAB,1.08,NA,3.1195,34.99983282334774,0.785,NA,0.8364394559049563,blend: book price,1.1955437933258244,6.11394395593908,over,-0.09664538762264718,FALSE,-0.1521999999999999,rest,FALSE,-0.3429628594137699
South East Melbourne Phoenix v Melbourne United,Sam Waardenburg,Melbourne United,Player Rebounds,3.5,Sportsbet,1.59,NA,4.382750000000001,24.340010909179398,0.603,NA,0.5679094730594502,blend: book price,1.7608440208133622,2.3143298398152274,over,-0.09702393783547414,FALSE,-0.04122999999999999,top 10%,FALSE,-0.07343903716601449
Cairns Taipans v Tasmania JackJumpers,Will Magnay,Tasmania JackJumpers,Player Rebounds,9.5,Pointsbet,5,NA,6.924249999999999,26.254847578198834,0.2005,NA,0.18046738102847712,blend: book price,5.5411675744449544,1.2202076852718269,over,-0.09766309485761437,FALSE,0.0024999999999999467,top 10%,FALSE,-0.07343903716601449
Cairns Taipans v Tasmania JackJumpers,David Johnson,Tasmania JackJumpers,Player Threes,0.5,Pointsbet,1.04,NA,2.0229999999999992,24.54132940151298,0.816,NA,0.8661932668327349,blend: book price,1.1544767643559894,7.473465470156499,over,-0.0991590024939557,FALSE,-0.15136000000000005,rest,FALSE,-0.3429628594137699
Brisbane Bullets v Illawarra Hawks,William Hickey,Illawarra Hawks,Player Points,9.5,Sportsbet,1.21,NA,14.505250000000002,33.74068844496633,0.7175,NA,0.744292145055384,blend: book price,1.343558448981869,3.910712872768773,over,-0.09940650448298538,FALSE,-0.13182499999999997,rest,FALSE,-0.3429628594137699
South East Melbourne Phoenix v Melbourne United,Nathan Sobey,South East Melbourne Phoenix,Player Points,11.5,BetRight,1.09,NA,18.60274999999999,28.095023263042446,0.74725,NA,0.8255286762247944,blend: book price,1.2113449584490223,5.73160092078187,over,-0.10017374291497405,FALSE,-0.18549749999999998,rest,TRUE,-0.3429628594137699
South East Melbourne Phoenix v Melbourne United,Jordan Hunter,South East Melbourne Phoenix,Player Points,4.5,Sportsbet,1.12,NA,8.538249999999998,16.24806469641585,0.74375,NA,0.8032624007618193,blend: book price,1.244923201996749,5.082912487863331,over,-0.10034611114676228,FALSE,-0.16699999999999993,rest,FALSE,-0.3429628594137699
Brisbane Bullets v Illawarra Hawks,William Hickey,Illawarra Hawks,Player Points,19.5,Sportsbet,4.8,NA,14.505250000000002,33.74068844496633,0.224,NA,0.18737403100000485,blend: book price,5.336918860436824,1.2305784434019311,over,-0.10060465119997675,FALSE,0.07519999999999993,top 5%,FALSE,-0.030958169282341706
South East Melbourne Phoenix v Melbourne United,Jordan Hunter,South East Melbourne Phoenix,Player Points,4.5,BetRight,1.11,NA,8.538249999999998,16.24806469641585,0.74375,NA,0.8097612000643145,blend: book price,1.2349319773787333,5.256551241587271,over,-0.1011650679286108,FALSE,-0.1744374999999999,rest,FALSE,-0.3429628594137699
South East Melbourne Phoenix v Melbourne United,Jordan Hunter,South East Melbourne Phoenix,Player Rebounds,3.5,TAB,1.3,NA,5.537749999999999,16.24806469641585,0.714,NA,0.6913952788730521,blend: book price,1.4463506340829544,3.240391126708133,over,-0.10118613746503224,FALSE,-0.07179999999999997,top 20%,FALSE,-0.09881761565983094
Cairns Taipans v Tasmania JackJumpers,Will Magnay,Tasmania JackJumpers,Player PRAs,19.5,BetRight,1.82,NA,22.005000000000003,26.254847578198834,0.5725,0.517426273458445,0.49377930080175575,blend: two-way consensus,2.025196273671835,1.9754229757570296,over,-0.10132167254080449,FALSE,0.041950000000000154,top 5%,FALSE,-0.030958169282341706
Cairns Taipans v Tasmania JackJumpers,Taran Armstrong,Tasmania JackJumpers,Player Rebounds,2.5,BetRight,1.15,NA,4.5025,29.88892484187663,0.78625,NA,0.7803660097376979,blend: book price,1.2814499702980746,4.553029332143584,over,-0.10257908880164757,FALSE,-0.09581250000000008,top 20%,FALSE,-0.09881761565983094
Cairns Taipans v Tasmania JackJumpers,Keanu Pinder,Cairns Taipans,Player Points,29.5,Pointsbet,13,NA,16.92150000000001,25.975269438688255,0.08725,NA,0.06902302072408786,blend: book price,14.487919965099659,1.0741404162085426,over,-0.1027007305868578,FALSE,NA,price > 6,FALSE,-0.5387411371602528
Perth Wildcats v Adelaide 36ers,Zylan Cheatham,Adelaide 36ers,Player Points,9.5,BetRight,1.15,NA,14.8875,34.99983282334774,0.7315,NA,0.7801493310206137,blend: book price,1.2818058802816268,4.548541992809502,over,-0.1028282693262943,FALSE,-0.158775,rest,FALSE,-0.3429628594137699
Perth Wildcats v Adelaide 36ers,Zylan Cheatham,Adelaide 36ers,Player Points,9.5,TAB,1.15,NA,14.8875,34.99983282334774,0.7315,NA,0.7801493310206137,blend: book price,1.2818058802816268,4.548541992809502,over,-0.1028282693262943,FALSE,-0.158775,rest,FALSE,-0.3429628594137699
South East Melbourne Phoenix v Melbourne United,Jordan Hunter,South East Melbourne Phoenix,Player Rebounds,2.5,BetRight,1.08,NA,5.537749999999999,16.24806469641585,0.82,NA,0.8305323206286598,blend: book price,1.2040470613390024,5.900830197885607,over,-0.1030250937210474,FALSE,-0.11439999999999995,rest,FALSE,-0.3429628594137699
South East Melbourne Phoenix v Melbourne United,Sam Waardenburg,Melbourne United,Player PRAs,11.5,BetRight,1.18,NA,16.614500000000003,24.340010909179398,0.755,NA,0.7600647542244293,blend: book price,1.3156773741211047,4.167791175354765,over,-0.10312359001517346,FALSE,-0.10910000000000009,rest,FALSE,-0.3429628594137699
Cairns Taipans v Tasmania JackJumpers,Dakota Mathias,Tasmania JackJumpers,Player Threes,1.5,BetRight,1.46,NA,2.77425,33.7302846071562,0.69675,NA,0.6142045045118102,blend: book price,1.6281222176884436,2.5920468530473357,over,-0.10326142341275713,FALSE,0.01725500000000002,top 10%,FALSE,-0.07343903716601449
Cairns Taipans v Tasmania JackJumpers,Dakota Mathias,Tasmania JackJumpers,Player Threes,1.5,Sportsbet,1.46,NA,2.77425,33.7302846071562,0.69675,NA,0.6142045045118102,blend: book price,1.6281222176884436,2.5920468530473357,over,-0.10326142341275713,FALSE,0.01725500000000002,top 10%,FALSE,-0.07343903716601449
South East Melbourne Phoenix v Melbourne United,Skylar Mays,South East Melbourne Phoenix,Player Assists,1.5,TAB,1.05,NA,3.4407500000000004,26.884292778390584,0.7915,NA,0.8538587774984944,blend: book price,1.1711538562965271,6.842696282971749,over,-0.10344828362658087,FALSE,-0.168925,rest,FALSE,-0.3429628594137699
South East Melbourne Phoenix v Melbourne United,Jordan Hunter,South East Melbourne Phoenix,Player Rebounds,5.5,TAB,2.15,NA,5.537749999999999,16.24806469641585,0.45225,NA,0.4166244977882674,blend: book price,2.4002429173241024,1.7141617983764015,over,-0.10425732975522517,FALSE,-0.027662500000000034,top 10%,FALSE,-0.07343903716601449
Perth Wildcats v Adelaide 36ers,Isaac White,Adelaide 36ers,Player Assists,1.5,Sportsbet,1.78,NA,1.741499999999999,15.999257515431703,0.467,NA,0.5027254869027773,blend: book price,1.9891571564450863,2.010961699548211,over,-0.10514863331305635,FALSE,-0.1687399999999999,rest,FALSE,-0.3429628594137699
Perth Wildcats v Adelaide 36ers,Jo Lual-Acuil Jr,Perth Wildcats,Player Rebounds,3.5,Sportsbet,1.03,NA,6.338,31.112404931629083,0.826,NA,0.8682804917640992,blend: book price,1.1517015635906829,7.591889868044958,over,-0.10567109348297787,FALSE,-0.14922000000000002,rest,FALSE,-0.3429628594137699
Perth Wildcats v Adelaide 36ers,Jo Lual-Acuil Jr,Perth Wildcats,Player Rebounds,3.5,TAB,1.05,NA,6.338,31.112404931629083,0.826,NA,0.8515126672073978,blend: book price,1.1743806504717986,6.734581200921276,over,-0.10591169943223222,FALSE,-0.13270000000000004,rest,FALSE,-0.3429628594137699
Cairns Taipans v Tasmania JackJumpers,Keanu Pinder,Cairns Taipans,Player Points,24.5,Pointsbet,6,NA,16.92150000000001,25.975269438688255,0.18025,NA,0.14900981486904058,blend: book price,6.710967333788478,1.1751016844525761,over,-0.10594111078575652,FALSE,0.0814999999999999,top 5%,FALSE,-0.030958169282341706
Brisbane Bullets v Illawarra Hawks,Sam Froling,Illawarra Hawks,Player Rebounds,3.5,Sportsbet,1.07,NA,6.898250000000003,18.3576638963734,0.81925,NA,0.8351070113570946,blend: book price,1.1974513282734212,6.064539239843693,over,-0.10643549784790873,FALSE,-0.12340249999999986,rest,FALSE,-0.3429628594137699
Perth Wildcats v Adelaide 36ers,Kristian Doolittle,Perth Wildcats,Player PRAs,19.5,BetRight,1.03,NA,26.22125,33.94564352393243,0.7655,NA,0.8674957309573571,blend: book price,1.152743424911628,7.546926655458755,over,-0.10647939711392218,FALSE,-0.21153500000000003,rest,FALSE,-0.3429628594137699
Perth Wildcats v Adelaide 36ers,Elijah Pepper,Perth Wildcats,Player Assists,1.5,Sportsbet,1.27,NA,2.372,32.473449223538,0.6585,NA,0.7034324444262556,blend: book price,1.421600621244639,3.371913013429213,over,-0.10664079557865536,FALSE,-0.163705,rest,FALSE,-0.3429628594137699
South East Melbourne Phoenix v Melbourne United,Tanner Krebs,South East Melbourne Phoenix,Player Assists,1.5,TAB,1.8,NA,1.5997499999999998,25.634747615826885,0.4605,NA,0.4961975380675117,blend: book price,2.0153264038644663,1.9849049489837631,over,-0.10684443147847889,FALSE,-0.17109999999999992,rest,FALSE,-0.3429628594137699
Brisbane Bullets v Illawarra Hawks,Arnas Velicka,Brisbane Bullets,Player Points,9.5,Sportsbet,1.06,NA,15.345249999999995,31.485242480604562,0.7195,NA,0.8420113319999765,blend: book price,1.1876324723858087,6.329567890273314,over,-0.10746798808002489,FALSE,-0.23732999999999993,rest,FALSE,-0.3429628594137699
Brisbane Bullets v Illawarra Hawks,Milton Doyle,Illawarra Hawks,Player Rebounds,7.5,Sportsbet,11.5,NA,4.131,27.119966222884155,0.08475,NA,0.07756722101170234,blend: book price,12.892043661705154,1.08408983589761,over,-0.10797695836542309,FALSE,NA,price > 6,FALSE,-0.5387411371602528
Perth Wildcats v Adelaide 36ers,Kristian Doolittle,Perth Wildcats,Player Rebounds,5.5,TAB,1.35,NA,7.217999999999999,33.94564352393243,0.68325,NA,0.6597110998884472,blend: book price,1.5158150289863144,2.938679456403609,over,-0.10939001515059621,FALSE,-0.07761249999999986,top 20%,FALSE,-0.09881761565983094
Cairns Taipans v Tasmania JackJumpers,Nick Marshall,Tasmania JackJumpers,Player Threes,0.5,TAB,1.4,NA,1.214000000000001,27.94522393186349,0.6705,0.6424776624003864,0.6358250880486205,blend: two-way consensus,1.5727595824648108,2.7459332512545744,over,-0.10984487673193144,FALSE,-0.06130000000000013,top 20%,FALSE,-0.09881761565983094
South East Melbourne Phoenix v Melbourne United,Jordan Hunter,South East Melbourne Phoenix,Player Rebounds,3.5,Sportsbet,1.28,NA,5.537749999999999,16.24806469641585,0.714,NA,0.69539580028938,blend: book price,1.438029967370903,3.282948826542837,over,-0.10989337562959367,FALSE,-0.08608000000000005,top 20%,FALSE,-0.09881761565983094
Cairns Taipans v Tasmania JackJumpers,Jack McVeigh,Cairns Taipans,Player Threes,0.5,Sportsbet,1.05,NA,1.7632500000000004,28.975523788647227,0.80025,NA,0.8476334191919631,blend: book price,1.1797552778809568,6.563118990376746,over,-0.10998490984843867,FALSE,-0.15973749999999998,rest,FALSE,-0.3429628594137699
Cairns Taipans v Tasmania JackJumpers,Jack McVeigh,Cairns Taipans,Player Threes,0.5,TAB,1.05,NA,1.7632500000000004,28.975523788647227,0.80025,NA,0.8476334191919631,blend: book price,1.1797552778809568,6.563118990376746,over,-0.10998490984843867,FALSE,-0.15973749999999998,rest,FALSE,-0.3429628594137699
Perth Wildcats v Adelaide 36ers,Nick Rakocevic,Adelaide 36ers,Player Rebounds,4.5,BetRight,1.04,NA,7.932250000000002,24.432875676252536,0.81975,NA,0.8553593019474438,blend: book price,1.1690993454133773,6.913683447770994,over,-0.1104263259746584,FALSE,-0.14746000000000004,rest,FALSE,-0.3429628594137699
Perth Wildcats v Adelaide 36ers,Nick Rakocevic,Adelaide 36ers,Player Points,7.5,BetRight,1.07,NA,11.922000000000002,24.432875676252536,0.71775,NA,0.8313057398813899,blend: book price,1.2029268559395239,5.927883967699275,over,-0.11050285832691276,FALSE,-0.23200749999999992,rest,FALSE,-0.3429628594137699
Perth Wildcats v Adelaide 36ers,Zylan Cheatham,Adelaide 36ers,Player Points,19.5,BetRight,4.33,NA,14.8875,34.99983282334774,0.24125,NA,0.20540204749930982,blend: book price,4.868500641423061,1.2584980830278836,over,-0.11060913432798847,FALSE,0.044612499999999944,top 5%,FALSE,-0.030958169282341706
South East Melbourne Phoenix v Melbourne United,Tanner Krebs,South East Melbourne Phoenix,Player Threes,2.5,Sportsbet,2.95,NA,2.3339999999999987,25.634747615826885,0.40075,NA,0.30140340439458657,blend: book price,3.317812557587557,1.4314412728183799,over,-0.11085995703596951,FALSE,0.1822125000000001,top 5%,FALSE,-0.030958169282341706
South East Melbourne Phoenix v Melbourne United,Jordan Hunter,South East Melbourne Phoenix,Player Rebounds,5.5,Sportsbet,2.12,NA,5.537749999999999,16.24806469641585,0.45225,NA,0.41837781473140034,blend: book price,2.3901840986525604,1.7193291888241655,over,-0.11303903276943128,FALSE,-0.04122999999999999,top 10%,FALSE,-0.07343903716601449
Cairns Taipans v Tasmania JackJumpers,Dakota Mathias,Tasmania JackJumpers,Player Points,29.5,Pointsbet,21,NA,14.764500000000002,33.7302846071562,0.05375,NA,0.042231468158549966,blend: book price,23.679025229378514,1.0440936058708818,over,-0.11313916867045071,FALSE,NA,price > 6,FALSE,-0.5387411371602528
Cairns Taipans v Tasmania JackJumpers,Keanu Pinder,Cairns Taipans,Player Points,24.5,Sportsbet,5.9,NA,16.92150000000001,25.975269438688255,0.18025,NA,0.15024021800033105,blend: book price,6.6560073814442715,1.176803163885661,over,-0.11358271379804674,FALSE,0.06347499999999995,top 5%,FALSE,-0.030958169282341706
Cairns Taipans v Tasmania JackJumpers,Jack McVeigh,Cairns Taipans,Player Threes,0.5,Pointsbet,1.07,NA,1.7632500000000004,28.975523788647227,0.80025,NA,0.8283451096424843,blend: book price,1.207226297782578,5.825642356691624,over,-0.11367073268254169,FALSE,-0.14373249999999993,rest,FALSE,-0.3429628594137699
Perth Wildcats v Adelaide 36ers,Elijah Pepper,Perth Wildcats,Player PRAs,14.5,BetRight,1.14,NA,20.162,32.473449223538,0.7535,NA,0.7765761164986019,blend: book price,1.2877037791334138,4.475797234961868,over,-0.11470322719159387,FALSE,-0.14101000000000008,rest,FALSE,-0.3429628594137699
Cairns Taipans v Tasmania JackJumpers,Taran Armstrong,Tasmania JackJumpers,Player Points,9.5,Sportsbet,1.04,NA,13.541749999999997,29.88892484187663,0.6675,NA,0.8504065698150195,blend: book price,1.1759081308808799,6.684785546821441,over,-0.11557716739237966,FALSE,-0.30579999999999996,rest,FALSE,-0.3429628594137699
Brisbane Bullets v Illawarra Hawks,Milton Doyle,Illawarra Hawks,Player Rebounds,5.5,Sportsbet,3.8,NA,4.131,27.119966222884155,0.25625,NA,0.23273753674025077,blend: book price,4.2966855025025925,1.3033349706063488,over,-0.11559736038704715,FALSE,-0.026250000000000107,top 10%,FALSE,-0.07343903716601449
South East Melbourne Phoenix v Melbourne United,Angus Glover,South East Melbourne Phoenix,Player Assists,1.5,Sportsbet,1.4,NA,2.1070000000000007,22.489781259576617,0.5875,NA,0.6316477535627865,blend: book price,1.5831608588165411,2.7147927280808704,over,-0.11569314501209904,FALSE,-0.1775,rest,FALSE,-0.3429628594137699
South East Melbourne Phoenix v Melbourne United,Angus Glover,South East Melbourne Phoenix,Player Assists,1.5,TAB,1.4,NA,2.1070000000000007,22.489781259576617,0.5875,NA,0.6316477535627865,blend: book price,1.5831608588165411,2.7147927280808704,over,-0.11569314501209904,FALSE,-0.1775,rest,FALSE,-0.3429628594137699
Perth Wildcats v Adelaide 36ers,Elijah Pepper,Perth Wildcats,Player Assists,1.5,TAB,1.25,NA,2.372,32.473449223538,0.6585,NA,0.706923353368185,blend: book price,1.4145805131991058,3.4120767092585016,over,-0.1163458082897687,FALSE,-0.176875,rest,FALSE,-0.3429628594137699
South East Melbourne Phoenix v Melbourne United,Chris Goulding,Melbourne United,Player Threes,1.5,TAB,1.3,NA,2.8927499999999995,26.822970870898306,0.735,NA,0.6795554271268441,blend: book price,1.4715503108083374,3.1206644913154387,over,-0.11657794473510263,FALSE,-0.044499999999999984,top 20%,FALSE,-0.09881761565983094
Cairns Taipans v Tasmania JackJumpers,Will Magnay,Tasmania JackJumpers,Player Rebounds,4.5,BetRight,1.17,NA,6.924249999999999,26.254847578198834,0.75825,NA,0.7543197457770187,blend: book price,1.3256977635789027,4.070331183768607,over,-0.11744589744088818,FALSE,-0.1128475000000001,rest,FALSE,-0.3429628594137699
Perth Wildcats v Adelaide 36ers,Jo Lual-Acuil Jr,Perth Wildcats,Player Points,11.5,BetRight,1.08,NA,17.070999999999987,31.112404931629083,0.7035,NA,0.8167312638234313,blend: book price,1.2243929482001432,5.45646803084056,over,-0.11793023507069411,FALSE,-0.24022,rest,FALSE,-0.3429628594137699
South East Melbourne Phoenix v Melbourne United,Tanner Krebs,South East Melbourne Phoenix,Player Threes,1.5,Sportsbet,1.62,NA,2.3339999999999987,25.634747615826885,0.63275,NA,0.5440691053627841,blend: book price,1.8380018092245878,2.19331484609241,over,-0.11860804931228974,FALSE,0.02505500000000005,top 10%,FALSE,-0.07343903716601449
Brisbane Bullets v Illawarra Hawks,Milton Doyle,Illawarra Hawks,Player Assists,5.5,Sportsbet,4.1,NA,3.6824999999999983,27.119966222884155,0.1965,NA,0.21495022016728763,blend: book price,4.652239942912074,1.273804573530473,over,-0.1187040973141208,FALSE,-0.19435000000000002,rest,FALSE,-0.3429628594137699
Brisbane Bullets v Illawarra Hawks,Jaylin Williams,Brisbane Bullets,Player Points,4.5,Sportsbet,1.07,NA,7.764249999999997,20.835093245222705,0.6945,NA,0.8228327781954761,blend: book price,1.2153137630139903,5.64438494781694,over,-0.11956892733084057,FALSE,-0.2568849999999999,rest,FALSE,-0.3429628594137699
Cairns Taipans v Tasmania JackJumpers,David Johnson,Tasmania JackJumpers,Player PRAs,14.5,BetRight,1.03,NA,19.898749999999993,24.54132940151298,0.727,NA,0.8538659124178691,blend: book price,1.1711440701132183,6.84303037399112,over,-0.1205181102095948,FALSE,-0.25119,rest,FALSE,-0.3429628594137699
Cairns Taipans v Tasmania JackJumpers,Dakota Mathias,Tasmania JackJumpers,Player Threes,1.5,TAB,1.4,NA,2.77425,33.7302846071562,0.69675,NA,0.6281043496358186,blend: book price,1.592092142937412,2.6889263131223586,over,-0.12065391050985397,FALSE,-0.024550000000000072,top 10%,FALSE,-0.07343903716601449
South East Melbourne Phoenix v Melbourne United,Sam Waardenburg,Melbourne United,Player PRAs,19.5,BetRight,3,NA,16.614500000000003,24.340010909179398,0.30025,NA,0.29303396880198496,blend: book price,3.4125736483326987,1.4144951183940389,over,-0.12089809359404513,FALSE,-0.09924999999999995,top 20%,FALSE,-0.09881761565983094
Perth Wildcats v Adelaide 36ers,Kristian Doolittle,Perth Wildcats,Player Rebounds,5.5,Sportsbet,1.32,NA,7.217999999999999,33.94564352393243,0.68325,NA,0.6651763809092255,blend: book price,1.5033606554596934,2.986647126972511,over,-0.12196717719982231,FALSE,-0.09810999999999992,top 20%,FALSE,-0.09881761565983094
Cairns Taipans v Tasmania JackJumpers,Keanu Pinder,Cairns Taipans,Player Points,11.5,BetRight,1.09,NA,16.92150000000001,25.975269438688255,0.69675,NA,0.8054924435630215,blend: book price,1.2414765749714451,5.141188436676523,over,-0.12201323651630647,FALSE,-0.2405425,rest,FALSE,-0.3429628594137699
South East Melbourne Phoenix v Melbourne United,Sam Waardenburg,Melbourne United,Player Points,7.5,BetRight,1.36,NA,10.21875,24.340010909179398,0.63025,NA,0.6455617946340348,blend: book price,1.5490383853444953,2.8213662772823214,over,-0.12203595929771249,FALSE,-0.14286,rest,FALSE,-0.3429628594137699
South East Melbourne Phoenix v Melbourne United,Josh Oduro,Melbourne United,Player Assists,1.5,Sportsbet,2.15,NA,1.356249999999998,20.49608489122735,0.375,NA,0.40804700294100565,blend: book price,2.4506980636850244,1.6893233161556906,over,-0.12269894367683787,FALSE,-0.1937500000000001,rest,FALSE,-0.3429628594137699
South East Melbourne Phoenix v Melbourne United,Sam Waardenburg,Melbourne United,Player Rebounds,4.5,BetRight,2.2,NA,4.382750000000001,24.340010909179398,0.43,NA,0.398522382790657,blend: book price,2.509269348932148,1.6625722577004094,over,-0.1232507578605545,FALSE,-0.05399999999999994,top 20%,FALSE,-0.09881761565983094
Brisbane Bullets v Illawarra Hawks,Tyler Harvey,Illawarra Hawks,Player Points,9.5,Sportsbet,1.11,NA,14.227999999999996,26.537541962438,0.69575,NA,0.7895858168234602,blend: book price,1.2664867816687053,4.752531340346906,over,-0.12355974332595909,FALSE,-0.2277174999999999,rest,FALSE,-0.3429628594137699
South East Melbourne Phoenix v Melbourne United,Luke Travers,Melbourne United,Player Rebounds,3.5,TAB,1.05,NA,6.023999999999999,28.261818708693287,0.79825,NA,0.8346073188274198,blend: book price,1.1981682612188789,6.046216754637061,over,-0.12366231523120919,FALSE,-0.16183749999999997,rest,FALSE,-0.3429628594137699
Brisbane Bullets v Illawarra Hawks,Arnas Velicka,Brisbane Bullets,Player Threes,1.5,Sportsbet,1.3,NA,3.2670000000000017,31.485242480604562,0.72625,NA,0.6740777512134446,blend: book price,1.4835083908345066,3.068216434205123,over,-0.12369892342252198,FALSE,-0.05587500000000001,top 20%,FALSE,-0.09881761565983094
Cairns Taipans v Tasmania JackJumpers,Jaylon Brown,Cairns Taipans,Player Assists,7.5,Sportsbet,7.5,NA,3.9592500000000004,26.27110691744886,0.1065,NA,0.11681113401344469,blend: book price,8.560827770791972,1.1322606505947765,over,-0.1239164948991649,FALSE,NA,price > 6,FALSE,-0.5387411371602528
South East Melbourne Phoenix v Melbourne United,Tanner Krebs,South East Melbourne Phoenix,Player Threes,1.5,TAB,1.6,NA,2.3339999999999987,25.634747615826885,0.63275,NA,0.5475048146335296,blend: book price,1.8264679565774165,2.209968265607317,over,-0.12399229658635258,FALSE,0.012400000000000189,top 10%,FALSE,-0.07343903716601449
South East Melbourne Phoenix v Melbourne United,Chris Goulding,Melbourne United,Player Threes,1.5,Sportsbet,1.27,NA,2.8927499999999995,26.822970870898306,0.735,NA,0.6891742528386136,blend: book price,1.4510118389959261,3.2172366965494064,over,-0.12474869889496076,FALSE,-0.06655,top 20%,FALSE,-0.09881761565983094
Cairns Taipans v Tasmania JackJumpers,David Johnson,Tasmania JackJumpers,Player Points,9.5,TAB,1.05,NA,13.310750000000002,24.54132940151298,0.65775,NA,0.8331234698361556,blend: book price,1.2003022795608709,5.992454415358289,over,-0.12522035667203657,FALSE,-0.3093625,rest,FALSE,-0.3429628594137699
Brisbane Bullets v Illawarra Hawks,Milton Doyle,Illawarra Hawks,Player Assists,3.5,Sportsbet,1.68,NA,3.6824999999999983,27.119966222884155,0.47975,NA,0.5202701210438673,blend: book price,1.922078473377647,2.0845063938396917,over,-0.12594619664630302,FALSE,-0.19401999999999997,rest,FALSE,-0.3429628594137699
Perth Wildcats v Adelaide 36ers,Zylan Cheatham,Adelaide 36ers,Player PRAs,19.5,BetRight,1.07,NA,25.928000000000004,34.99983282334774,0.74675,NA,0.8166921494743551,blend: book price,1.224451588819149,5.45530372612219,over,-0.12613940006243995,FALSE,-0.20097749999999992,rest,FALSE,-0.3429628594137699
Perth Wildcats v Adelaide 36ers,Elijah Pepper,Perth Wildcats,Player Points,9.5,BetRight,1.15,NA,13.665499999999996,32.473449223538,0.6865,NA,0.7597054657744827,blend: book price,1.316299599056522,4.161559492907552,over,-0.12633871435934496,FALSE,-0.21052500000000007,rest,FALSE,-0.3429628594137699
Perth Wildcats v Adelaide 36ers,Elijah Pepper,Perth Wildcats,Player Points,9.5,TAB,1.15,NA,13.665499999999996,32.473449223538,0.6865,NA,0.7597054657744827,blend: book price,1.316299599056522,4.161559492907552,over,-0.12633871435934496,FALSE,-0.21052500000000007,rest,FALSE,-0.3429628594137699
South East Melbourne Phoenix v Melbourne United,Chris Goulding,Melbourne United,Player Threes,6.5,Sportsbet,23,NA,2.8927499999999995,26.822970870898306,0.05575,NA,0.037981738720729206,blend: book price,26.32844186920364,1.0394813074236469,over,-0.12642000942322829,FALSE,NA,price > 6,FALSE,-0.5387411371602528
South East Melbourne Phoenix v Melbourne United,Luke Travers,Melbourne United,Player Assists,1.5,Sportsbet,1.1,NA,2.8287500000000003,28.261818708693287,0.73025,NA,0.7937444461258162,blend: book price,1.2598513348734541,4.848354292607323,over,-0.12688110926160212,FALSE,-0.19672500000000004,rest,FALSE,-0.3429628594137699
South East Melbourne Phoenix v Melbourne United,Luke Travers,Melbourne United,Player Assists,1.5,TAB,1.1,NA,2.8287500000000003,28.261818708693287,0.73025,NA,0.7937444461258162,blend: book price,1.2598513348734541,4.848354292607323,over,-0.12688110926160212,FALSE,-0.19672500000000004,rest,FALSE,-0.3429628594137699
Perth Wildcats v Adelaide 36ers,Elijah Pepper,Perth Wildcats,Player Points,9.5,Sportsbet,1.14,NA,13.665499999999996,32.473449223538,0.6865,NA,0.7656822922212881,blend: book price,1.3060247182926783,4.267709894739981,over,-0.12712218686773158,FALSE,-0.21739000000000008,rest,FALSE,-0.3429628594137699
Brisbane Bullets v Illawarra Hawks,Milton Doyle,Illawarra Hawks,Player Rebounds,3.5,Sportsbet,1.66,NA,4.131,27.119966222884155,0.55425,NA,0.5255405581588443,blend: book price,1.9028027132736551,2.1076617131265563,over,-0.1276026734563186,FALSE,-0.07994500000000004,top 20%,FALSE,-0.09881761565983094
South East Melbourne Phoenix v Melbourne United,Nathan Sobey,South East Melbourne Phoenix,Player PRAs,34.5,BetRight,3.9,NA,26.70025,28.095023263042446,0.224,NA,0.2233929118466226,blend: book price,4.476417768736464,1.2876524245713596,over,-0.12876764379817185,FALSE,-0.12639999999999996,rest,TRUE,-0.3429628594137699
South East Melbourne Phoenix v Melbourne United,Skylar Mays,South East Melbourne Phoenix,Player Points,9.5,TAB,1.05,NA,13.426249999999998,26.884292778390584,0.6455,NA,0.829119505468247,blend: book price,1.2060987510301642,5.852042989108859,over,-0.12942451925834064,FALSE,-0.322225,rest,FALSE,-0.3429628594137699
South East Melbourne Phoenix v Melbourne United,Chris Goulding,Melbourne United,Player Threes,1.5,BetRight,1.25,NA,2.8927499999999995,26.822970870898306,0.735,NA,0.6960991126457612,blend: book price,1.4365770359901195,3.2905464959513617,over,-0.12987610919279846,FALSE,-0.08125000000000004,top 20%,FALSE,-0.09881761565983094
Cairns Taipans v Tasmania JackJumpers,Taran Armstrong,Tasmania JackJumpers,Player Points,9.5,Pointsbet,1.07,NA,13.541749999999997,29.88892484187663,0.6675,NA,0.8130465739766171,blend: book price,1.2299418409808829,5.348925779380616,over,-0.13004016584501965,FALSE,-0.285775,rest,FALSE,-0.3429628594137699
South East Melbourne Phoenix v Melbourne United,Nathan Sobey,South East Melbourne Phoenix,Player Points,24.5,Sportsbet,4.1,NA,18.60274999999999,28.095023263042446,0.2435,NA,0.21213027250000663,blend: book price,4.714084360590112,1.2692453651863511,over,-0.13026588274997286,FALSE,-0.0016500000000001513,top 10%,TRUE,-0.07343903716601449
Brisbane Bullets v Illawarra Hawks,Wani Swaka Lo Buluk,Illawarra Hawks,Player Points,9.5,Sportsbet,2.95,NA,8.199750000000002,25.10199900062852,0.327,NA,0.29472323344571677,blend: book price,3.3930138058972665,1.4178830884868412,over,-0.1305664613351355,FALSE,-0.03534999999999988,top 10%,FALSE,-0.07343903716601449
Perth Wildcats v Adelaide 36ers,Bryce Cotton,Adelaide 36ers,Player Threes,1.5,TAB,1.08,NA,3.1090000000000013,36.060843575363826,0.76675,NA,0.8031485542518956,blend: book price,1.2450996701742987,5.079972850591215,over,-0.1325995614079527,FALSE,-0.1719099999999999,rest,FALSE,-0.3429628594137699
South East Melbourne Phoenix v Melbourne United,Skylar Mays,South East Melbourne Phoenix,Player Threes,0.5,Sportsbet,1.12,NA,1.825,26.884292778390584,0.766,NA,0.7742304893623474,blend: book price,1.291605037181622,4.4292960425685814,over,-0.13286185191417088,FALSE,-0.14207999999999987,rest,FALSE,-0.3429628594137699
South East Melbourne Phoenix v Melbourne United,Nathan Sobey,South East Melbourne Phoenix,Player Points,14.5,Sportsbet,1.38,NA,18.60274999999999,28.095023263042446,0.60825,NA,0.6281696407188593,blend: book price,1.591926663083604,2.6893984717474364,over,-0.1331258958079743,FALSE,-0.16061500000000017,rest,TRUE,-0.3429628594137699
Perth Wildcats v Adelaide 36ers,Bryce Cotton,Adelaide 36ers,Player Threes,1.5,Sportsbet,1.1,NA,3.1090000000000013,36.060843575363826,0.76675,NA,0.7878100841896573,blend: book price,1.2693414568672368,4.712759304234839,over,-0.1334089073913769,FALSE,-0.1565749999999999,rest,FALSE,-0.3429628594137699
South East Melbourne Phoenix v Melbourne United,Skylar Mays,South East Melbourne Phoenix,Player Threes,0.5,BetRight,1.11,NA,1.825,26.884292778390584,0.766,NA,0.7805940687596226,blend: book price,1.2810755807932506,4.557761927157825,over,-0.13354058367681887,FALSE,-0.14973999999999987,rest,FALSE,-0.3429628594137699
Cairns Taipans v Tasmania JackJumpers,David Johnson,Tasmania JackJumpers,Player Points,9.5,Sportsbet,1.07,NA,13.310750000000002,24.54132940151298,0.65775,NA,0.8095166497296105,blend: book price,1.2353050432427963,5.249802665589976,over,-0.1338171847893168,FALSE,-0.29620750000000007,rest,FALSE,-0.3429628594137699
South East Melbourne Phoenix v Melbourne United,Skylar Mays,South East Melbourne Phoenix,Player Threes,0.5,TAB,1.1,NA,1.825,26.884292778390584,0.766,NA,0.787415408349727,blend: book price,1.2699776882647114,4.704009788466322,over,-0.13384305081530024,FALSE,-0.15739999999999987,rest,FALSE,-0.3429628594137699
South East Melbourne Phoenix v Melbourne United,Sam Waardenburg,Melbourne United,Player PRAs,13.5,BetRight,1.36,NA,16.614500000000003,24.340010909179398,0.6335,NA,0.6368343607748507,blend: book price,1.5702670295354,2.753564467534983,over,-0.13390526934620306,FALSE,-0.13844,rest,FALSE,-0.3429628594137699
Cairns Taipans v Tasmania JackJumpers,Keanu Pinder,Cairns Taipans,Player Steals,0.5,Sportsbet,1.32,NA,1.1674999999999998,25.975269438688255,0.6735,NA,0.6560413119855842,blend: book price,1.524294250576058,2.9073258936203663,over,-0.13402546817902872,FALSE,-0.11097999999999997,rest,FALSE,-0.3429628594137699
Brisbane Bullets v Illawarra Hawks,Tyler Harvey,Illawarra Hawks,Player Assists,1.5,Sportsbet,1.16,NA,2.5487500000000014,26.537541962438,0.68675,NA,0.7462970586547559,blend: book price,1.3399490034203785,3.9416176836482943,over,-0.13429541196048322,FALSE,-0.20337000000000005,rest,FALSE,-0.3429628594137699
Brisbane Bullets v Illawarra Hawks,Arnas Velicka,Brisbane Bullets,Player Threes,2.5,Sportsbet,1.96,NA,3.2670000000000017,31.485242480604562,0.53525,NA,0.4415349812863295,blend: book price,2.2648262139653967,1.7906224499133903,over,-0.13459143667879414,FALSE,0.04909000000000008,top 5%,FALSE,-0.030958169282341706
South East Melbourne Phoenix v Melbourne United,Nathan Sobey,South East Melbourne Phoenix,Player PRAs,19.5,BetRight,1.11,NA,26.70025,28.095023263042446,0.72575,NA,0.7787933789064085,blend: book price,1.2840376242081213,4.520660344867818,over,-0.13553934941388646,FALSE,-0.1944174999999999,rest,TRUE,-0.3429628594137699
Brisbane Bullets v Illawarra Hawks,Milton Doyle,Illawarra Hawks,Player Threes,0.5,Sportsbet,1.08,NA,1.6582499999999993,27.119966222884155,0.761,NA,0.8002941710515123,blend: book price,1.2495405266866966,5.007365109297542,over,-0.1356822952643666,FALSE,-0.17811999999999995,rest,FALSE,-0.3429628594137699
Perth Wildcats v Adelaide 36ers,Kristian Doolittle,Perth Wildcats,Player Rebounds,7.5,TAB,2.15,NA,7.217999999999999,33.94564352393243,0.431,NA,0.40199626592473353,blend: book price,2.48758529559882,1.6722303608126587,over,-0.13570802826182293,FALSE,-0.07335000000000003,top 20%,FALSE,-0.09881761565983094
Cairns Taipans v Tasmania JackJumpers,Keanu Pinder,Cairns Taipans,Player PRAs,39.5,BetRight,8,NA,25.965,25.975269438688255,0.1015,NA,0.10800483681115566,blend: book price,9.258844599232907,1.1210823121787377,over,-0.1359613055107547,FALSE,NA,price > 6,FALSE,-0.5387411371602528
South East Melbourne Phoenix v Melbourne United,Dash Daniels,South East Melbourne Phoenix,Player Rebounds,2.5,BetRight,1.05,NA,4.661999999999999,24.18613403048899,0.7785,NA,0.8228072624169676,blend: book price,1.2153514506696683,5.643572155610499,over,-0.136052374462184,FALSE,-0.18257500000000004,rest,FALSE,-0.3429628594137699
Cairns Taipans v Tasmania JackJumpers,Will Magnay,Tasmania JackJumpers,Player Rebounds,7.5,Pointsbet,2.35,NA,6.924249999999999,26.254847578198834,0.39575,NA,0.3674928018778751,blend: book price,2.721141733634062,1.5810096754138747,over,-0.13639191558699348,FALSE,-0.06998749999999998,top 20%,FALSE,-0.09881761565983094
Perth Wildcats v Adelaide 36ers,Zylan Cheatham,Adelaide 36ers,Player Points,11.5,BetRight,1.33,NA,14.8875,34.99983282334774,0.618,NA,0.6487684614953865,blend: book price,1.5413819557366248,2.8471247321853608,over,-0.13713794621113595,FALSE,-0.17806,rest,FALSE,-0.3429628594137699
Perth Wildcats v Adelaide 36ers,Zylan Cheatham,Adelaide 36ers,Player Points,14.5,Sportsbet,2.03,NA,14.8875,34.99983282334774,0.445,NA,0.42500527838743557,blend: book price,2.3529119539273067,1.7391463998060965,over,-0.1372392848735059,FALSE,-0.09665000000000012,top 20%,FALSE,-0.09881761565983094
Cairns Taipans v Tasmania JackJumpers,Jack McVeigh,Cairns Taipans,Player Rebounds,3.5,Sportsbet,1.12,NA,5.556999999999999,28.975523788647227,0.7565,NA,0.7703163943896225,blend: book price,1.2981678791769353,4.3538153162587685,over,-0.13724563828362268,FALSE,-0.15271999999999997,rest,FALSE,-0.3429628594137699
Brisbane Bullets v Illawarra Hawks,William Hickey,Illawarra Hawks,Player Points,14.5,Sportsbet,2.05,NA,14.505250000000002,33.74068844496633,0.441,NA,0.4206674991012816,blend: book price,2.377174376761719,1.7261244595266105,over,-0.13763162684237285,FALSE,-0.09595000000000009,top 20%,FALSE,-0.09881761565983094
Brisbane Bullets v Illawarra Hawks,William Hickey,Illawarra Hawks,Player Assists,3.5,Sportsbet,1.13,NA,5.178500000000001,33.74068844496633,0.699,NA,0.7630746449623076,blend: book price,1.3104877833405084,4.220738636609451,over,-0.1377256511925925,FALSE,-0.21013000000000015,rest,FALSE,-0.3429628594137699
South East Melbourne Phoenix v Melbourne United,Skylar Mays,South East Melbourne Phoenix,Player Points,9.5,Sportsbet,1.07,NA,13.426249999999998,26.884292778390584,0.6455,NA,0.8050787935997195,blend: book price,1.2421144463745424,5.130278118361578,over,-0.13856569084830017,FALSE,-0.309315,rest,FALSE,-0.3429628594137699
Brisbane Bullets v Illawarra Hawks,Kelan Martin,Illawarra Hawks,Player Rebounds,3.5,Sportsbet,1.6,NA,4.195249999999999,25.31577048270224,0.56325,NA,0.5383930103460214,blend: book price,1.8573792392982722,2.1663450129938493,over,-0.13857118344636576,FALSE,-0.09879999999999989,top 20%,FALSE,-0.09881761565983094
Cairns Taipans v Tasmania JackJumpers,Reyne Smith,Cairns Taipans,Player Threes,0.5,TAB,1.05,NA,1.6395000000000013,20.32192545736321,0.73825,NA,0.8203144165822134,blend: book price,1.2190447708653407,5.56527675164068,over,-0.13866986258867586,FALSE,-0.22483750000000002,rest,FALSE,-0.3429628594137699
Perth Wildcats v Adelaide 36ers,Dylan Windler,Perth Wildcats,Player Threes,0.5,Sportsbet,1.11,NA,1.6062499999999988,25.848881798879656,0.757,NA,0.775775884313316,blend: book price,1.2890320777181128,4.4598235873849275,over,-0.1388887684122192,FALSE,-0.15972999999999993,rest,FALSE,-0.3429628594137699
South East Melbourne Phoenix v Melbourne United,Joe Ingles,Melbourne United,Player Assists,1.5,TAB,1.05,NA,3.198000000000003,22.38714552634611,0.73475,NA,0.8200912520598456,blend: book price,1.2193764992472151,5.55837340568144,over,-0.1389041853371621,FALSE,-0.2285125,rest,FALSE,-0.3429628594137699
South East Melbourne Phoenix v Melbourne United,Joe Ingles,Melbourne United,Player Assists,1.5,Sportsbet,1.03,NA,3.198000000000003,22.38714552634611,0.73475,NA,0.8359526970510915,blend: book price,1.196239935019771,6.0958027472810326,over,-0.13896872203737565,FALSE,-0.24320750000000002,rest,FALSE,-0.3429628594137699
Perth Wildcats v Adelaide 36ers,Dylan Windler,Perth Wildcats,Player Threes,0.5,TAB,1.1,NA,1.6062499999999988,25.848881798879656,0.757,NA,0.7827053221782467,blend: book price,1.2776200335741021,4.602045526491447,over,-0.1390241456039285,FALSE,-0.1672999999999999,rest,FALSE,-0.3429628594137699
South East Melbourne Phoenix v Melbourne United,Jordan Hunter,South East Melbourne Phoenix,Player Rebounds,4.5,BetRight,1.53,NA,5.537749999999999,16.24806469641585,0.58525,NA,0.562396642170657,blend: book price,1.778104499593641,2.285174421330608,over,-0.13953313747889484,FALSE,-0.10456749999999992,top 20%,FALSE,-0.09881761565983094
South East Melbourne Phoenix v Melbourne United,Nathan Sobey,South East Melbourne Phoenix,Player Points,14.5,TAB,1.35,NA,18.60274999999999,28.095023263042446,0.60825,NA,0.6373166411120978,blend: book price,1.569078752211822,2.7572260361388103,over,-0.1396225344986678,FALSE,-0.17886250000000004,rest,TRUE,-0.3429628594137699
South East Melbourne Phoenix v Melbourne United,Chris Goulding,Melbourne United,Player Assists,1.5,Sportsbet,1.88,NA,1.4562500000000018,26.822970870898306,0.4185,NA,0.4575058706428045,blend: book price,2.185764301985854,1.8433379199603617,over,-0.13988896319152755,FALSE,-0.21322000000000008,rest,FALSE,-0.3429628594137699
Cairns Taipans v Tasmania JackJumpers,David Johnson,Tasmania JackJumpers,Player Points,9.5,Pointsbet,1.1,NA,13.310750000000002,24.54132940151298,0.65775,NA,0.781793240981311,blend: book price,1.2791105724383018,4.582809462443607,over,-0.1400274349205578,FALSE,-0.276475,rest,FALSE,-0.3429628594137699
Perth Wildcats v Adelaide 36ers,Isaac White,Adelaide 36ers,Player Points,4.5,Sportsbet,1.25,NA,6.904499999999996,15.999257515431703,0.637,NA,0.6877233390064268,blend: book price,1.4540730891069191,3.2022886270728392,over,-0.14034582624196656,FALSE,-0.20375,rest,FALSE,-0.3429628594137699
South East Melbourne Phoenix v Melbourne United,Sam Waardenburg,Melbourne United,Player PRAs,17.5,BetRight,2.2,NA,16.614500000000003,24.340010909179398,0.39675,NA,0.39071150651028325,blend: book price,2.559433196456631,1.6412586331188899,over,-0.14043468567737682,FALSE,-0.12714999999999999,rest,FALSE,-0.3429628594137699
Perth Wildcats v Adelaide 36ers,Kristian Doolittle,Perth Wildcats,Player Points,11.5,BetRight,1.07,NA,15.189499999999995,33.94564352393243,0.6405,NA,0.8032655320424041,blend: book price,1.2449183490512454,5.082993388914137,over,-0.14050588071462755,FALSE,-0.314665,rest,FALSE,-0.3429628594137699
South East Melbourne Phoenix v Melbourne United,Nathan Sobey,South East Melbourne Phoenix,Player Points,24.5,TAB,4,NA,18.60274999999999,28.095023263042446,0.2435,NA,0.21476526323085557,blend: book price,4.6562464756001045,1.2735045371458085,over,-0.14093894707657773,FALSE,-0.026000000000000023,top 10%,TRUE,-0.07343903716601449
Perth Wildcats v Adelaide 36ers,Flynn Cameron,Adelaide 36ers,Player Threes,0.5,TAB,1.05,NA,1.5425000000000004,21.472414740279152,0.733,NA,0.81806226554461825,blend: book price,1.2224008392982877,5.496385909132221,over,-0.1410346211781508,FALSE,-0.23034999999999994,rest,FALSE,-0.3429628594137699
Perth Wildcats v Adelaide 36ers,Kristian Doolittle,Perth Wildcats,Player Assists,2.5,BetRight,1.13,NA,3.813750000000001,33.94564352393243,0.69325,NA,0.7591818241688936,blend: book price,1.317207509669689,4.152510484513147,over,-0.14212453868915031,FALSE,-0.21662750000000008,rest,FALSE,-0.3429628594137699
South East Melbourne Phoenix v Melbourne United,Tanner Krebs,South East Melbourne Phoenix,Player Threes,1.5,BetRight,1.53,NA,2.3339999999999987,25.634747615826885,0.63275,NA,0.5604594346674011,blend: book price,1.7842504526548646,2.275102866201447,over,-0.14249706495887626,FALSE,-0.03189249999999988,top 10%,FALSE,-0.07343903716601449
Cairns Taipans v Tasmania JackJumpers,Reyne Smith,Cairns Taipans,Player Threes,0.5,Sportsbet,1.06,NA,1.6395000000000013,20.32192545736321,0.73825,NA,0.8086741690027466,blend: book price,1.2365919901128974,5.226685778849984,over,-0.1428053808570886,FALSE,-0.21745499999999995,rest,FALSE,-0.3429628594137699
Cairns Taipans v Tasmania JackJumpers,Jack McVeigh,Cairns Taipans,Player Rebounds,3.5,TAB,1.1,NA,5.556999999999999,28.975523788647227,0.7565,NA,0.7789961484680419,blend: book price,1.2837033943833738,4.524808020621286,over,-0.14310423668515382,FALSE,-0.16784999999999994,rest,FALSE,-0.3429628594137699
Cairns Taipans v Tasmania JackJumpers,Keanu Pinder,Cairns Taipans,Player PRAs,19.5,BetRight,1.07,NA,25.965,25.975269438688255,0.71,NA,0.800625539846953,blend: book price,1.2490233576500187,5.015687562149956,over,-0.1433306723637603,FALSE,-0.24029999999999996,rest,FALSE,-0.3429628594137699
Perth Wildcats v Adelaide 36ers,Zylan Cheatham,Adelaide 36ers,Player Rebounds,5.5,TAB,1.03,NA,7.921000000000002,34.99983282334774,0.7585,NA,0.8314372556420253,blend: book price,1.2027365783937751,5.93250901205258,over,-0.14361962668871386,FALSE,-0.21874500000000008,rest,FALSE,-0.3429628594137699
Brisbane Bullets v Illawarra Hawks,Milton Doyle,Illawarra Hawks,Player Points,9.5,Sportsbet,1.11,NA,13.070000000000006,27.119966222884155,0.65175,NA,0.7714461681931072,blend: book price,1.296266727647653,4.375336839003028,over,-0.14369475330565096,FALSE,-0.2765574999999999,rest,FALSE,-0.3429628594137699
Perth Wildcats v Adelaide 36ers,Kristian Doolittle,Perth Wildcats,Player Rebounds,7.5,Sportsbet,2.12,NA,7.217999999999999,33.94564352393243,0.431,NA,0.4037306256714509,blend: book price,2.4768990421196904,1.6770943520721429,over,-0.14409107357652406,FALSE,-0.08627999999999991,top 20%,FALSE,-0.09881761565983094
South East Melbourne Phoenix v Melbourne United,Tanner Krebs,South East Melbourne Phoenix,Player Threes,2.5,TAB,2.75,NA,2.3339999999999987,25.634747615826885,0.40075,NA,0.3111205627672568,blend: book price,3.2141880662130338,1.4516328198400592,over,-0.1444184523900438,FALSE,0.10206249999999994,top 5%,FALSE,-0.030958169282341706
South East Melbourne Phoenix v Melbourne United,Sam Waardenburg,Melbourne United,Player PRAs,15.5,BetRight,1.68,NA,16.614500000000003,24.340010909179398,0.51175,NA,0.5089841595471725,blend: book price,1.9646976850707283,2.036594173983825,over,-0.14490661196075028,FALSE,-0.14025999999999994,rest,FALSE,-0.3429628594137699
Cairns Taipans v Tasmania JackJumpers,Keanu Pinder,Cairns Taipans,Player Points,14.5,Pointsbet,1.53,NA,16.92150000000001,25.975269438688255,0.5485,NA,0.5585854950992923,blend: book price,1.7902362463283141,2.265444358755137,over,-0.14536419249808274,FALSE,-0.16079500000000002,rest,FALSE,-0.3429628594137699
Cairns Taipans v Tasmania JackJumpers,Will Magnay,Tasmania JackJumpers,Player Rebounds,5.5,Sportsbet,1.36,NA,6.924249999999999,26.254847578198834,0.64125,NA,0.6277019152393764,blend: book price,1.5931128704914759,2.6860197270232256,over,-0.1463253952744481,FALSE,-0.1278999999999999,rest,FALSE,-0.3429628594137699
Brisbane Bullets v Illawarra Hawks,Nate Hinton,Brisbane Bullets,Player Threes,0.5,Sportsbet,1.15,NA,1.6594999999999998,28.00915210516743,0.73875,NA,0.7418473444203423,blend: book price,1.347986223205221,3.8736769829254447,over,-0.14687555391660645,FALSE,-0.1504375,rest,FALSE,-0.3429628594137699
Perth Wildcats v Adelaide 36ers,Bryce Cotton,Adelaide 36ers,Player Rebounds,2.5,BetRight,1.35,NA,3.492250000000001,36.060843575363826,0.6445,NA,0.6318106013079485,blend: book price,1.5827528027067619,2.71599346301762,over,-0.1470556882342694,FALSE,-0.12992499999999996,rest,FALSE,-0.3429628594137699
Cairns Taipans v Tasmania JackJumpers,Reyne Smith,Cairns Taipans,Player Threes,0.5,Pointsbet,1.08,NA,1.6395000000000013,20.32192545736321,0.73825,NA,0.7891525924362347,blend: book price,1.2671820501949402,4.742766399428345,over,-0.1477152001688664,FALSE,-0.20269000000000004,rest,FALSE,-0.3429628594137699
Perth Wildcats v Adelaide 36ers,Isaac White,Adelaide 36ers,Player Points,4.5,TAB,1.2,NA,6.904499999999996,15.999257515431703,0.637,NA,0.7101899036279399,blend: book price,1.4080740867922676,3.450535411009951,over,-0.1477721156464722,FALSE,-0.23560000000000003,rest,FALSE,-0.3429628594137699
Perth Wildcats v Adelaide 36ers,Bryce Cotton,Adelaide 36ers,Player Assists,3.5,Sportsbet,1.03,NA,5.391500000000002,36.060843575363826,0.71875,NA,0.8270609463646935,blend: book price,1.2091007372497176,5.782383903342029,over,-0.1481272252443656,FALSE,-0.25968749999999996,rest,FALSE,-0.3429628594137699
Perth Wildcats v Adelaide 36ers,Bryce Cotton,Adelaide 36ers,Player Assists,3.5,TAB,1.03,NA,5.391500000000002,36.060843575363826,0.71875,NA,0.8270609463646935,blend: book price,1.2091007372497176,5.782383903342029,over,-0.1481272252443656,FALSE,-0.25968749999999996,rest,FALSE,-0.3429628594137699
Perth Wildcats v Adelaide 36ers,Zylan Cheatham,Adelaide 36ers,Player Rebounds,5.5,Sportsbet,1.05,NA,7.921000000000002,34.99983282334774,0.7585,NA,0.8110002121638641,blend: book price,1.233045300113865,5.291011230483532,over,-0.14844977722794273,FALSE,-0.20357500000000006,rest,FALSE,-0.3429628594137699
Perth Wildcats v Adelaide 36ers,Zylan Cheatham,Adelaide 36ers,Player Points,17.5,BetRight,3,NA,14.8875,34.99983282334774,0.31025,NA,0.28384599354962814,blend: book price,3.5230372199181956,1.3963477003452303,over,-0.14846201935111558,FALSE,-0.06924999999999992,top 20%,FALSE,-0.09881761565983094
Perth Wildcats v Adelaide 36ers,Isaac White,Adelaide 36ers,Player Points,4.5,BetRight,1.18,NA,6.904499999999996,15.999257515431703,0.637,NA,0.720458727293382,blend: book price,1.3880045617002907,3.5772892865430728,over,-0.14985870179380922,FALSE,-0.24834,rest,FALSE,-0.3429628594137699
Cairns Taipans v Tasmania JackJumpers,Will Magnay,Tasmania JackJumpers,Player Rebounds,5.5,TAB,1.35,NA,6.924249999999999,26.254847578198834,0.64125,NA,0.6294957154808839,blend: book price,1.5885731632598654,2.699024118703289,over,-0.1501807841008067,FALSE,-0.13431249999999995,rest,FALSE,-0.3429628594137699
Perth Wildcats v Adelaide 36ers,Jo Lual-Acuil Jr,Perth Wildcats,Player Points,29.5,Sportsbet,10.5,NA,17.070999999999987,31.112404931629083,0.09675,NA,0.08092776239993368,blend: book price,12.356698991109377,1.0880537558301804,over,-0.1502584948006963,FALSE,NA,price > 6,FALSE,-0.5387411371602528
South East Melbourne Phoenix v Melbourne United,Nathan Sobey,South East Melbourne Phoenix,Player Points,24.5,BetRight,3.9,NA,18.60274999999999,28.095023263042446,0.2435,NA,0.21751450944979434,blend: book price,4.597394456716991,1.2779789683983134,over,-0.1516934131458021,FALSE,-0.050350000000000006,top 20%,TRUE,-0.09881761565983094
Perth Wildcats v Adelaide 36ers,Bryce Cotton,Adelaide 36ers,Player Steals,0.5,Sportsbet,1.2,NA,1.3649999999999998,36.060843575363826,0.7225,NA,0.7068868417109098,blend: book price,1.414653578187501,3.4116516837286603,over,-0.15173578994690828,FALSE,-0.133,rest,FALSE,-0.3429628594137699
Perth Wildcats v Adelaide 36ers,Kristian Doolittle,Perth Wildcats,Player Rebounds,6.5,BetRight,1.6,NA,7.217999999999999,33.94564352393243,0.55025,NA,0.5291892211278038,blend: book price,1.8896832363078147,2.1239955516639832,over,-0.153297246195514,FALSE,-0.11959999999999993,rest,FALSE,-0.3429628594137699
Cairns Taipans v Tasmania JackJumpers,Jaylon Brown,Cairns Taipans,Player Points,7.5,BetRight,1.11,NA,10.618000000000004,26.27110691744886,0.62825,NA,0.761798168642342,blend: book price,1.3126836492429164,4.198120536271228,over,-0.15440403280700032,FALSE,-0.3026424999999999,rest,FALSE,-0.3429628594137699
Cairns Taipans v Tasmania JackJumpers,Malique Lewis,Cairns Taipans,Player Threes,0.5,Pointsbet,1.22,NA,1.3849999999999996,27.57509697673598,0.71075,NA,0.6930900645464825,blend: book price,1.4428139301842993,3.2582848727992815,over,-0.15443012125329136,FALSE,-0.13288500000000003,rest,FALSE,-0.3429628594137699
Cairns Taipans v Tasmania JackJumpers,Taran Armstrong,Tasmania JackJumpers,Player Rebounds,3.5,Sportsbet,1.37,NA,4.5025,29.88892484187663,0.62875,NA,0.617046834888078,blend: book price,1.6206225256489377,2.6112853766536692,over,-0.15464583620333305,FALSE,-0.13861249999999992,rest,FALSE,-0.3429628594137699
Cairns Taipans v Tasmania JackJumpers,Will Magnay,Tasmania JackJumpers,Player Blocks,0.5,Sportsbet,1.18,NA,1.6407500000000024,26.254847578198834,0.76175,NA,0.7149758693773365,blend: book price,1.3986486017645428,3.508474871286865,over,-0.15632847413474305,FALSE,-0.10113499999999997,top 20%,FALSE,-0.09881761565983094
South East Melbourne Phoenix v Melbourne United,Nathan Sobey,South East Melbourne Phoenix,Player Points,14.5,BetRight,1.26,NA,18.60274999999999,28.095023263042446,0.60825,NA,0.6695207423619852,blend: book price,1.4936057043910624,3.0259085158540695,over,-0.15640386462389866,FALSE,-0.23360500000000006,rest,TRUE,-0.3429628594137699
Cairns Taipans v Tasmania JackJumpers,David Johnson,Tasmania JackJumpers,Player Rebounds,2.5,BetRight,1.21,NA,3.889500000000001,24.54132940151298,0.69175,NA,0.696166557717649,blend: book price,1.4364378594663543,3.291276932809472,over,-0.1576384651616447,FALSE,-0.16298250000000003,rest,FALSE,-0.3429628594137699
Cairns Taipans v Tasmania JackJumpers,Jaylon Brown,Cairns Taipans,Player Assists,2.5,BetRight,1.14,NA,3.9592500000000004,26.27110691744886,0.66775,NA,0.7387747137342895,blend: book price,1.3535926195217123,3.8281133281363506,over,-0.15779682634291003,FALSE,-0.23876500000000012,rest,FALSE,-0.3429628594137699
Cairns Taipans v Tasmania JackJumpers,Malique Lewis,Cairns Taipans,Player Threes,0.5,BetRight,1.2,NA,1.3849999999999996,27.57509697673598,0.71075,NA,0.7015919043013394,blend: book price,1.425330015738739,3.35111551735454,over,-0.15808971483839274,FALSE,-0.1471,rest,FALSE,-0.3429628594137699
Cairns Taipans v Tasmania JackJumpers,Malique Lewis,Cairns Taipans,Player Threes,0.5,TAB,1.2,NA,1.3849999999999996,27.57509697673598,0.71075,NA,0.7015919043013394,blend: book price,1.425330015738739,3.35111551735454,over,-0.15808971483839274,FALSE,-0.1471,rest,FALSE,-0.3429628594137699
Cairns Taipans v Tasmania JackJumpers,Keanu Pinder,Cairns Taipans,Player Rebounds,4.5,BetRight,1.09,NA,6.883999999999996,25.975269438688255,0.7385,NA,0.7723428955975685,blend: book price,1.2947616993696707,4.392571023095731,over,-0.15814624379865028,FALSE,-0.19503499999999985,rest,FALSE,-0.3429628594137699
South East Melbourne Phoenix v Melbourne United,Nathan Sobey,South East Melbourne Phoenix,Player Assists,2.5,BetRight,1.13,NA,3.8450000000000006,28.095023263042446,0.67075,NA,0.7439220061519543,blend: book price,1.3442269374079236,3.905060270791525,over,-0.15936813304829178,FALSE,-0.24205250000000011,rest,TRUE,-0.3429628594137699
Cairns Taipans v Tasmania JackJumpers,Malique Lewis,Cairns Taipans,Player Threes,0.5,Sportsbet,1.19,NA,1.3849999999999996,27.57509697673598,0.71075,NA,0.70611089293192,blend: book price,1.4162081480541833,3.4026439767580356,over,-0.15972803741101527,FALSE,-0.15420750000000005,rest,FALSE,-0.3429628594137699
Perth Wildcats v Adelaide 36ers,Matt Kenyon,Adelaide 36ers,Player Rebounds,3.5,Sportsbet,2.25,NA,3.193,17.35960324566636,0.39725,NA,0.3734144869331506,blend: book price,2.677989298736077,1.595951357230488,over,-0.15981740440041114,FALSE,-0.10618749999999999,top 20%,FALSE,-0.09881761565983094
South East Melbourne Phoenix v Melbourne United,Sam Waardenburg,Melbourne United,Player Points,9.5,Sportsbet,1.74,NA,10.21875,24.340010909179398,0.48,NA,0.4826250753064044,blend: book price,2.0720017486972253,1.9328342992119862,over,-0.16023236896685633,FALSE,-0.16480000000000006,rest,FALSE,-0.3429628594137699
Cairns Taipans v Tasmania JackJumpers,Kyrin Galloway,Cairns Taipans,Player Points,4.5,Sportsbet,1.33,NA,6.007500000000005,16.492581016209076,0.583,NA,0.6309906954882306,blend: book price,1.5848094229444185,2.7099587673624783,over,-0.1607823750006533,FALSE,-0.22460999999999998,rest,FALSE,-0.3429628594137699
Perth Wildcats v Adelaide 36ers,Bryce Cotton,Adelaide 36ers,Player Points,19.5,TAB,1.08,NA,23.66425,36.060843575363826,0.59725,NA,0.7765901556710001,blend: book price,1.2876805000650133,4.47607849601905,over,-0.16128263187531988,FALSE,-0.35497,rest,FALSE,-0.3429628594137699
Cairns Taipans v Tasmania JackJumpers,Taran Armstrong,Tasmania JackJumpers,Player Rebounds,4.5,BetRight,1.86,NA,4.5025,29.88892484187663,0.4515,0.5020107238605898,0.45087194599324804,blend: two-way consensus,2.217924643319847,1.821068861267292,over,-0.16137818045255858,FALSE,-0.16020999999999996,rest,FALSE,-0.3429628594137699
Cairns Taipans v Tasmania JackJumpers,Will Magnay,Tasmania JackJumpers,Player Rebounds,7.5,Sportsbet,2.25,NA,6.924249999999999,26.254847578198834,0.39575,NA,0.37238536461994476,blend: book price,2.685390176438853,1.5933344183321105,over,-0.16213292960512427,FALSE,-0.10956250000000001,rest,FALSE,-0.3429628594137699
Cairns Taipans v Tasmania JackJumpers,Taran Armstrong,Tasmania JackJumpers,Player Rebounds,3.5,TAB,1.35,NA,4.5025,29.88892484187663,0.62875,NA,0.6206218878060876,blend: book price,1.6112870326488524,2.635892709300182,over,-0.1621604514617817,FALSE,-0.15118749999999992,rest,FALSE,-0.3429628594137699
Cairns Taipans v Tasmania JackJumpers,Keanu Pinder,Cairns Taipans,Player Points,14.5,TAB,1.45,NA,16.92150000000001,25.975269438688255,0.5485,NA,0.5777993173003753,blend: book price,1.7307047101963589,2.368541882987554,over,-0.1621909899144559,FALSE,-0.20467500000000005,rest,FALSE,-0.3429628594137699
South East Melbourne Phoenix v Melbourne United,Sam Waardenburg,Melbourne United,Player Points,9.5,BetRight,1.73,NA,10.21875,24.340010909179398,0.48,NA,0.4842514008748273,blend: book price,2.0650430710028798,1.9389291637364177,over,-0.16224507648654873,FALSE,-0.16960000000000008,rest,FALSE,-0.3429628594137699
Cairns Taipans v Tasmania JackJumpers,Jaylon Brown,Cairns Taipans,Player Assists,3.5,Pointsbet,1.53,NA,3.9592500000000004,26.27110691744886,0.49725,NA,0.5475239857111345,blend: book price,1.8264040043856364,2.2100619003454827,over,-0.1622883018619642,FALSE,-0.2392074999999999,rest,FALSE,-0.3429628594137699
Perth Wildcats v Adelaide 36ers,Zylan Cheatham,Adelaide 36ers,Player Points,14.5,TAB,1.9,NA,14.8875,34.99983282334774,0.445,NA,0.4408583863469694,blend: book price,2.26830209193972,1.7884556891888561,over,-0.16236906594075817,FALSE,-0.15450000000000008,rest,FALSE,-0.3429628594137699
Cairns Taipans v Tasmania JackJumpers,Keanu Pinder,Cairns Taipans,Player Points,19.5,Pointsbet,2.65,NA,16.92150000000001,25.975269438688255,0.33475,NA,0.31559570668213877,blend: book price,3.1686109120843606,1.461124674060987,over,-0.16367137729233228,FALSE,-0.11291250000000008,rest,FALSE,-0.3429628594137699
Perth Wildcats v Adelaide 36ers,Nick Rakocevic,Adelaide 36ers,Player Rebounds,5.5,Sportsbet,1.12,NA,7.932250000000002,24.432875676252536,0.72075,NA,0.7464823253374997,blend: book price,1.339616446441488,3.944498155133629,over,-0.16393979562200023,FALSE,-0.19275999999999993,rest,FALSE,-0.3429628594137699
Cairns Taipans v Tasmania JackJumpers,Keanu Pinder,Cairns Taipans,Player Points,14.5,Sportsbet,1.44,NA,16.92150000000001,25.975269438688255,0.5485,NA,0.5804211924169415,blend: book price,1.72288678129736,2.3833424899613003,over,-0.16419348291960434,FALSE,-0.21016,rest,FALSE,-0.3429628594137699
Cairns Taipans v Tasmania JackJumpers,Nick Marshall,Tasmania JackJumpers,Player Points,7.5,BetRight,1.29,NA,9.486749999999988,27.94522393186349,0.58825,NA,0.647884684987537,blend: book price,1.5434845477466972,2.839978715394999,over,-0.16422875636607714,FALSE,-0.2411574999999999,rest,FALSE,-0.3429628594137699
Perth Wildcats v Adelaide 36ers,Bryce Cotton,Adelaide 36ers,Player Points,19.5,BetRight,1.09,NA,23.66425,36.060843575363826,0.59725,NA,0.7666564587764241,blend: book price,1.3043651932392115,4.285526802054741,over,-0.16434445993369773,FALSE,-0.34899749999999996,rest,FALSE,-0.3429628594137699
Cairns Taipans v Tasmania JackJumpers,Dakota Mathias,Tasmania JackJumpers,Player Threes,2.5,BetRight,2.4,NA,2.77425,33.7302846071562,0.4845,0.38276681873674745,0.34809882557180816,blend: two-way consensus,2.872747411190887,1.5339748403999107,over,-0.16456281862766042,FALSE,0.16279999999999983,top 5%,FALSE,-0.030958169282341706
Perth Wildcats v Adelaide 36ers,Matt Kenyon,Adelaide 36ers,Player Rebounds,5.5,Sportsbet,6.25,NA,3.193,17.35960324566636,0.14375,NA,0.13364648944253812,blend: book price,7.482426243825539,1.1542632283633758,over,-0.16470944098413676,FALSE,NA,price > 6,FALSE,-0.5387411371602528
South East Melbourne Phoenix v Melbourne United,Tanner Krebs,South East Melbourne Phoenix,Player Threes,2.5,BetRight,2.63,NA,2.3339999999999987,25.634747615826885,0.40075,NA,0.31759172800891056,blend: book price,3.1486966183575893,1.4653984147675418,over,-0.1647337553365653,FALSE,0.05397249999999998,top 5%,FALSE,-0.030958169282341706
Perth Wildcats v Adelaide 36ers,Elijah Pepper,Perth Wildcats,Player Assists,2.5,BetRight,1.82,NA,2.372,32.473449223538,0.41525,NA,0.4587163678009413,blend: book price,2.1799963336689725,1.8474602602286838,over,-0.16513621060228678,FALSE,-0.24424499999999993,rest,FALSE,-0.3429628594137699
Perth Wildcats v Adelaide 36ers,Kristian Doolittle,Perth Wildcats,Player Threes,0.5,Sportsbet,1.1,NA,1.3304999999999996,33.94564352393243,0.7095,NA,0.7584936600944214,blend: book price,1.3184025821330063,4.140678047586531,over,-0.16565697389613632,FALSE,-0.2195499999999999,rest,FALSE,-0.3429628594137699
Perth Wildcats v Adelaide 36ers,Kristian Doolittle,Perth Wildcats,Player Threes,0.5,TAB,1.1,NA,1.3304999999999996,33.94564352393243,0.7095,NA,0.7584936600944214,blend: book price,1.3184025821330063,4.140678047586531,over,-0.16565697389613632,FALSE,-0.2195499999999999,rest,FALSE,-0.3429628594137699
Cairns Taipans v Tasmania JackJumpers,Kyrin Galloway,Cairns Taipans,Player Points,4.5,TAB,1.3,NA,6.007500000000005,16.492581016209076,0.583,NA,0.6415482265694288,blend: book price,1.5587292717608023,2.7897755684941274,over,-0.1659873054597426,FALSE,-0.24209999999999998,rest,FALSE,-0.3429628594137699
South East Melbourne Phoenix v Melbourne United,Luke Travers,Melbourne United,Player Points,9.5,TAB,1.2,NA,12.285499999999995,28.261818708693287,0.6045,NA,0.6949354832654532,blend: book price,1.4389825013698683,3.277995129371779,over,-0.1660774200814562,FALSE,-0.27459999999999996,rest,FALSE,-0.3429628594137699
Perth Wildcats v Adelaide 36ers,Zylan Cheatham,Adelaide 36ers,Player Points,14.5,BetRight,1.88,NA,14.8875,34.99983282334774,0.445,NA,0.44351162694909724,blend: book price,2.2547323209516943,1.7969827375144973,over,-0.1661981413356972,FALSE,-0.1634,rest,FALSE,-0.3429628594137699
Perth Wildcats v Adelaide 36ers,Kristian Doolittle,Perth Wildcats,Player Threes,0.5,BetRight,1.11,NA,1.3304999999999996,33.94564352393243,0.7095,NA,0.751037711225737,blend: book price,1.3314910623701466,4.016672584925951,over,-0.1663481405394318,FALSE,-0.21245499999999995,rest,FALSE,-0.3429628594137699
Perth Wildcats v Adelaide 36ers,Bryce Cotton,Adelaide 36ers,Player Points,19.5,Sportsbet,1.1,NA,23.66425,36.060843575363826,0.59725,NA,0.7575135069871696,blend: book price,1.3201084743389764,4.123941039252393,over,-0.16673514231411335,FALSE,-0.343025,rest,FALSE,-0.3429628594137699
South East Melbourne Phoenix v Melbourne United,Luke Travers,Melbourne United,Player Points,9.5,Sportsbet,1.19,NA,12.285499999999995,28.261818708693287,0.6045,NA,0.7001154471514884,blend: book price,1.4283358609906855,3.334616573282305,over,-0.16686261788972878,FALSE,-0.28064500000000003,rest,FALSE,-0.3429628594137699
South East Melbourne Phoenix v Melbourne United,Chris Goulding,Melbourne United,Player Assists,1.5,TAB,1.8,NA,1.4562500000000018,26.822970870898306,0.4185,NA,0.46267136594461405,blend: book price,2.161361332483474,1.8610584596110011,over,-0.1671915412996947,FALSE,-0.24670000000000003,rest,FALSE,-0.3429628594137699
Perth Wildcats v Adelaide 36ers,Nick Rakocevic,Adelaide 36ers,Player Points,9.5,Sportsbet,1.25,NA,11.922000000000002,24.432875676252536,0.59225,NA,0.6658644179293134,blend: book price,1.5018072344363618,2.992797096923516,over,-0.16766947758835826,FALSE,-0.25968749999999996,rest,FALSE,-0.3429628594137699
South East Melbourne Phoenix v Melbourne United,Luke Travers,Melbourne United,Player Points,9.5,BetRight,1.17,NA,12.285499999999995,28.261818708693287,0.6045,NA,0.7111727689816268,blend: book price,1.4061280797238105,3.4622774191827745,over,-0.16792786029149664,FALSE,-0.29273499999999997,rest,FALSE,-0.3429628594137699
South East Melbourne Phoenix v Melbourne United,Sam Waardenburg,Melbourne United,Player Points,9.5,TAB,1.7,NA,10.21875,24.340010909179398,0.48,NA,0.48926946192509707,blend: book price,2.0438635104373044,1.95797964963932,over,-0.16824191472733496,FALSE,-0.18400000000000005,rest,FALSE,-0.3429628594137699
South East Melbourne Phoenix v Melbourne United,Nathan Sobey,South East Melbourne Phoenix,Player Points,19.5,Sportsbet,2.18,NA,18.60274999999999,28.095023263042446,0.39175,NA,0.38151109424599594,blend: book price,2.6211557542680692,1.6168438765783408,over,-0.16830581454372884,FALSE,-0.14598499999999992,rest,TRUE,-0.3429628594137699
Perth Wildcats v Adelaide 36ers,Elijah Pepper,Perth Wildcats,Player Threes,1.5,BetRight,1.3,NA,2.5369999999999995,32.473449223538,0.6665,NA,0.6381004753788394,blend: book price,1.5671513164228585,2.7631978821934298,over,-0.17046938200750872,FALSE,-0.13354999999999995,rest,FALSE,-0.3429628594137699
Perth Wildcats v Adelaide 36ers,Elijah Pepper,Perth Wildcats,Player Threes,1.5,Sportsbet,1.3,NA,2.5369999999999995,32.473449223538,0.6665,NA,0.6381004753788394,blend: book price,1.5671513164228585,2.7631978821934298,over,-0.17046938200750872,FALSE,-0.13354999999999995,rest,FALSE,-0.3429628594137699
Perth Wildcats v Adelaide 36ers,Elijah Pepper,Perth Wildcats,Player Threes,1.5,TAB,1.3,NA,2.5369999999999995,32.473449223538,0.6665,NA,0.6381004753788394,blend: book price,1.5671513164228585,2.7631978821934298,over,-0.17046938200750872,FALSE,-0.13354999999999995,rest,FALSE,-0.3429628594137699
Brisbane Bullets v Illawarra Hawks,Sam Froling,Illawarra Hawks,Player Rebounds,5.5,Sportsbet,1.38,NA,6.898250000000003,18.3576638963734,0.6085,NA,0.6009656135359126,blend: book price,1.6639887166193774,2.506049688752823,over,-0.17066745332044064,FALSE,-0.16027000000000002,rest,FALSE,-0.3429628594137699
Brisbane Bullets v Illawarra Hawks,Wani Swaka Lo Buluk,Illawarra Hawks,Player Threes,0.5,Sportsbet,1.4,NA,1.1275000000000002,25.10199900062852,0.6375,NA,0.5923080672581048,blend: book price,1.688310619555075,2.4528324445239584,over,-0.17076870583865333,FALSE,-0.10750000000000015,rest,FALSE,-0.3429628594137699
South East Melbourne Phoenix v Melbourne United,Chris Goulding,Melbourne United,Player Threes,2.5,Sportsbet,1.88,NA,2.8927499999999995,26.822970870898306,0.518,NA,0.44099213285987454,blend: book price,2.2676141488395904,1.7888835896281434,over,-0.17093479022343594,FALSE,-0.026160000000000072,top 10%,FALSE,-0.07343903716601449
South East Melbourne Phoenix v Melbourne United,Chris Goulding,Melbourne United,Player Threes,4.5,Sportsbet,5.9,NA,2.8927499999999995,26.822970870898306,0.1925,NA,0.1405098172648239,blend: book price,7.116940434953838,1.1634804214024599,over,-0.17099207813753903,FALSE,0.13575000000000004,top 5%,FALSE,-0.030958169282341706
Cairns Taipans v Tasmania JackJumpers,Jack McVeigh,Cairns Taipans,Player PRAs,19.5,BetRight,1.04,NA,23.03225000000001,28.975523788647227,0.613,NA,0.7963515192967165,blend: book price,1.2557268690629635,4.910422098640664,over,-0.17179441993141475,FALSE,-0.36248,rest,FALSE,-0.3429628594137699
Perth Wildcats v Adelaide 36ers,Nick Rakocevic,Adelaide 36ers,Player Rebounds,5.5,TAB,1.08,NA,7.932250000000002,24.432875676252536,0.72075,NA,0.7668353328937646,blend: book price,1.304060933429286,4.2888144778144115,over,-0.17181784047473414,FALSE,-0.22158999999999995,rest,FALSE,-0.3429628594137699
Cairns Taipans v Tasmania JackJumpers,Malique Lewis,Cairns Taipans,Player Points,7.5,BetRight,1.22,NA,9.546000000000006,27.57509697673598,0.591,NA,0.6787411710402657,blend: book price,1.4733156653328696,3.1127549186370755,over,-0.1719357713308759,FALSE,-0.27898,rest,FALSE,-0.3429628594137699
Perth Wildcats v Adelaide 36ers,Jo Lual-Acuil Jr,Perth Wildcats,Player Rebounds,4.5,BetRight,1.11,NA,6.338,31.112404931629083,0.71225,NA,0.7454121007796849,blend: book price,1.3415397991983518,3.9279164605330306,over,-0.1725925681345497,FALSE,-0.20940249999999982,rest,FALSE,-0.3429628594137699
Perth Wildcats v Adelaide 36ers,Nick Rakocevic,Adelaide 36ers,Player Points,9.5,TAB,1.2,NA,11.922000000000002,24.432875676252536,0.59225,NA,0.6891928826487842,blend: book price,1.4509726161951741,3.2174295380436475,over,-0.17296854082145896,FALSE,-0.2893,rest,FALSE,-0.3429628594137699
Cairns Taipans v Tasmania JackJumpers,Will Magnay,Tasmania JackJumpers,Player Rebounds,6.5,BetRight,1.67,NA,6.924249999999999,26.254847578198834,0.5125,0.5432801418439716,0.4951093045180822,blend: two-way consensus,2.0197560233156118,1.9806267157399302,over,-0.17316746145480277,FALSE,-0.14412500000000006,rest,FALSE,-0.3429628594137699
Perth Wildcats v Adelaide 36ers,Zylan Cheatham,Adelaide 36ers,Player Assists,2.5,BetRight,1.33,NA,3.1195,34.99983282334774,0.56125,NA,0.6216749013330232,blend: book price,1.6085577813351564,2.643229337740176,over,-0.17317238122707912,FALSE,-0.25353749999999997,rest,FALSE,-0.3429628594137699
Perth Wildcats v Adelaide 36ers,Anthony Dell'Orso,Perth Wildcats,Player Assists,1.5,Sportsbet,1.87,NA,1.439749999999998,20.24341828770149,0.3985,NA,0.4419867725800081,blend: book price,2.2625111474777917,1.792072214172343,over,-0.17348473527538477,FALSE,-0.25480499999999995,rest,FALSE,-0.3429628594137699
South East Melbourne Phoenix v Melbourne United,Nathan Sobey,South East Melbourne Phoenix,Player Points,19.5,TAB,2.15,NA,18.60274999999999,28.095023263042446,0.39175,NA,0.3844239095710864,blend: book price,2.6012950160038972,1.6244945434824023,over,-0.17348859442216424,FALSE,-0.15773750000000009,rest,TRUE,-0.3429628594137699
Perth Wildcats v Adelaide 36ers,Nick Rakocevic,Adelaide 36ers,Player Points,9.5,BetRight,1.18,NA,11.922000000000002,24.432875676252536,0.59225,NA,0.6998913023244088,blend: book price,1.4287932950143833,3.332126018823256,over,-0.17412826325719766,FALSE,-0.301145,rest,FALSE,-0.3429628594137699
Perth Wildcats v Adelaide 36ers,Elijah Pepper,Perth Wildcats,Player Assists,3.5,Sportsbet,3.25,NA,2.372,32.473449223538,0.22775,NA,0.2538994418215173,blend: book price,3.9385671462128147,1.3403019057396004,over,-0.17482681408006873,FALSE,-0.2598125,rest,FALSE,-0.3429628594137699
Perth Wildcats v Adelaide 36ers,Anthony Dell'Orso,Perth Wildcats,Player Points,4.5,TAB,1.1,NA,6.054999999999999,20.24341828770149,0.57725,NA,0.7494105187726309,blend: book price,1.3343821242832026,3.9905904872865072,over,-0.17564842935010594,FALSE,-0.36502499999999993,rest,FALSE,-0.3429628594137699
Perth Wildcats v Adelaide 36ers,Elijah Pepper,Perth Wildcats,Player Points,11.5,BetRight,1.3,NA,13.665499999999996,32.473449223538,0.568,NA,0.634049805738036,blend: book price,1.5771631675464308,2.7326122944592677,over,-0.1757352525405531,FALSE,-0.26160000000000005,rest,FALSE,-0.3429628594137699
Cairns Taipans v Tasmania JackJumpers,Keanu Pinder,Cairns Taipans,Player Assists,4.5,BetRight,8,NA,2.159500000000001,25.975269438688255,0.09225,NA,0.10296014345904474,blend: book price,9.712496179628749,1.1147776686936361,over,-0.1763188523276421,FALSE,NA,price > 6,FALSE,-0.5387411371602528
Brisbane Bullets v Illawarra Hawks,Max Mackinnon,Brisbane Bullets,Player Points,9.5,Sportsbet,1.57,NA,10.607499999999996,28.711766117223874,0.499,NA,0.5238833895694389,blend: book price,1.9088217338248963,2.1003257985384747,over,-0.1775030783759809,FALSE,-0.21656999999999993,rest,FALSE,-0.3429628594137699
Perth Wildcats v Adelaide 36ers,Anthony Dell'Orso,Perth Wildcats,Player Points,4.5,BetRight,1.11,NA,6.054999999999999,20.24341828770149,0.57725,NA,0.7407460712868672,blend: book price,1.3499902851495948,3.857222164245428,over,-0.17777186087157737,FALSE,-0.35925249999999986,rest,FALSE,-0.3429628594137699
Perth Wildcats v Adelaide 36ers,Anthony Dell'Orso,Perth Wildcats,Player Points,4.5,Sportsbet,1.11,NA,6.054999999999999,20.24341828770149,0.57725,NA,0.7407460712868672,blend: book price,1.3499902851495948,3.857222164245428,over,-0.17777186087157737,FALSE,-0.35925249999999986,rest,FALSE,-0.3429628594137699
South East Melbourne Phoenix v Melbourne United,Sam Waardenburg,Melbourne United,Player Points,11.5,BetRight,2.4,NA,10.21875,24.340010909179398,0.35325,NA,0.34251699691529874,blend: book price,2.919563142868763,1.5209518653840752,over,-0.17795920740328308,FALSE,-0.1522,rest,FALSE,-0.3429628594137699
Cairns Taipans v Tasmania JackJumpers,Keanu Pinder,Cairns Taipans,Player Points,19.5,Sportsbet,2.55,NA,16.92150000000001,25.975269438688255,0.33475,NA,0.32209492619917407,blend: book price,3.104674798204146,1.4751327857649408,over,-0.17865793819210618,FALSE,-0.14638750000000011,rest,FALSE,-0.3429628594137699
Cairns Taipans v Tasmania JackJumpers,Taran Armstrong,Tasmania JackJumpers,Player Assists,2.5,BetRight,1.05,NA,3.7075,29.88892484187663,0.67125,NA,0.7818893263203738,blend: book price,1.2789533842418215,4.584828349431715,over,-0.17901620736360746,FALSE,-0.29518749999999994,rest,FALSE,-0.3429628594137699
Cairns Taipans v Tasmania JackJumpers,Kyrin Galloway,Cairns Taipans,Player Points,4.5,BetRight,1.17,NA,6.007500000000005,16.492581016209076,0.583,NA,0.701397244683502,blend: book price,1.4257255892860534,3.3489309197434225,over,-0.17936522372030272,FALSE,-0.3178900000000001,rest,FALSE,-0.3429628594137699
South East Melbourne Phoenix v Melbourne United,Angus Glover,South East Melbourne Phoenix,Player Assists,2.5,BetRight,2.1,NA,2.1070000000000007,22.489781259576617,0.35075,NA,0.39055273630815784,blend: book price,2.56047367495838,1.640831060496212,over,-0.17983925375286847,FALSE,-0.2634249999999999,rest,FALSE,-0.3429628594137699
Perth Wildcats v Adelaide 36ers,Bryce Cotton,Adelaide 36ers,Player Rebounds,3.5,Sportsbet,1.92,NA,3.492250000000001,36.060843575363826,0.446,NA,0.42714247849958337,blend: book price,2.341139199062299,1.7456347564064807,over,-0.1798864412808,FALSE,-0.14368000000000003,rest,FALSE,-0.3429628594137699
Perth Wildcats v Adelaide 36ers,Jo Lual-Acuil Jr,Perth Wildcats,Player Points,14.5,Sportsbet,1.34,NA,17.070999999999987,31.112404931629083,0.55175,NA,0.6117932787662117,blend: book price,1.634539042365217,2.5759471572821475,over,-0.1801970064532763,FALSE,-0.26065499999999997,rest,FALSE,-0.3429628594137699
Perth Wildcats v Adelaide 36ers,Flynn Cameron,Adelaide 36ers,Player Assists,1.5,TAB,1.05,NA,2.4804999999999975,21.472414740279152,0.668,NA,0.7799094532321437,blend: book price,1.2822001270221113,4.5435845141261995,over,-0.18109507410624914,FALSE,-0.2986,rest,FALSE,-0.3429628594137699
Cairns Taipans v Tasmania JackJumpers,Will Magnay,Tasmania JackJumpers,Player Rebounds,11.5,Sportsbet,9.25,NA,6.924249999999999,26.254847578198834,0.09375,NA,0.08848288684433687,blend: book price,11.301620411179007,1.0970721071138314,over,-0.18153329668988394,FALSE,NA,price > 6,FALSE,-0.5387411371602528
South East Melbourne Phoenix v Melbourne United,Chris Goulding,Melbourne United,Player Threes,5.5,Sportsbet,11,NA,2.8927499999999995,26.822970870898306,0.1035,NA,0.07440119961563861,blend: book price,13.440643499917533,1.080381694082515,over,-0.18158680422797524,FALSE,NA,price > 6,FALSE,-0.5387411371602528
Cairns Taipans v Tasmania JackJumpers,Dakota Mathias,Tasmania JackJumpers,Player Threes,2.5,Sportsbet,2.35,NA,2.77425,33.7302846071562,0.4845,0.38276681873674745,0.34809882557180816,blend: two-way consensus,2.872747411190887,1.5339748403999107,over,-0.1819677599062508,FALSE,0.13857500000000011,top 5%,FALSE,-0.030958169282341706
South East Melbourne Phoenix v Melbourne United,Angus Glover,South East Melbourne Phoenix,Player Rebounds,3.5,Sportsbet,2.35,NA,3.0602500000000017,22.489781259576617,0.36625,NA,0.3473207058435424,blend: book price,2.8791833690746618,1.5321460462330585,over,-0.1837963412676753,FALSE,-0.13931249999999995,rest,FALSE,-0.3429628594137699
Perth Wildcats v Adelaide 36ers,Bryce Cotton,Adelaide 36ers,Player Rebounds,5.5,Sportsbet,5.4,NA,3.492250000000001,36.060843575363826,0.16125,NA,0.15112905392500867,blend: book price,6.616861377933374,1.1780353711289084,over,-0.1839031088049532,FALSE,-0.12924999999999986,rest,FALSE,-0.3429628594137699
South East Melbourne Phoenix v Melbourne United,D'Shawn Schwartz,South East Melbourne Phoenix,Player Assists,3.5,TAB,5,NA,1.8319999999999996,20.73353339436755,0.14575,NA,0.16321032167709615,blend: book price,6.127063470767813,1.1950434211906182,over,-0.18394839161451926,FALSE,-0.27125,rest,FALSE,-0.3429628594137699
Cairns Taipans v Tasmania JackJumpers,Nick Marshall,Tasmania JackJumpers,Player PRAs,13.5,BetRight,1.18,NA,16.122249999999994,27.94522393186349,0.623,NA,0.6910268360964972,blend: book price,1.4471218015914462,3.2365270412685927,over,-0.18458833340613334,FALSE,-0.2648600000000001,rest,FALSE,-0.3429628594137699
Brisbane Bullets v Illawarra Hawks,Nate Hinton,Brisbane Bullets,Player Points,9.5,Sportsbet,1.12,NA,11.737749999999998,28.00915210516743,0.56525,NA,0.7275643778034372,blend: book price,1.3744488192495943,3.6705919436574197,over,-0.1851278968601503,FALSE,-0.3669199999999999,rest,FALSE,-0.3429628594137699
Perth Wildcats v Adelaide 36ers,Kristian Doolittle,Perth Wildcats,Player Rebounds,11.5,Sportsbet,8.75,NA,7.217999999999999,33.94564352393243,0.0985,NA,0.09305753639837105,blend: book price,10.74603990932114,1.1026057772494444,over,-0.1857465565142533,FALSE,NA,price > 6,FALSE,-0.5387411371602528
Cairns Taipans v Tasmania JackJumpers,Will Magnay,Tasmania JackJumpers,Player Rebounds,9.5,BetRight,4.33,NA,6.924249999999999,26.254847578198834,0.2005,NA,0.1879808393162803,blend: book price,5.319691111270583,1.2314980340587043,over,-0.18604296576050627,FALSE,-0.13183499999999992,rest,FALSE,-0.3429628594137699
Perth Wildcats v Adelaide 36ers,Jo Lual-Acuil Jr,Perth Wildcats,Player Points,14.5,TAB,1.3,NA,17.070999999999987,31.112404931629083,0.55175,NA,0.6259232554046643,blend: book price,1.5976399524467135,2.6732482423674,over,-0.18629976797393633,FALSE,-0.282725,rest,FALSE,-0.3429628594137699
Cairns Taipans v Tasmania JackJumpers,David Johnson,Tasmania JackJumpers,Player Points,11.5,BetRight,1.08,NA,13.310750000000002,24.54132940151298,0.53725,NA,0.7533442617000439,blend: book price,1.327414371941106,4.054233673590467,over,-0.1863881973639525,FALSE,-0.41977,rest,FALSE,-0.3429628594137699
Cairns Taipans v Tasmania JackJumpers,Jack McVeigh,Cairns Taipans,Player Rebounds,5.5,Pointsbet,1.71,NA,5.556999999999999,28.975523788647227,0.46175,0.5458159320503415,0.47545348818097727,blend: two-way consensus,2.103255155043386,1.9064086357798844,over,-0.18697453521052887,FALSE,-0.21040750000000008,rest,FALSE,-0.3429628594137699
Cairns Taipans v Tasmania JackJumpers,Keanu Pinder,Cairns Taipans,Player Threes,0.5,Pointsbet,1.45,NA,1.0175000000000005,25.975269438688255,0.604,NA,0.5605865746575318,blend: book price,1.7838457879782628,2.2757611450324355,over,-0.18714946674657895,FALSE,-0.12420000000000009,rest,FALSE,-0.3429628594137699
Brisbane Bullets v Illawarra Hawks,Milton Doyle,Illawarra Hawks,Player Steals,0.5,Sportsbet,1.43,NA,0.9464999999999998,27.119966222884155,0.592,NA,0.5682948492869707,blend: book price,1.7596499444868838,2.3163958047485464,over,-0.1873383655196319,FALSE,-0.15344000000000013,rest,FALSE,-0.3429628594137699
Perth Wildcats v Adelaide 36ers,Kristian Doolittle,Perth Wildcats,Player Rebounds,9.5,BetRight,3.9,NA,7.217999999999999,33.94564352393243,0.222,NA,0.20836269869607965,blend: book price,4.799323517395079,1.263204750904084,over,-0.18738547508528935,FALSE,-0.13419999999999999,rest,FALSE,-0.3429628594137699
Cairns Taipans v Tasmania JackJumpers,Keanu Pinder,Cairns Taipans,Player Rebounds,5.5,Pointsbet,1.29,NA,6.883999999999996,25.975269438688255,0.62475,NA,0.629827013427776,blend: book price,1.587737551232665,2.701439695154231,over,-0.18752315267816888,FALSE,-0.19407249999999998,rest,FALSE,-0.3429628594137699
Perth Wildcats v Adelaide 36ers,Zylan Cheatham,Adelaide 36ers,Player Assists,5.5,Sportsbet,5.6,NA,3.1195,34.99983282334774,0.12925,NA,0.14495489513895413,blend: book price,6.898697688280189,1.1695289456835272,over,-0.1882525872218569,FALSE,-0.2762,rest,FALSE,-0.3429628594137699
Cairns Taipans v Tasmania JackJumpers,Nick Marshall,Tasmania JackJumpers,Player Threes,1.5,Sportsbet,3.15,NA,1.214000000000001,27.94522393186349,0.3285,NA,0.2576950080454777,blend: book price,3.880556350643476,1.3471551597234381,over,-0.18826072465674537,FALSE,0.034775,top 5%,FALSE,-0.030958169282341706
South East Melbourne Phoenix v Melbourne United,Chris Goulding,Melbourne United,Player Threes,2.5,TAB,1.8,NA,2.8927499999999995,26.822970870898306,0.518,NA,0.4509452504521042,blend: book price,2.2175641033970974,1.8213119926991304,over,-0.18829854918621236,FALSE,-0.0676,top 20%,FALSE,-0.09881761565983094
Cairns Taipans v Tasmania JackJumpers,Taran Armstrong,Tasmania JackJumpers,Player Points,11.5,BetRight,1.1,NA,13.541749999999997,29.88892484187663,0.54875,NA,0.7377328447517595,blend: book price,1.3555042412900717,3.8129059624468886,over,-0.18849387077306445,FALSE,-0.39637500000000003,rest,FALSE,-0.3429628594137699
Cairns Taipans v Tasmania JackJumpers,David Johnson,Tasmania JackJumpers,Player Rebounds,4.5,BetRight,2.1,NA,3.889500000000001,24.54132940151298,0.35,0.4520418848167539,0.3858368159004949,blend: two-way consensus,2.591769263039674,1.6282317564609712,over,-0.18974268660896065,FALSE,-0.265,rest,FALSE,-0.3429628594137699
Perth Wildcats v Adelaide 36ers,Dylan Windler,Perth Wildcats,Player Rebounds,3.5,TAB,1.05,NA,5.07425,25.848881798879656,0.69025,NA,0.7712865498029436,blend: book price,1.2965349911203436,4.372283305325567,over,-0.1901491227069091,FALSE,-0.2752374999999999,rest,FALSE,-0.3429628594137699
Cairns Taipans v Tasmania JackJumpers,Will Magnay,Tasmania JackJumpers,Player Steals,0.5,Sportsbet,1.45,NA,0.936,26.254847578198834,0.5825,NA,0.5582544847023598,blend: book price,1.7912977457461219,2.2637468075396714,over,-0.1905309971815783,FALSE,-0.15537500000000004,rest,FALSE,-0.3429628594137699
Brisbane Bullets v Illawarra Hawks,Sam Froling,Illawarra Hawks,Player Rebounds,7.5,Sportsbet,2.15,NA,6.898250000000003,18.3576638963734,0.3935,NA,0.37616283274639867,blend: book price,2.658423195877461,1.6029824006838653,over,-0.1912499095952429,FALSE,-0.15397499999999997,rest,FALSE,-0.3429628594137699
South East Melbourne Phoenix v Melbourne United,Chris Goulding,Melbourne United,Player Threes,3.5,Sportsbet,3.15,NA,2.8927499999999995,26.822970870898306,0.3265,NA,0.2567178259589086,blend: book price,3.8953274719616258,1.345384074749405,over,-0.19133884822943803,FALSE,0.028475000000000028,top 5%,FALSE,-0.030958169282341706
Brisbane Bullets v Illawarra Hawks,Nate Hinton,Brisbane Bullets,Player Rebounds,3.5,Sportsbet,1.05,NA,5.138999999999998,28.00915210516743,0.688,NA,0.7699832567433998,blend: book price,1.2987295389115898,4.347509602309378,over,-0.19151758041943012,FALSE,-0.27760000000000007,rest,FALSE,-0.3429628594137699
Cairns Taipans v Tasmania JackJumpers,Jack McVeigh,Cairns Taipans,Player Rebounds,5.5,TAB,1.7,NA,5.556999999999999,28.975523788647227,0.46175,0.5458159320503415,0.47545348818097727,blend: two-way consensus,2.103255155043386,1.9064086357798844,over,-0.19172907009233864,FALSE,-0.21502500000000002,rest,FALSE,-0.3429628594137699
Perth Wildcats v Adelaide 36ers,Dylan Windler,Perth Wildcats,Player Rebounds,3.5,Sportsbet,1.06,NA,5.07425,25.848881798879656,0.69025,NA,0.7623963615446561,blend: book price,1.3116536888685384,4.208689759554939,over,-0.19185985676266448,FALSE,-0.2683349999999999,rest,FALSE,-0.3429628594137699
South East Melbourne Phoenix v Melbourne United,Nathan Sobey,South East Melbourne Phoenix,Player Assists,3.5,Sportsbet,1.45,NA,3.8450000000000006,28.095023263042446,0.498,NA,0.5569357562184583,blend: book price,1.795539232011079,2.2570090320650253,over,-0.1924431534832356,FALSE,-0.27790000000000004,rest,TRUE,-0.3429628594137699
Perth Wildcats v Adelaide 36ers,Jo Lual-Acuil Jr,Perth Wildcats,Player Points,14.5,BetRight,1.24,NA,17.070999999999987,31.112404931629083,0.55175,NA,0.6505769511050891,blend: book price,1.537097184739439,2.861860438693471,over,-0.19328458062968956,FALSE,-0.31583000000000006,rest,FALSE,-0.3429628594137699
Cairns Taipans v Tasmania JackJumpers,Keanu Pinder,Cairns Taipans,Player Points,14.5,BetRight,1.26,NA,16.92150000000001,25.975269438688255,0.5485,NA,0.6402204987009427,blend: book price,1.5619618584988735,2.779480199370158,over,-0.1933221716368122,FALSE,-0.30889,rest,FALSE,-0.3429628594137699
South East Melbourne Phoenix v Melbourne United,Dash Daniels,South East Melbourne Phoenix,Player Rebounds,3.5,TAB,1.25,NA,4.661999999999999,24.18613403048899,0.632,NA,0.6442256543064695,blend: book price,1.5522511301983675,2.810770400127207,over,-0.19471793211691313,FALSE,-0.20999999999999996,rest,FALSE,-0.3429628594137699
Perth Wildcats v Adelaide 36ers,Anthony Dell'Orso,Perth Wildcats,Player Assists,1.5,TAB,1.8,NA,1.439749999999998,20.24341828770149,0.3985,NA,0.4465051423903129,blend: book price,2.239615863429069,1.8067015189961873,over,-0.1962907436974367,FALSE,-0.28269999999999995,rest,FALSE,-0.3429628594137699
Cairns Taipans v Tasmania JackJumpers,Jack McVeigh,Cairns Taipans,Player Rebounds,5.5,Sportsbet,1.69,NA,5.556999999999999,28.975523788647227,0.46175,0.5458159320503415,0.47545348818097727,blend: two-way consensus,2.103255155043386,1.9064086357798844,over,-0.1964836049741484,FALSE,-0.21964250000000007,rest,FALSE,-0.3429628594137699
South East Melbourne Phoenix v Melbourne United,Angus Glover,South East Melbourne Phoenix,Player Rebounds,5.5,Sportsbet,7,NA,3.0602500000000017,22.489781259576617,0.12125,NA,0.11473843113902929,blend: book price,8.71547562636876,1.1296096376200522,over,-0.19683098202679494,FALSE,NA,price > 6,FALSE,-0.5387411371602528
South East Melbourne Phoenix v Melbourne United,Sam Waardenburg,Melbourne United,Player Assists,4.5,BetRight,10,NA,2.013000000000001,24.340010909179398,0.0715,NA,0.08031319877746908,blend: book price,12.45125353269503,1.0873266841175817,over,-0.19686801222530925,FALSE,NA,price > 6,FALSE,-0.5387411371602528
Cairns Taipans v Tasmania JackJumpers,Jaylon Brown,Cairns Taipans,Player Assists,4.5,BetRight,1.83,NA,3.9592500000000004,26.27110691744886,0.352,0.5020107238605898,0.4386467200130329,blend: two-way consensus,2.27973892058349,1.7814093827388287,over,-0.1972765023761498,FALSE,-0.35584000000000005,rest,FALSE,-0.3429628594137699
South East Melbourne Phoenix v Melbourne United,Nathan Sobey,South East Melbourne Phoenix,Player Points,17.5,BetRight,1.57,NA,18.60274999999999,28.095023263042446,0.475,NA,0.511201802340328,blend: book price,1.956174636751885,2.0458340574656835,over,-0.19741317032568506,FALSE,-0.25425,rest,TRUE,-0.3429628594137699
South East Melbourne Phoenix v Melbourne United,Jordan Hunter,South East Melbourne Phoenix,Player Points,7.5,BetRight,1.44,NA,8.538249999999998,16.24806469641585,0.504,NA,0.5572688429086814,blend: book price,1.7944660153265883,2.258707082126,over,-0.1975328662114988,FALSE,-0.27424000000000004,rest,FALSE,-0.3429628594137699
Cairns Taipans v Tasmania JackJumpers,Keanu Pinder,Cairns Taipans,Player Threes,0.5,TAB,1.4,NA,1.0175000000000005,25.975269438688255,0.604,NA,0.5728101366144244,blend: book price,1.7457791615044862,2.3408795144968453,over,-0.19806580873980595,FALSE,-0.1544000000000001,rest,FALSE,-0.3429628594137699
Brisbane Bullets v Illawarra Hawks,Arnas Velicka,Brisbane Bullets,Player Points,29.5,Sportsbet,13,NA,15.345249999999995,31.485242480604562,0.07075,NA,0.06168314180814051,blend: book price,16.21188497678027,1.0657380726666301,over,-0.19811915649417333,FALSE,NA,price > 6,FALSE,-0.5387411371602528
Brisbane Bullets v Illawarra Hawks,William Hickey,Illawarra Hawks,Player Assists,5.5,Sportsbet,1.75,NA,5.178500000000001,33.74068844496633,0.4085,NA,0.45810030128593454,blend: book price,2.1829280556963124,1.8453599482948821,over,-0.1983244727496145,FALSE,-0.2851250000000001,rest,FALSE,-0.3429628594137699
South East Melbourne Phoenix v Melbourne United,Joe Ingles,Melbourne United,Player Points,7.5,BetRight,1.3,NA,9.062249999999997,22.38714552634611,0.533,NA,0.6165259918744056,blend: book price,1.621991632436663,2.6077386701851317,over,-0.19851621056327273,FALSE,-0.30709999999999993,rest,FALSE,-0.3429628594137699
Brisbane Bullets v Illawarra Hawks,Max Mackinnon,Brisbane Bullets,Player Threes,0.5,Sportsbet,1.08,NA,1.2622499999999994,28.711766117223874,0.63675,NA,0.7411474679612008,blend: book price,1.3492591464298846,3.8632034700364097,over,-0.19956073460190304,FALSE,-0.31230999999999987,rest,FALSE,-0.3429628594137699
South East Melbourne Phoenix v Melbourne United,Nathan Sobey,South East Melbourne Phoenix,Player PRAs,24.5,BetRight,1.42,NA,26.70025,28.095023263042446,0.5255,NA,0.5629834307584557,blend: book price,1.7762512098318635,2.2882427587025607,over,-0.20056352832299296,FALSE,-0.25379000000000007,rest,TRUE,-0.3429628594137699
Cairns Taipans v Tasmania JackJumpers,Will Magnay,Tasmania JackJumpers,Player Rebounds,7.5,TAB,2.1,NA,6.924249999999999,26.254847578198834,0.39575,NA,0.3805696336057229,blend: book price,2.6276400208956723,1.6143864657798912,over,-0.20080376942798195,FALSE,-0.168925,rest,FALSE,-0.3429628594137699
Cairns Taipans v Tasmania JackJumpers,Nick Marshall,Tasmania JackJumpers,Player Rebounds,2.5,BetRight,1.09,NA,3.7020000000000013,27.94522393186349,0.6765,NA,0.7331483638234257,blend: book price,1.3639804019815611,3.7474006692554265,over,-0.20086828343246588,FALSE,-0.26261499999999993,rest,FALSE,-0.3429628594137699
Cairns Taipans v Tasmania JackJumpers,Keanu Pinder,Cairns Taipans,Player Rebounds,5.5,TAB,1.25,NA,6.883999999999996,25.975269438688255,0.62475,NA,0.6392143092360957,blend: book price,1.564420548086709,2.7717285513254826,over,-0.20098211345488037,FALSE,-0.21906249999999994,rest,FALSE,-0.3429628594137699
South East Melbourne Phoenix v Melbourne United,Angus Glover,South East Melbourne Phoenix,Player Assists,3.5,Sportsbet,4,NA,2.1070000000000007,22.489781259576617,0.17725,NA,0.199719750748709,blend: book price,5.007016062513607,1.2495622638888795,over,-0.20112099700516395,FALSE,-0.29100000000000004,rest,FALSE,-0.3429628594137699
South East Melbourne Phoenix v Melbourne United,Sam Waardenburg,Melbourne United,Player Points,14.5,Sportsbet,4.25,NA,10.21875,24.340010909179398,0.2015,NA,0.18794861211244732,blend: book price,5.320603268949453,1.2314491606268556,over,-0.20121839852209888,FALSE,-0.1436249999999999,rest,FALSE,-0.3429628594137699
Cairns Taipans v Tasmania JackJumpers,Jaylon Brown,Cairns Taipans,Player Threes,0.5,TAB,1.1,NA,1.2829999999999993,26.27110691744886,0.643,NA,0.7256977721174888,blend: book price,1.3779841118736442,3.645613846156287,over,-0.2017324506707623,FALSE,-0.29269999999999996,rest,FALSE,-0.3429628594137699
South East Melbourne Phoenix v Melbourne United,Luke Travers,Melbourne United,Player Rebounds,4.5,BetRight,1.1,NA,6.023999999999999,28.261818708693287,0.6735,NA,0.7255812720049488,blend: book price,1.3782053624906399,3.6440661586990295,over,-0.20186060079455626,FALSE,-0.25915,rest,FALSE,-0.3429628594137699
South East Melbourne Phoenix v Melbourne United,Skylar Mays,South East Melbourne Phoenix,Player Points,11.5,BetRight,1.11,NA,13.426249999999998,26.884292778390584,0.52575,NA,0.7190357843300088,blend: book price,1.390751367029377,3.5591721088587245,over,-0.20187027939369018,FALSE,-0.4164174999999999,rest,FALSE,-0.3429628594137699
Cairns Taipans v Tasmania JackJumpers,Nick Marshall,Tasmania JackJumpers,Player Threes,2.5,BetRight,7.5,NA,1.214000000000001,27.94522393186349,0.14375,NA,0.10640596861320425,blend: book price,9.397969052235165,1.1190764092818186,over,-0.20195523540096805,FALSE,NA,price > 6,FALSE,-0.5387411371602528
Perth Wildcats v Adelaide 36ers,Kristian Doolittle,Perth Wildcats,Player Rebounds,9.5,Sportsbet,3.8,NA,7.217999999999999,33.94564352393243,0.222,NA,0.20994581941894358,blend: book price,4.763133663569246,1.2657359768219136,over,-0.20220588620801438,FALSE,-0.15639999999999998,rest,FALSE,-0.3429628594137699
Cairns Taipans v Tasmania JackJumpers,Keanu Pinder,Cairns Taipans,Player Threes,0.5,BetRight,1.38,NA,1.0175000000000005,25.975269438688255,0.604,NA,0.5781066077341902,blend: book price,1.7297847604948908,2.3702670350664317,over,-0.20221288132681758,FALSE,-0.16648000000000007,rest,FALSE,-0.3429628594137699
Cairns Taipans v Tasmania JackJumpers,Keanu Pinder,Cairns Taipans,Player Threes,0.5,Sportsbet,1.38,NA,1.0175000000000005,25.975269438688255,0.604,NA,0.5781066077341902,blend: book price,1.7297847604948908,2.3702670350664317,over,-0.20221288132681758,FALSE,-0.16648000000000007,rest,FALSE,-0.3429628594137699
South East Melbourne Phoenix v Melbourne United,Luke Travers,Melbourne United,Player Assists,2.5,BetRight,1.4,NA,2.8287500000000003,28.261818708693287,0.506,NA,0.569457919399245,blend: book price,1.7560560068335858,2.322653336474461,over,-0.20275891284105707,FALSE,-0.2916000000000001,rest,FALSE,-0.3429628594137699
Cairns Taipans v Tasmania JackJumpers,Jack McVeigh,Cairns Taipans,Player Rebounds,4.5,BetRight,1.29,NA,5.556999999999999,28.975523788647227,0.6075,NA,0.6178104380206707,blend: book price,1.6186194639310092,2.6165026454963334,over,-0.20302453495333472,FALSE,-0.21632499999999988,rest,FALSE,-0.3429628594137699
South East Melbourne Phoenix v Melbourne United,Chris Goulding,Melbourne United,Player Threes,2.5,BetRight,1.73,NA,2.8927499999999995,26.822970870898306,0.518,NA,0.4605447089404615,blend: book price,2.171341849308442,1.8537217385261167,over,-0.20325765353300163,FALSE,-0.10385999999999995,top 20%,FALSE,-0.09881761565983094
Perth Wildcats v Adelaide 36ers,Elijah Pepper,Perth Wildcats,Player Threes,6.5,Sportsbet,34,NA,2.5369999999999995,32.473449223538,0.032,NA,0.02343119145822783,blend: book price,42.67815410849931,1.023993385057235,over,-0.2033394904202538,FALSE,NA,price > 6,FALSE,-0.5387411371602528
South East Melbourne Phoenix v Melbourne United,Angus Glover,South East Melbourne Phoenix,Player Threes,1.5,Sportsbet,1.35,NA,2.28225,22.489781259576617,0.609,NA,0.5894192793390847,blend: book price,1.6965851560222107,2.4355746621280496,over,-0.20428397289223565,FALSE,-0.17784999999999995,rest,FALSE,-0.3429628594137699
South East Melbourne Phoenix v Melbourne United,Angus Glover,South East Melbourne Phoenix,Player Threes,1.5,TAB,1.35,NA,2.28225,22.489781259576617,0.609,NA,0.5894192793390847,blend: book price,1.6965851560222107,2.4355746621280496,over,-0.20428397289223565,FALSE,-0.17784999999999995,rest,FALSE,-0.3429628594137699
Perth Wildcats v Adelaide 36ers,Zylan Cheatham,Adelaide 36ers,Player Assists,3.5,Sportsbet,1.92,NA,3.1195,34.99983282334774,0.36825,NA,0.41432153940176664,blend: book price,2.413584390142706,1.7074215073208658,over,-0.2045026443486081,FALSE,-0.29296,rest,FALSE,-0.3429628594137699
Brisbane Bullets v Illawarra Hawks,Tyler Harvey,Illawarra Hawks,Player Steals,0.5,Sportsbet,1.43,NA,0.9297500000000009,26.537541962438,0.581,NA,0.556160006813357,blend: book price,1.7980437063961565,2.253064201854116,over,-0.20469119025689952,FALSE,-0.16917000000000004,rest,FALSE,-0.3429628594137699
Perth Wildcats v Adelaide 36ers,Flynn Cameron,Adelaide 36ers,Player Points,7.5,BetRight,1.1,NA,8.573500000000003,21.472414740279152,0.513,NA,0.7227819413924382,blend: book price,1.3835431445250301,3.6072686066084536,over,-0.2049398644683179,FALSE,-0.4357,rest,FALSE,-0.3429628594137699
Cairns Taipans v Tasmania JackJumpers,Will Magnay,Tasmania JackJumpers,Player Assists,4.5,BetRight,9.5,NA,2.0662500000000015,26.254847578198834,0.07425,NA,0.08366475709800036,blend: book price,11.9524640324797,1.0913036552354325,over,-0.2051848075689966,FALSE,NA,price > 6,FALSE,-0.5387411371602528
Cairns Taipans v Tasmania JackJumpers,Keanu Pinder,Cairns Taipans,Player Points,24.5,BetRight,4.75,NA,16.92150000000001,25.975269438688255,0.18025,NA,0.1673275451717497,blend: book price,5.976302341455926,1.2009524203682986,over,-0.20519416043418892,FALSE,-0.1438125,rest,FALSE,-0.3429628594137699
Perth Wildcats v Adelaide 36ers,Elijah Pepper,Perth Wildcats,Player PRAs,19.5,BetRight,1.57,NA,20.162,32.473449223538,0.47625,NA,0.5062236635167924,blend: book price,1.9754114081765524,2.025208431660046,over,-0.20522884827863597,FALSE,-0.2522875,rest,FALSE,-0.3429628594137699
South East Melbourne Phoenix v Melbourne United,Dash Daniels,South East Melbourne Phoenix,Player Threes,0.5,BetRight,1.3,NA,1.0817500000000004,24.18613403048899,0.61975,NA,0.6111805968135376,blend: book price,1.6361775966279335,2.571888110019138,over,-0.20546522414240098,FALSE,-0.19432499999999997,rest,FALSE,-0.3429628594137699
South East Melbourne Phoenix v Melbourne United,Dash Daniels,South East Melbourne Phoenix,Player Threes,0.5,TAB,1.3,NA,1.0817500000000004,24.18613403048899,0.61975,NA,0.6111805968135376,blend: book price,1.6361775966279335,2.571888110019138,over,-0.20546522414240098,FALSE,-0.19432499999999997,rest,FALSE,-0.3429628594137699
Cairns Taipans v Tasmania JackJumpers,Jaylon Brown,Cairns Taipans,Player Threes,0.5,Sportsbet,1.13,NA,1.2829999999999993,26.27110691744886,0.643,NA,0.703080618619596,blend: book price,1.4223119988193746,3.3679175652020867,over,-0.2055189009598566,FALSE,-0.27341000000000004,rest,FALSE,-0.3429628594137699
Cairns Taipans v Tasmania JackJumpers,Jaylon Brown,Cairns Taipans,Player Threes,0.5,Pointsbet,1.17,NA,1.2829999999999993,26.27110691744886,0.643,NA,0.6788790385257859,blend: book price,1.4730164628024776,3.1140913237465493,over,-0.20571152492483058,FALSE,-0.24769000000000008,rest,FALSE,-0.3429628594137699
South East Melbourne Phoenix v Melbourne United,Nathan Sobey,South East Melbourne Phoenix,Player Points,19.5,BetRight,1.96,NA,18.60274999999999,28.095023263042446,0.39175,NA,0.4050721946932028,blend: book price,2.468695736465913,1.6808762190637767,over,-0.2060584984013225,FALSE,-0.23217,rest,TRUE,-0.3429628594137699
Cairns Taipans v Tasmania JackJumpers,Jaylon Brown,Cairns Taipans,Player Threes,0.5,BetRight,1.15,NA,1.2829999999999993,26.27110691744886,0.643,NA,0.6903010639416889,blend: book price,1.4486432836853804,3.2289423164557363,over,-0.2061537764670578,FALSE,-0.26055000000000006,rest,FALSE,-0.3429628594137699
South East Melbourne Phoenix v Melbourne United,Joe Ingles,Melbourne United,Player Threes,0.5,Sportsbet,1.08,NA,1.2334999999999998,22.38714552634611,0.623,NA,0.7347228621882392,blend: book price,1.361057415610671,3.7696426018799807,over,-0.20649930883670153,FALSE,-0.32716,rest,FALSE,-0.3429628594137699
Cairns Taipans v Tasmania JackJumpers,Keanu Pinder,Cairns Taipans,Player Rebounds,7.5,Pointsbet,1.87,NA,6.883999999999996,25.975269438688255,0.39025,0.49932975871313673,0.4242230568872282,blend: two-way consensus,2.3572504694525156,1.736783683267671,over,-0.20670288362088318,FALSE,-0.2702325,rest,FALSE,-0.3429628594137699
Cairns Taipans v Tasmania JackJumpers,Keanu Pinder,Cairns Taipans,Player Rebounds,5.5,Sportsbet,1.23,NA,6.883999999999996,25.975269438688255,0.62475,NA,0.6444422674474611,blend: book price,1.5517293798261396,2.8124827797191427,over,-0.20733601103962285,FALSE,-0.23155749999999997,rest,FALSE,-0.3429628594137699
Brisbane Bullets v Illawarra Hawks,Tyrell Harrison,Brisbane Bullets,Player Rebounds,5.5,Sportsbet,1.11,NA,7.151750000000002,27.622759933796313,0.66325,NA,0.7137883668343367,blend: book price,1.4009754802183407,3.493918080615493,over,-0.2076949128138862,FALSE,-0.2637924999999999,rest,FALSE,-0.3429628594137699
South East Melbourne Phoenix v Melbourne United,Nathan Sobey,South East Melbourne Phoenix,Player Assists,7.5,Sportsbet,8.75,NA,3.8450000000000006,28.095023263042446,0.08025,NA,0.09053842820880979,blend: book price,11.045033802593622,1.0995516809253345,over,-0.20778875317291434,FALSE,NA,price > 6,TRUE,-0.5387411371602528
Brisbane Bullets v Illawarra Hawks,Tyler Harvey,Illawarra Hawks,Player Threes,1.5,Sportsbet,1.27,NA,2.2927500000000016,26.537541962438,0.62275,NA,0.6233967752229169,blend: book price,1.6041148105753607,2.655314490713441,over,-0.20828609546689547,FALSE,-0.2091075,rest,FALSE,-0.3429628594137699
Perth Wildcats v Adelaide 36ers,Elijah Pepper,Perth Wildcats,Player PRAs,29.5,BetRight,6,NA,20.162,32.473449223538,0.11825,NA,0.13179687961327832,blend: book price,7.587433047991916,1.1518041994073602,over,-0.20921872232033012,FALSE,-0.2905,rest,FALSE,-0.3429628594137699
Cairns Taipans v Tasmania JackJumpers,Nick Marshall,Tasmania JackJumpers,Player Threes,1.5,BetRight,3,NA,1.214000000000001,27.94522393186349,0.3285,NA,0.26358536629458884,blend: book price,3.793837321311601,1.3579306469893309,over,-0.20924390111623348,FALSE,-0.014499999999999957,top 10%,FALSE,-0.07343903716601449
Cairns Taipans v Tasmania JackJumpers,Nick Marshall,Tasmania JackJumpers,Player Threes,1.5,TAB,3,NA,1.214000000000001,27.94522393186349,0.3285,NA,0.26358536629458884,blend: book price,3.793837321311601,1.3579306469893309,over,-0.20924390111623348,FALSE,-0.014499999999999957,top 10%,FALSE,-0.07343903716601449
Perth Wildcats v Adelaide 36ers,Dylan Windler,Perth Wildcats,Player Points,9.5,TAB,1.4,NA,10.44475,25.848881798879656,0.4965,NA,0.5645987174111039,blend: book price,1.7711694503759656,2.2967318654965823,over,-0.20956179562445454,FALSE,-0.30490000000000006,rest,FALSE,-0.3429628594137699
Brisbane Bullets v Illawarra Hawks,William Hickey,Illawarra Hawks,Player Assists,7.5,Sportsbet,3.6,NA,5.178500000000001,33.74068844496633,0.19425,NA,0.2195588503023339,blend: book price,4.554587522311188,1.2813265937955585,over,-0.2095881389115979,FALSE,-0.30069999999999997,rest,FALSE,-0.3429628594137699
Cairns Taipans v Tasmania JackJumpers,David Johnson,Tasmania JackJumpers,Player Rebounds,3.5,Sportsbet,1.54,NA,3.889500000000001,24.54132940151298,0.517,NA,0.5129457109716112,blend: book price,1.9495240502271098,2.053159211460539,over,-0.2100636051037187,FALSE,-0.20382,rest,FALSE,-0.3429628594137699
Brisbane Bullets v Illawarra Hawks,Wani Swaka Lo Buluk,Illawarra Hawks,Player Steals,0.5,Sportsbet,1.62,NA,0.7447499999999998,25.10199900062852,0.515,NA,0.48747916723247764,blend: book price,2.0513697142735587,1.951140199706958,over,-0.2102837490833862,FALSE,-0.16569999999999996,rest,FALSE,-0.3429628594137699
Perth Wildcats v Adelaide 36ers,Flynn Cameron,Adelaide 36ers,Player Rebounds,2.5,BetRight,1.18,NA,3.5222500000000005,21.472414740279152,0.63825,NA,0.6686941425390034,blend: book price,1.4954520106951172,3.018358949834523,over,-0.210940911803976,FALSE,-0.2468650000000001,rest,FALSE,-0.3429628594137699
Perth Wildcats v Adelaide 36ers,Dylan Windler,Perth Wildcats,Player Points,9.5,Sportsbet,1.39,NA,10.44475,25.848881798879656,0.4965,NA,0.5675754223752651,blend: book price,1.7618803784967767,2.312542005574476,over,-0.21107016289838154,FALSE,-0.30986500000000006,rest,FALSE,-0.3429628594137699
South East Melbourne Phoenix v Melbourne United,Nathan Sobey,South East Melbourne Phoenix,Player Assists,3.5,TAB,1.4,NA,3.8450000000000006,28.095023263042446,0.498,NA,0.5632672825711131,blend: book price,1.7753560892714355,2.289729988371732,over,-0.21142580440044167,FALSE,-0.30280000000000007,rest,TRUE,-0.3429628594137699
Cairns Taipans v Tasmania JackJumpers,Taran Armstrong,Tasmania JackJumpers,Player PRAs,19.5,BetRight,1.07,NA,21.751749999999994,29.88892484187663,0.561,NA,0.7363363977065486,blend: book price,1.3580749275937993,3.792711588939847,over,-0.21212005445399296,FALSE,-0.3997299999999999,rest,FALSE,-0.3429628594137699
Cairns Taipans v Tasmania JackJumpers,Jaylon Brown,Cairns Taipans,Player Assists,3.5,TAB,1.4,NA,3.9592500000000004,26.27110691744886,0.49725,NA,0.5626858759004016,blend: book price,1.7771905122015277,2.2866858052182413,over,-0.2122397737394377,FALSE,-0.30384999999999995,rest,FALSE,-0.3429628594137699
South East Melbourne Phoenix v Melbourne United,Joe Ingles,Melbourne United,Player Threes,0.5,TAB,1.1,NA,1.2334999999999998,22.38714552634611,0.623,NA,0.7159384584515353,blend: book price,1.3967680995414693,3.520363913216976,over,-0.21246769570331114,FALSE,-0.3147,rest,FALSE,-0.3429628594137699
Perth Wildcats v Adelaide 36ers,John Jenkins,Adelaide 36ers,Player Points,7.5,BetRight,1.15,NA,8.900500000000003,18.879220038729155,0.51825,NA,0.6846740543379922,blend: book price,1.460548992128663,3.17132165543993,over,-0.212624837511309,FALSE,-0.4040125000000001,rest,TRUE,-0.3429628594137699
South East Melbourne Phoenix v Melbourne United,Nathan Sobey,South East Melbourne Phoenix,Player PRAs,29.5,BetRight,2.15,NA,26.70025,28.095023263042446,0.34625,NA,0.3661413436433694,blend: book price,2.7311856947081736,1.577638784248717,over,-0.21279611116675579,FALSE,-0.2555625,rest,TRUE,-0.3429628594137699
South East Melbourne Phoenix v Melbourne United,Angus Glover,South East Melbourne Phoenix,Player Threes,1.5,BetRight,1.3,NA,2.28225,22.489781259576617,0.609,NA,0.6050900054670075,blend: book price,1.652646698780294,2.5322225667713654,over,-0.2133829928928902,FALSE,-0.20830000000000004,rest,FALSE,-0.3429628594137699
Perth Wildcats v Adelaide 36ers,Bryce Cotton,Adelaide 36ers,Player Rebounds,3.5,TAB,1.8,NA,3.492250000000001,36.060843575363826,0.446,NA,0.43649483227657987,blend: book price,2.2909778674455454,1.774606618143421,over,-0.21430930190215625,FALSE,-0.19719999999999993,rest,FALSE,-0.3429628594137699
Cairns Taipans v Tasmania JackJumpers,Keanu Pinder,Cairns Taipans,Player Rebounds,7.5,Sportsbet,1.85,NA,6.883999999999996,25.975269438688255,0.39025,0.49932975871313673,0.4242230568872282,blend: two-way consensus,2.3572504694525156,1.736783683267671,over,-0.21518734475862777,FALSE,-0.27803749999999994,rest,FALSE,-0.3429628594137699
Cairns Taipans v Tasmania JackJumpers,Nick Marshall,Tasmania JackJumpers,Player Threes,1.5,Pointsbet,2.95,NA,1.214000000000001,27.94522393186349,0.3285,NA,0.2656677565105841,blend: book price,3.764099991412245,1.3617814127950834,over,-0.2162801182937768,FALSE,-0.03092499999999987,top 10%,FALSE,-0.07343903716601449
South East Melbourne Phoenix v Melbourne United,D'Shawn Schwartz,South East Melbourne Phoenix,Player Points,7.5,BetRight,1.11,NA,8.517749999999998,20.73353339436755,0.49475,NA,0.7055952693296638,blend: book price,1.4172430619468712,3.396684549609917,over,-0.2167892510440732,FALSE,-0.45082749999999994,rest,FALSE,-0.3429628594137699
Perth Wildcats v Adelaide 36ers,Elijah Pepper,Perth Wildcats,Player PRAs,24.5,BetRight,2.8,NA,20.162,32.473449223538,0.2615,NA,0.2794487098966225,blend: book price,3.578474205051559,1.3878262571100664,over,-0.21754361228945696,FALSE,-0.26780000000000004,rest,FALSE,-0.3429628594137699
Brisbane Bullets v Illawarra Hawks,Sam Froling,Illawarra Hawks,Player Points,9.5,Sportsbet,1.33,NA,10.616999999999997,18.3576638963734,0.4985,NA,0.5881097261403117,blend: book price,1.700362968935867,2.427831059542457,over,-0.21781406423338545,FALSE,-0.33699499999999993,rest,FALSE,-0.3429628594137699
Cairns Taipans v Tasmania JackJumpers,Reyne Smith,Cairns Taipans,Player Assists,1.5,TAB,1.7,NA,1.4437500000000014,20.32192545736321,0.406,NA,0.45981248127572744,blend: book price,2.1747995992312963,1.8512090067568352,over,-0.2183187818312634,FALSE,-0.30979999999999996,rest,FALSE,-0.3429628594137699
Perth Wildcats v Adelaide 36ers,Nick Rakocevic,Adelaide 36ers,Player Rebounds,6.5,BetRight,1.21,NA,7.932250000000002,24.432875676252536,0.61775,NA,0.6453413776692865,blend: book price,1.5495674608865122,2.819612824942166,over,-0.21913693302016346,FALSE,-0.2525225,rest,FALSE,-0.3429628594137699
Brisbane Bullets v Illawarra Hawks,Kelan Martin,Illawarra Hawks,Player Threes,0.5,Sportsbet,1.07,NA,1.1047499999999997,25.31577048270224,0.5875,NA,0.72936917296932,blend: book price,1.3710478000172674,3.6950705541266196,over,-0.21957498492282757,FALSE,-0.3713749999999999,rest,FALSE,-0.3429628594137699
South East Melbourne Phoenix v Melbourne United,D'Shawn Schwartz,South East Melbourne Phoenix,Player Rebounds,2.5,BetRight,1.11,NA,3.670999999999998,20.73353339436755,0.64625,NA,0.7028800479510855,blend: book price,1.4227178633324808,3.3656440542080164,over,-0.21980314677429502,FALSE,-0.28266249999999993,rest,FALSE,-0.3429628594137699
South East Melbourne Phoenix v Melbourne United,Nathan Sobey,South East Melbourne Phoenix,Player Threes,1.5,Sportsbet,1.22,NA,2.2815,28.095023263042446,0.615,NA,0.6392345076072439,blend: book price,1.5643711159198188,2.771883733578725,over,-0.2201339007191625,FALSE,-0.24970000000000003,rest,TRUE,-0.3429628594137699
Perth Wildcats v Adelaide 36ers,Jo Lual-Acuil Jr,Perth Wildcats,Player Points,24.5,Sportsbet,4.5,NA,17.070999999999987,31.112404931629083,0.18275,NA,0.1732499375964735,blend: book price,5.7720078510455695,1.2095553970601485,over,-0.2203752808158692,FALSE,-0.17762500000000003,rest,FALSE,-0.3429628594137699
Perth Wildcats v Adelaide 36ers,Jo Lual-Acuil Jr,Perth Wildcats,Player Points,24.5,TAB,4.5,NA,17.070999999999987,31.112404931629083,0.18275,NA,0.1732499375964735,blend: book price,5.7720078510455695,1.2095553970601485,over,-0.2203752808158692,FALSE,-0.17762500000000003,rest,FALSE,-0.3429628594137699
Brisbane Bullets v Illawarra Hawks,Kelan Martin,Illawarra Hawks,Player Points,9.5,Sportsbet,1.16,NA,10.781500000000003,25.31577048270224,0.5055,NA,0.6720491829365595,blend: book price,1.4879863340216257,3.049237714832571,over,-0.22042294779359106,FALSE,-0.4136200000000001,rest,FALSE,-0.3429628594137699
Cairns Taipans v Tasmania JackJumpers,Nick Marshall,Tasmania JackJumpers,Player Points,9.5,BetRight,1.62,NA,9.486749999999988,27.94522393186349,0.4375,NA,0.48116491285911267,blend: book price,2.0782895287562346,1.9273947055328093,over,-0.22051284116823744,FALSE,-0.29125,rest,FALSE,-0.3429628594137699
Cairns Taipans v Tasmania JackJumpers,Nick Marshall,Tasmania JackJumpers,Player Points,9.5,Pointsbet,1.62,NA,9.486749999999988,27.94522393186349,0.4375,NA,0.48116491285911267,blend: book price,2.0782895287562346,1.9273947055328093,over,-0.22051284116823744,FALSE,-0.29125,rest,FALSE,-0.3429628594137699
South East Melbourne Phoenix v Melbourne United,Nathan Sobey,South East Melbourne Phoenix,Player Threes,1.5,BetRight,1.21,NA,2.2815,28.095023263042446,0.615,NA,0.6437563990194299,blend: book price,1.5533826172806988,2.807067964863013,over,-0.22105475718648981,FALSE,-0.25585,rest,TRUE,-0.3429628594137699
Cairns Taipans v Tasmania JackJumpers,Taran Armstrong,Tasmania JackJumpers,Player Threes,0.5,BetRight,1.22,NA,1.0359999999999996,29.88892484187663,0.61325,NA,0.6382747315621764,blend: book price,1.5667234664804943,2.7645290148478763,over,-0.22130482749414482,FALSE,-0.25183500000000003,rest,FALSE,-0.3429628594137699
Cairns Taipans v Tasmania JackJumpers,Taran Armstrong,Tasmania JackJumpers,Player Threes,0.5,Pointsbet,1.22,NA,1.0359999999999996,29.88892484187663,0.61325,NA,0.6382747315621764,blend: book price,1.5667234664804943,2.7645290148478763,over,-0.22130482749414482,FALSE,-0.25183500000000003,rest,FALSE,-0.3429628594137699
Perth Wildcats v Adelaide 36ers,Kristian Doolittle,Perth Wildcats,Player Assists,3.5,TAB,1.35,NA,3.813750000000001,33.94564352393243,0.50625,NA,0.5767781897362048,blend: book price,1.7337687481861268,2.362827188364176,over,-0.22134944385612354,FALSE,-0.31656249999999997,rest,FALSE,-0.3429628594137699
South East Melbourne Phoenix v Melbourne United,Nathan Sobey,South East Melbourne Phoenix,Player Threes,1.5,TAB,1.2,NA,2.2815,28.095023263042446,0.615,NA,0.6484715581712361,blend: book price,1.5420876789417168,2.8447200311806315,over,-0.2218341301945167,FALSE,-0.262,rest,TRUE,-0.3429628594137699
Perth Wildcats v Adelaide 36ers,Bryce Cotton,Adelaide 36ers,Player Assists,4.5,BetRight,1.15,NA,5.391500000000002,36.060843575363826,0.5825,NA,0.6763538729564901,blend: book price,1.4785159662482337,3.0897944280530916,over,-0.22219304610003643,FALSE,-0.330125,rest,FALSE,-0.3429628594137699
South East Melbourne Phoenix v Melbourne United,Skylar Mays,South East Melbourne Phoenix,Player Assists,2.5,BetRight,1.08,NA,3.4407500000000004,26.884292778390584,0.60425,NA,0.720155538604943,blend: book price,1.3885889178012305,3.5734135848709823,over,-0.2222320183066615,FALSE,-0.34741,rest,FALSE,-0.3429628594137699
Cairns Taipans v Tasmania JackJumpers,David Johnson,Tasmania JackJumpers,Player Rebounds,3.5,TAB,1.5,NA,3.889500000000001,24.54132940151298,0.517,NA,0.5181882693682852,blend: book price,1.9298005360466448,2.075499487504956,over,-0.22271759594757223,FALSE,-0.22449999999999992,rest,FALSE,-0.3429628594137699
Cairns Taipans v Tasmania JackJumpers,Taran Armstrong,Tasmania JackJumpers,Player Rebounds,5.5,Sportsbet,2.65,NA,4.5025,29.88892484187663,0.3045,NA,0.29307977404979446,blend: book price,3.4120402994104237,1.414586771309099,over,-0.22333859876804474,FALSE,-0.193075,rest,FALSE,-0.3429628594137699
Perth Wildcats v Adelaide 36ers,Elijah Pepper,Perth Wildcats,Player Assists,3.5,TAB,3,NA,2.372,32.473449223538,0.22775,NA,0.258798197753983,blend: book price,3.8640145436816886,1.3491602381021783,over,-0.22360540673805107,FALSE,-0.31675,rest,FALSE,-0.3429628594137699
Cairns Taipans v Tasmania JackJumpers,Keanu Pinder,Cairns Taipans,Player Points,19.5,TAB,2.25,NA,16.92150000000001,25.975269438688255,0.33475,NA,0.34497618758984094,blend: book price,2.8987508007043923,1.526662055720542,over,-0.22380357792285788,FALSE,-0.2468125,rest,FALSE,-0.3429628594137699
Cairns Taipans v Tasmania JackJumpers,Nick Marshall,Tasmania JackJumpers,Player Points,9.5,TAB,1.6,NA,9.486749999999988,27.94522393186349,0.4375,NA,0.48508420022100335,blend: book price,2.061497776147733,1.9420650918639573,over,-0.22386527964639458,FALSE,-0.29999999999999993,rest,FALSE,-0.3429628594137699
Cairns Taipans v Tasmania JackJumpers,Taran Armstrong,Tasmania JackJumpers,Player Steals,0.5,Sportsbet,1.38,NA,0.9437499999999994,29.88892484187663,0.58775,NA,0.5624078613645555,blend: book price,1.7780690290738934,2.285233009711571,over,-0.22387715131691355,FALSE,-0.1889050000000001,rest,FALSE,-0.3429628594137699
Perth Wildcats v Adelaide 36ers,Nick Rakocevic,Adelaide 36ers,Player Rebounds,7.5,Sportsbet,1.52,NA,7.932250000000002,24.432875676252536,0.51,NA,0.510602388651237,blend: book price,1.958471057375022,2.0433283220243643,over,-0.22388436925011979,FALSE,-0.2248,rest,FALSE,-0.3429628594137699
Cairns Taipans v Tasmania JackJumpers,Taran Armstrong,Tasmania JackJumpers,Player Threes,0.5,Sportsbet,1.18,NA,1.0359999999999996,29.88892484187663,0.61325,NA,0.6576187114195181,blend: book price,1.5206379968134223,2.92072035871474,over,-0.2240099205249687,FALSE,-0.2763650000000001,rest,FALSE,-0.3429628594137699
Cairns Taipans v Tasmania JackJumpers,Taran Armstrong,Tasmania JackJumpers,Player Threes,0.5,TAB,1.15,NA,1.0359999999999996,29.88892484187663,0.61325,NA,0.6747528799426277,blend: book price,1.482024056103365,3.0745852563540113,over,-0.2240341880659782,FALSE,-0.29476250000000015,rest,FALSE,-0.3429628594137699
Perth Wildcats v Adelaide 36ers,Zylan Cheatham,Adelaide 36ers,Player PRAs,24.5,BetRight,1.33,NA,25.928000000000004,34.99983282334774,0.52075,NA,0.5832237418168129,blend: book price,1.7146078396686635,2.3993689188515788,over,-0.22431242338363877,FALSE,-0.3074024999999999,rest,FALSE,-0.3429628594137699
Perth Wildcats v Adelaide 36ers,Bryce Cotton,Adelaide 36ers,Player PRAs,29.5,BetRight,1.1,NA,32.548,36.060843575363826,0.5535,NA,0.7051461683317529,blend: book price,1.4181456907946013,3.3915109542315314,over,-0.2243392148350717,FALSE,-0.39115,rest,FALSE,-0.3429628594137699
South East Melbourne Phoenix v Melbourne United,Sam Waardenburg,Melbourne United,Player Points,14.5,TAB,4,NA,10.21875,24.340010909179398,0.2015,NA,0.19386612845942489,blend: book price,5.158198639167102,1.240488751687029,over,-0.22453548616230046,FALSE,-0.19399999999999995,rest,FALSE,-0.3429628594137699
Cairns Taipans v Tasmania JackJumpers,Jaylon Brown,Cairns Taipans,Player Points,9.5,Pointsbet,1.31,NA,10.618000000000004,26.27110691744886,0.4915,NA,0.5917680762958771,blend: book price,1.6898512103921126,2.449587947278658,over,-0.22478382005240094,FALSE,-0.356135,rest,FALSE,-0.3429628594137699
South East Melbourne Phoenix v Melbourne United,Jordan Hunter,South East Melbourne Phoenix,Player Rebounds,9.5,TAB,7,NA,5.537749999999999,16.24806469641585,0.11525,NA,0.11069762922264861,blend: book price,9.033617133648614,1.124476930299743,over,-0.22511659544145968,FALSE,NA,price > 6,FALSE,-0.5387411371602528
Cairns Taipans v Tasmania JackJumpers,Jack McVeigh,Cairns Taipans,Player Assists,1.5,TAB,1.1,NA,2.1272499999999996,28.975523788647227,0.59525,NA,0.7041241921612384,blend: book price,1.420204008231276,3.3797964331877823,over,-0.2254633886226376,FALSE,-0.345225,rest,FALSE,-0.3429628594137699
Cairns Taipans v Tasmania JackJumpers,Malique Lewis,Cairns Taipans,Player Assists,1.5,Sportsbet,1.49,NA,1.6330000000000005,27.57509697673598,0.4565,NA,0.5197527227850571,blend: book price,1.9239918448941888,2.0822606341450074,over,-0.2255684430502649,FALSE,-0.31981499999999996,rest,FALSE,-0.3429628594137699
South East Melbourne Phoenix v Melbourne United,Nathan Sobey,South East Melbourne Phoenix,Player Steals,0.5,Sportsbet,1.23,NA,1.139,28.095023263042446,0.6525,NA,0.6296054177563993,blend: book price,1.5882963707070736,2.699823506981863,over,-0.22558533615962884,FALSE,-0.19742500000000007,rest,TRUE,-0.3429628594137699
Cairns Taipans v Tasmania JackJumpers,Kyrin Galloway,Cairns Taipans,Player Threes,0.5,Sportsbet,1.45,NA,0.91425,16.492581016209076,0.55725,NA,0.5337770836568136,blend: book price,1.8734412372093132,2.1448967113060156,over,-0.22602322869762026,FALSE,-0.19198749999999998,rest,FALSE,-0.3429628594137699
Brisbane Bullets v Illawarra Hawks,Sam Froling,Illawarra Hawks,Player Rebounds,11.5,Sportsbet,7.5,NA,6.898250000000003,18.3576638963734,0.10725,NA,0.10318817868310197,blend: book price,9.691032565571964,1.1150611267942232,over,-0.2260886598767352,FALSE,NA,price > 6,FALSE,-0.5387411371602528
Perth Wildcats v Adelaide 36ers,Zylan Cheatham,Adelaide 36ers,Player Rebounds,6.5,BetRight,1.11,NA,7.921000000000002,34.99983282334774,0.635,NA,0.6956656858026924,blend: book price,1.4374720794890898,3.285860165448431,over,-0.22781108875901135,FALSE,-0.2951499999999999,rest,FALSE,-0.3429628594137699
Cairns Taipans v Tasmania JackJumpers,Keanu Pinder,Cairns Taipans,Player PRAs,24.5,BetRight,1.33,NA,25.965,25.975269438688255,0.5155,NA,0.5803656847478537,blend: book price,1.72305156262721,2.383027230266258,over,-0.22811363928535455,FALSE,-0.314385,rest,FALSE,-0.3429628594137699
Cairns Taipans v Tasmania JackJumpers,Reyne Smith,Cairns Taipans,Player Assists,1.5,Sportsbet,1.67,NA,1.4437500000000014,20.32192545736321,0.406,NA,0.4621871423568319,blend: book price,2.163625744542996,1.859382842541647,over,-0.22814747226409082,FALSE,-0.32197999999999993,rest,FALSE,-0.3429628594137699
South East Melbourne Phoenix v Melbourne United,Sam Waardenburg,Melbourne United,Player Threes,0.5,BetRight,1.32,NA,0.9554999999999996,24.340010909179398,0.58375,NA,0.5842738667102191,blend: book price,1.711526147199679,2.4054297286693602,over,-0.22875849594251074,FALSE,-0.22944999999999993,rest,FALSE,-0.3429628594137699
Cairns Taipans v Tasmania JackJumpers,Nick Marshall,Tasmania JackJumpers,Player Points,9.5,Sportsbet,1.57,NA,9.486749999999988,27.94522393186349,0.4375,NA,0.4912186618120973,blend: book price,2.0357532759667905,1.965480895116245,over,-0.2287867009550072,FALSE,-0.313125,rest,FALSE,-0.3429628594137699
Cairns Taipans v Tasmania JackJumpers,Jaylon Brown,Cairns Taipans,Player Points,9.5,BetRight,1.26,NA,10.618000000000004,26.27110691744886,0.4915,NA,0.6119391766964049,blend: book price,1.6341493371915945,2.5769156275217737,over,-0.2289566373625299,FALSE,-0.38071,rest,FALSE,-0.3429628594137699
Cairns Taipans v Tasmania JackJumpers,Jaylon Brown,Cairns Taipans,Player Points,9.5,Sportsbet,1.26,NA,10.618000000000004,26.27110691744886,0.4915,NA,0.6119391766964049,blend: book price,1.6341493371915945,2.5769156275217737,over,-0.2289566373625299,FALSE,-0.38071,rest,FALSE,-0.3429628594137699
Perth Wildcats v Adelaide 36ers,Bryce Cotton,Adelaide 36ers,Player Threes,2.5,Sportsbet,1.4,NA,3.1090000000000013,36.060843575363826,0.56525,NA,0.550674445802423,blend: book price,1.815954975980111,2.2255578180632054,over,-0.22905577587660786,FALSE,-0.20865,rest,FALSE,-0.3429628594137699
Cairns Taipans v Tasmania JackJumpers,Jack McVeigh,Cairns Taipans,Player Assists,1.5,Sportsbet,1.07,NA,2.1272499999999996,28.975523788647227,0.59525,NA,0.720075045634619,blend: book price,1.388744140020401,3.5723860427774436,over,-0.22951970117095766,FALSE,-0.3630825,rest,FALSE,-0.3429628594137699
South East Melbourne Phoenix v Melbourne United,Luke Travers,Melbourne United,Player Points,11.5,BetRight,1.35,NA,12.285499999999995,28.261818708693287,0.477,NA,0.5701581545049687,blend: book price,1.7538993209142737,2.326437061632147,over,-0.23028649141829227,FALSE,-0.35605,rest,FALSE,-0.3429628594137699
Cairns Taipans v Tasmania JackJumpers,Jaylon Brown,Cairns Taipans,Player Points,9.5,TAB,1.2,NA,10.618000000000004,26.27110691744886,0.4915,NA,0.6413097901227677,blend: book price,1.5593088011467395,2.7879210875096554,over,-0.2304282518526788,FALSE,-0.4102,rest,FALSE,-0.3429628594137699
Cairns Taipans v Tasmania JackJumpers,Will Magnay,Tasmania JackJumpers,Player Rebounds,9.5,Sportsbet,4,NA,6.924249999999999,26.254847578198834,0.2005,NA,0.19236429094511495,blend: book price,5.198470023136042,1.2381820030843167,over,-0.2305428362195402,FALSE,-0.19799999999999995,rest,FALSE,-0.3429628594137699
Cairns Taipans v Tasmania JackJumpers,Jaylon Brown,Cairns Taipans,Player Assists,3.5,Sportsbet,1.35,NA,3.9592500000000004,26.27110691744886,0.49725,NA,0.5698412528140175,blend: book price,1.754874704247458,2.3247231552114465,over,-0.23071430870107623,FALSE,-0.32871249999999996,rest,FALSE,-0.3429628594137699
South East Melbourne Phoenix v Melbourne United,Luke Travers,Melbourne United,Player Steals,0.5,Sportsbet,1.27,NA,1.0355,28.261818708693287,0.6295,NA,0.6054340128815826,blend: book price,1.6517076654489031,2.5344303174816725,over,-0.23109880364039004,FALSE,-0.20053500000000002,rest,FALSE,-0.3429628594137699
Perth Wildcats v Adelaide 36ers,Elijah Pepper,Perth Wildcats,Player Threes,2.5,TAB,2,NA,2.5369999999999995,32.473449223538,0.43825,NA,0.3842437080905612,blend: book price,2.60251496366549,1.6240191340944887,over,-0.23151258381887763,FALSE,-0.12350000000000005,rest,FALSE,-0.3429628594137699
South East Melbourne Phoenix v Melbourne United,Sam Waardenburg,Melbourne United,Player Threes,0.5,Sportsbet,1.3,NA,0.9554999999999996,24.340010909179398,0.58375,NA,0.5908840738428888,blend: book price,1.6923793418502118,2.4442949688934226,over,-0.23185070400424457,FALSE,-0.24112500000000003,rest,FALSE,-0.3429628594137699
South East Melbourne Phoenix v Melbourne United,Sam Waardenburg,Melbourne United,Player Threes,0.5,TAB,1.3,NA,0.9554999999999996,24.340010909179398,0.58375,NA,0.5908840738428888,blend: book price,1.6923793418502118,2.4442949688934226,over,-0.23185070400424457,FALSE,-0.24112500000000003,rest,FALSE,-0.3429628594137699
Perth Wildcats v Adelaide 36ers,Elijah Pepper,Perth Wildcats,Player Threes,4.5,Sportsbet,6.75,NA,2.5369999999999995,32.473449223538,0.149,NA,0.11379980634275758,blend: book price,8.787361175185707,1.1284132041013435,over,-0.23185130718638636,FALSE,NA,price > 6,FALSE,-0.5387411371602528
Cairns Taipans v Tasmania JackJumpers,Nick Marshall,Tasmania JackJumpers,Player Threes,2.5,Pointsbet,7,NA,1.214000000000001,27.94522393186349,0.14375,NA,0.10966586820767762,blend: book price,9.118607424018832,1.123173833611108,over,-0.23233892254625665,FALSE,NA,price > 6,FALSE,-0.5387411371602528
Perth Wildcats v Adelaide 36ers,Bryce Cotton,Adelaide 36ers,Player Threes,2.5,BetRight,1.38,NA,3.1090000000000013,36.060843575363826,0.56525,NA,0.5560326486111544,blend: book price,1.7984555448277668,2.252417879088945,over,-0.232674944916607,FALSE,-0.219955,rest,FALSE,-0.3429628594137699
Perth Wildcats v Adelaide 36ers,Jo Lual-Acuil Jr,Perth Wildcats,Player Points,19.5,TAB,2.25,NA,17.070999999999987,31.112404931629083,0.32725,NA,0.34094163563169005,blend: book price,2.933053330806076,1.5173163016578566,over,-0.23288131982869742,FALSE,-0.2636875000000001,rest,FALSE,-0.3429628594137699
Cairns Taipans v Tasmania JackJumpers,Kyrin Galloway,Cairns Taipans,Player Rebounds,2.5,BetRight,1.33,NA,3.131999999999998,16.492581016209076,0.5605,NA,0.5766630286092894,blend: book price,1.734114986375409,2.36218442418314,over,-0.23303817194964505,FALSE,-0.25453499999999996,rest,FALSE,-0.3429628594137699
Cairns Taipans v Tasmania JackJumpers,Taran Armstrong,Tasmania JackJumpers,Player Rebounds,5.5,Pointsbet,2.6,NA,4.5025,29.88892484187663,0.3045,NA,0.29482164905913955,blend: book price,3.3918811701626623,1.41808097010605,over,-0.2334637124462372,FALSE,-0.20830000000000004,rest,FALSE,-0.3429628594137699
Cairns Taipans v Tasmania JackJumpers,Jack McVeigh,Cairns Taipans,Player Rebounds,7.5,Sportsbet,3.45,NA,5.556999999999999,28.975523788647227,0.23075,NA,0.22205132334411154,blend: book price,4.503463365765699,1.2854318414662358,over,-0.2339229344628152,FALSE,-0.20391249999999994,rest,FALSE,-0.3429628594137699
South East Melbourne Phoenix v Melbourne United,Angus Glover,South East Melbourne Phoenix,Player Points,9.5,Sportsbet,1.34,NA,10.237250000000001,22.489781259576617,0.47325,NA,0.5716099040733078,blend: book price,1.7494448449440303,2.3343210067375693,over,-0.23404272854176744,FALSE,-0.365845,rest,FALSE,-0.3429628594137699
Cairns Taipans v Tasmania JackJumpers,Dakota Mathias,Tasmania JackJumpers,Player Threes,2.5,TAB,2.2,NA,2.77425,33.7302846071562,0.4845,0.38276681873674745,0.34809882557180816,blend: two-way consensus,2.872747411190887,1.5339748403999107,over,-0.23418258374202194,FALSE,0.06590000000000007,top 5%,FALSE,-0.030958169282341706
Cairns Taipans v Tasmania JackJumpers,David Johnson,Tasmania JackJumpers,Player Rebounds,7.5,Sportsbet,10,NA,3.889500000000001,24.54132940151298,0.07875,NA,0.07656484079956721,blend: book price,13.060825171932605,1.082913066539357,over,-0.23435159200432787,FALSE,NA,price > 6,FALSE,-0.5387411371602528
Cairns Taipans v Tasmania JackJumpers,Nick Marshall,Tasmania JackJumpers,Player PRAs,15.5,BetRight,1.36,NA,16.122249999999994,27.94522393186349,0.49875,NA,0.562950379354983,blend: book price,1.776355495391582,2.2880697128261,over,-0.23438748407722299,FALSE,-0.3216999999999999,rest,FALSE,-0.3429628594137699
Perth Wildcats v Adelaide 36ers,Kristian Doolittle,Perth Wildcats,Player PRAs,24.5,BetRight,1.17,NA,26.22125,33.94564352393243,0.541,NA,0.654364452645506,blend: book price,1.5282003720665704,2.8932209307000782,over,-0.23439359040475805,FALSE,-0.36702999999999997,rest,FALSE,-0.3429628594137699
Perth Wildcats v Adelaide 36ers,John Jenkins,Adelaide 36ers,Player Threes,1.5,TAB,1.08,NA,2.2465000000000015,18.879220038729155,0.568,NA,0.7088813043125808,blend: book price,1.4106734003511687,3.4350250080596774,over,-0.23440819134241275,FALSE,-0.38656,rest,TRUE,-0.3429628594137699
Brisbane Bullets v Illawarra Hawks,Arnas Velicka,Brisbane Bullets,Player Points,14.5,Sportsbet,1.39,NA,15.345249999999995,31.485242480604562,0.464,NA,0.5506044774731513,blend: book price,1.816185739333662,2.225211311357149,over,-0.2346597763123197,FALSE,-0.35504,rest,FALSE,-0.3429628594137699
Perth Wildcats v Adelaide 36ers,Jo Lual-Acuil Jr,Perth Wildcats,Player Points,24.5,BetRight,4.33,NA,17.070999999999987,31.112404931629083,0.18275,NA,0.17669022736312864,blend: book price,5.659622577454886,1.2146096563353435,over,-0.234931315517653,FALSE,-0.20869250000000006,rest,FALSE,-0.3429628594137699
Brisbane Bullets v Illawarra Hawks,Kelan Martin,Illawarra Hawks,Player Steals,0.5,Sportsbet,1.44,NA,0.8692499999999996,25.31577048270224,0.558,NA,0.5310855004510482,blend: book price,1.882935985167558,2.1325849402436874,over,-0.23523687935049065,FALSE,-0.19648,rest,FALSE,-0.3429628594137699
South East Melbourne Phoenix v Melbourne United,Nathan Sobey,South East Melbourne Phoenix,Player Assists,5.5,Sportsbet,3.05,NA,3.8450000000000006,28.095023263042446,0.2195,NA,0.2506695054065998,blend: book price,3.9893165240739776,1.334524628605456,over,-0.23545800850987053,FALSE,-0.33052500000000007,rest,TRUE,-0.3429628594137699
South East Melbourne Phoenix v Melbourne United,D'Shawn Schwartz,South East Melbourne Phoenix,Player Threes,0.5,BetRight,1.1,NA,1.0577500000000006,20.73353339436755,0.57975,NA,0.6948106186720534,blend: book price,1.4392411012820088,3.2766539767824767,over,-0.23570831946074122,FALSE,-0.362275,rest,FALSE,-0.3429628594137699
South East Melbourne Phoenix v Melbourne United,D'Shawn Schwartz,South East Melbourne Phoenix,Player Threes,0.5,Sportsbet,1.1,NA,1.0577500000000006,20.73353339436755,0.57975,NA,0.6948106186720534,blend: book price,1.4392411012820088,3.2766539767824767,over,-0.23570831946074122,FALSE,-0.362275,rest,FALSE,-0.3429628594137699
South East Melbourne Phoenix v Melbourne United,D'Shawn Schwartz,South East Melbourne Phoenix,Player Threes,0.5,TAB,1.1,NA,1.0577500000000006,20.73353339436755,0.57975,NA,0.6948106186720534,blend: book price,1.4392411012820088,3.2766539767824767,over,-0.23570831946074122,FALSE,-0.362275,rest,FALSE,-0.3429628594137699
Perth Wildcats v Adelaide 36ers,Nick Rakocevic,Adelaide 36ers,Player Points,11.5,BetRight,1.4,NA,11.922000000000002,24.432875676252536,0.46075,NA,0.5458913662131576,blend: book price,1.8318663050800548,2.202116246196274,over,-0.23575208730157937,FALSE,-0.3549500000000001,rest,FALSE,-0.3429628594137699
Cairns Taipans v Tasmania JackJumpers,Keanu Pinder,Cairns Taipans,Player Points,17.5,BetRight,1.68,NA,16.92150000000001,25.975269438688255,0.41025,0.5,0.45482789438269694,blend: two-way consensus,2.198633840075318,1.8342831368228045,over,-0.23588913743706919,FALSE,-0.31078000000000006,rest,FALSE,-0.3429628594137699
Perth Wildcats v Adelaide 36ers,Kristian Doolittle,Perth Wildcats,Player Assists,3.5,Sportsbet,1.31,NA,3.813750000000001,33.94564352393243,0.50625,NA,0.5832282069287622,blend: book price,1.714594712875648,2.3993946246479125,over,-0.23597104892332144,FALSE,-0.33681249999999996,rest,FALSE,-0.3429628594137699
South East Melbourne Phoenix v Melbourne United,Luke Travers,Melbourne United,Player PRAs,19.5,BetRight,1.15,NA,21.138250000000006,28.261818708693287,0.53875,NA,0.6641143256456925,blend: book price,1.5057648380461284,2.9772034842580233,over,-0.2362685255074537,FALSE,-0.3804375000000001,rest,FALSE,-0.3429628594137699
Cairns Taipans v Tasmania JackJumpers,Keanu Pinder,Cairns Taipans,Player Rebounds,7.5,TAB,1.8,NA,6.883999999999996,25.975269438688255,0.39025,0.49932975871313673,0.4242230568872282,blend: two-way consensus,2.3572504694525156,1.736783683267671,over,-0.23639849760298914,FALSE,-0.29755,rest,FALSE,-0.3429628594137699
Cairns Taipans v Tasmania JackJumpers,Keanu Pinder,Cairns Taipans,Player PRAs,34.5,BetRight,3.6,NA,25.965,25.975269438688255,0.192,NA,0.21208455750873506,blend: book price,4.715100485139345,1.2691717233490907,over,-0.23649559296855371,FALSE,-0.30879999999999996,rest,FALSE,-0.3429628594137699
Perth Wildcats v Adelaide 36ers,Bryce Cotton,Adelaide 36ers,Player Steals,1.5,Sportsbet,2.12,NA,1.3649999999999998,36.060843575363826,0.39075,NA,0.3601125137247436,blend: book price,2.7769098875702003,1.562774740010834,over,-0.2365614709035435,FALSE,-0.17161000000000004,rest,FALSE,-0.3429628594137699
Perth Wildcats v Adelaide 36ers,Kristian Doolittle,Perth Wildcats,Player Rebounds,11.5,BetRight,8,NA,7.217999999999999,33.94564352393243,0.0985,NA,0.09542710176406234,blend: book price,10.479203302982404,1.105494097767201,over,-0.23658318588750127,FALSE,NA,price > 6,FALSE,-0.5387411371602528
Cairns Taipans v Tasmania JackJumpers,Will Magnay,Tasmania JackJumpers,Player Blocks,1.5,Sportsbet,1.95,NA,1.6407500000000024,26.254847578198834,0.45475,NA,0.39144021475267377,blend: book price,2.5546685350963148,1.6432239267890296,over,-0.23669158123228617,FALSE,-0.11323749999999999,rest,FALSE,-0.3429628594137699
Cairns Taipans v Tasmania JackJumpers,Jack McVeigh,Cairns Taipans,Player Points,14.5,BetRight,1.15,NA,15.347999999999994,28.975523788647227,0.4725,NA,0.6634089088006959,blend: book price,1.5073659499203744,2.970963956404523,over,-0.23707975487919974,FALSE,-0.45662500000000006,rest,FALSE,-0.3429628594137699
Perth Wildcats v Adelaide 36ers,Bryce Cotton,Adelaide 36ers,Player Threes,2.5,TAB,1.35,NA,3.1090000000000013,36.060843575363826,0.56525,NA,0.5645957696326016,blend: book price,1.771178697726921,2.2967163161372826,over,-0.23779571099598773,FALSE,-0.23691249999999986,rest,FALSE,-0.3429628594137699
South East Melbourne Phoenix v Melbourne United,Angus Glover,South East Melbourne Phoenix,Player Points,9.5,TAB,1.3,NA,10.237250000000001,22.489781259576617,0.47325,NA,0.5862132494880572,blend: book price,1.7058638658769736,2.4167037701492036,over,-0.23792277566552567,FALSE,-0.384775,rest,FALSE,-0.3429628594137699
Brisbane Bullets v Illawarra Hawks,Max Mackinnon,Brisbane Bullets,Player Assists,1.5,Sportsbet,1.38,NA,1.7510000000000006,28.711766117223874,0.48025,NA,0.5522252809892145,blend: book price,1.8108551607935728,2.233265875771591,over,-0.237929112234884,FALSE,-0.3372550000000001,rest,FALSE,-0.3429628594137699
Cairns Taipans v Tasmania JackJumpers,Reyne Smith,Cairns Taipans,Player Points,7.5,BetRight,1.22,NA,8.256249999999998,20.32192545736321,0.479,NA,0.6245666700489008,blend: book price,1.6011100943342118,2.6635887658942043,over,-0.23802866254034105,FALSE,-0.41562,rest,FALSE,-0.3429628594137699
Brisbane Bullets v Illawarra Hawks,Max Mackinnon,Brisbane Bullets,Player Points,14.5,Sportsbet,3.35,NA,10.607499999999996,28.711766117223874,0.22875,NA,0.227445850733295,blend: book price,4.3966508809721425,1.2944076488996696,over,-0.23805640004346174,FALSE,-0.23368749999999994,rest,FALSE,-0.3429628594137699
Cairns Taipans v Tasmania JackJumpers,Keanu Pinder,Cairns Taipans,Player Assists,3.5,TAB,3.6,NA,2.159500000000001,25.975269438688255,0.185,NA,0.21154100304398502,blend: book price,4.727215932658092,1.2682967711202187,over,-0.2384523890416539,FALSE,-0.33399999999999996,rest,FALSE,-0.3429628594137699
Cairns Taipans v Tasmania JackJumpers,Malique Lewis,Cairns Taipans,Player Points,9.5,Pointsbet,1.53,NA,9.546000000000006,27.57509697673598,0.43325,NA,0.49763966918454156,blend: book price,2.0094861039487717,1.9906030366226286,over,-0.23861130614765136,FALSE,-0.3371274999999999,rest,FALSE,-0.3429628594137699
Cairns Taipans v Tasmania JackJumpers,Keanu Pinder,Cairns Taipans,Player Points,19.5,BetRight,2.15,NA,16.92150000000001,25.975269438688255,0.33475,NA,0.3540497775434882,blend: book price,2.824461596723272,1.548106905508999,over,-0.23879297828150037,FALSE,-0.2802875,rest,FALSE,-0.3429628594137699
Perth Wildcats v Adelaide 36ers,Elijah Pepper,Perth Wildcats,Player Threes,2.5,Sportsbet,1.96,NA,2.5369999999999995,32.473449223538,0.43825,NA,0.3883340883136296,blend: book price,2.5751022897386533,1.6348794021281776,over,-0.23886518690528602,FALSE,-0.1410300000000001,rest,FALSE,-0.3429628594137699
South East Melbourne Phoenix v Melbourne United,Sam Waardenburg,Melbourne United,Player Assists,3.5,TAB,4,NA,2.013000000000001,24.340010909179398,0.16625,NA,0.19015948488067044,blend: book price,5.258743736225009,1.2348110292464813,over,-0.23936206047731823,FALSE,-0.33499999999999996,rest,FALSE,-0.3429628594137699
Perth Wildcats v Adelaide 36ers,Kristian Doolittle,Perth Wildcats,Player Points,14.5,Sportsbet,1.27,NA,15.189499999999995,33.94564352393243,0.473,NA,0.5982633770980892,blend: book price,1.67150462201206,2.489193025959605,over,-0.24020551108542676,FALSE,-0.39929000000000003,rest,FALSE,-0.3429628594137699
South East Melbourne Phoenix v Melbourne United,Chris Goulding,Melbourne United,Player Threes,3.5,BetRight,2.8,NA,2.8927499999999995,26.822970870898306,0.3265,NA,0.2713075742771111,blend: book price,3.6858536023716355,1.3723211120356635,over,-0.24033879202408892,FALSE,-0.08579999999999999,top 20%,FALSE,-0.09881761565983094
Cairns Taipans v Tasmania JackJumpers,Jack McVeigh,Cairns Taipans,Player Points,14.5,Sportsbet,1.18,NA,15.347999999999994,28.975523788647227,0.4725,NA,0.6436526090894849,blend: book price,1.5536331025125596,2.8062503767597864,over,-0.24048992127440794,FALSE,-0.44245,rest,FALSE,-0.3429628594137699
Perth Wildcats v Adelaide 36ers,Elijah Pepper,Perth Wildcats,Player Threes,3.5,Sportsbet,3.5,NA,2.5369999999999995,32.473449223538,0.2685,NA,0.21694919662739975,blend: book price,4.609374063354814,1.2770563489533495,over,-0.24067781180410086,FALSE,-0.060249999999999915,top 20%,FALSE,-0.09881761565983094
Perth Wildcats v Adelaide 36ers,Zylan Cheatham,Adelaide 36ers,Player Assists,3.5,TAB,1.8,NA,3.1195,34.99983282334774,0.36825,NA,0.4217397775914788,blend: book price,2.371130382130227,1.7293252436331927,over,-0.24086840033533818,FALSE,-0.33714999999999995,rest,FALSE,-0.3429628594137699
Perth Wildcats v Adelaide 36ers,Kristian Doolittle,Perth Wildcats,Player Points,14.5,TAB,1.25,NA,15.189499999999995,33.94564352393243,0.473,NA,0.6070842562806373,blend: book price,1.647217811456025,2.5450749072407826,over,-0.2411446796492034,FALSE,-0.40875000000000006,rest,FALSE,-0.3429628594137699
Perth Wildcats v Adelaide 36ers,Kristian Doolittle,Perth Wildcats,Player Points,14.5,BetRight,1.24,NA,15.189499999999995,33.94564352393243,0.473,NA,0.611735256121788,blend: book price,1.634694077205375,2.5755622053432505,over,-0.24144828240898286,FALSE,-0.41348000000000007,rest,FALSE,-0.3429628594137699
South East Melbourne Phoenix v Melbourne United,Angus Glover,South East Melbourne Phoenix,Player Points,9.5,BetRight,1.22,NA,10.237250000000001,22.489781259576617,0.47325,NA,0.6217049088502798,blend: book price,1.6084801418880574,2.6434390067309224,over,-0.24152001120265865,FALSE,-0.422635,rest,FALSE,-0.3429628594137699
Cairns Taipans v Tasmania JackJumpers,Jack McVeigh,Cairns Taipans,Player Points,14.5,TAB,1.2,NA,15.347999999999994,28.975523788647227,0.4725,NA,0.6320034837039769,blend: book price,1.5822697592413724,2.7174170290122572,over,-0.2415958195552278,FALSE,-0.43300000000000005,rest,FALSE,-0.3429628594137699
Cairns Taipans v Tasmania JackJumpers,Malique Lewis,Cairns Taipans,Player Points,9.5,Sportsbet,1.51,NA,9.546000000000006,27.57509697673598,0.43325,NA,0.5022426842323778,blend: book price,1.9910693204588712,2.009011155281241,over,-0.24161354680910951,FALSE,-0.34579249999999995,rest,FALSE,-0.3429628594137699
Cairns Taipans v Tasmania JackJumpers,Jack McVeigh,Cairns Taipans,Player Points,14.5,Pointsbet,1.22,NA,15.347999999999994,28.975523788647227,0.4725,NA,0.6213307605926426,blend: book price,1.609448724293277,2.640827128089587,over,-0.24197647207697603,FALSE,-0.4235500000000001,rest,FALSE,-0.3429628594137699
Perth Wildcats v Adelaide 36ers,Jo Lual-Acuil Jr,Perth Wildcats,Player Points,17.5,BetRight,1.6,NA,17.070999999999987,31.112404931629083,0.416,NA,0.4734880721449919,blend: book price,2.111985620819988,1.8992922042126688,over,-0.24241908456801298,FALSE,-0.33440000000000003,rest,FALSE,-0.3429628594137699
Cairns Taipans v Tasmania JackJumpers,David Johnson,Tasmania JackJumpers,Player Steals,0.5,Sportsbet,1.39,NA,0.9017499999999993,24.54132940151298,0.5715,NA,0.5447452976194199,blend: book price,1.8357202978531053,2.1965725884233223,over,-0.24280403630900638,FALSE,-0.205615,rest,FALSE,-0.3429628594137699
Perth Wildcats v Adelaide 36ers,Jo Lual-Acuil Jr,Perth Wildcats,Player Points,19.5,Sportsbet,2.18,NA,17.070999999999987,31.112404931629083,0.32725,NA,0.3471668332380344,blend: book price,2.880459491688688,1.5317849198133917,over,-0.243176303541085,FALSE,-0.28659499999999993,rest,FALSE,-0.3429628594137699
Brisbane Bullets v Illawarra Hawks,Jaylin Williams,Brisbane Bullets,Player Rebounds,3.5,Sportsbet,1.32,NA,4.243500000000001,20.835093245222705,0.55275,NA,0.5733263629907306,blend: book price,1.744207251840899,2.3437117113900223,over,-0.24320920085223563,FALSE,-0.27037,rest,FALSE,-0.3429628594137699
Perth Wildcats v Adelaide 36ers,Bryce Cotton,Adelaide 36ers,Player Rebounds,4.5,BetRight,2.75,NA,3.492250000000001,36.060843575363826,0.28325,NA,0.2751920786539957,blend: book price,3.6338255261239523,1.3796758707368295,over,-0.24322178370151182,FALSE,-0.22106249999999994,rest,FALSE,-0.3429628594137699
Cairns Taipans v Tasmania JackJumpers,Taran Armstrong,Tasmania JackJumpers,Player Rebounds,6.5,BetRight,4.1,NA,4.5025,29.88892484187663,0.191,NA,0.18451770283820706,blend: book price,5.419534194379399,1.2262681893652418,over,-0.24347741836335113,FALSE,-0.2169000000000001,rest,FALSE,-0.3429628594137699
Perth Wildcats v Adelaide 36ers,Jo Lual-Acuil Jr,Perth Wildcats,Player Rebounds,5.5,Sportsbet,1.25,NA,6.338,31.112404931629083,0.574,NA,0.6043022935173978,blend: book price,1.654800934445254,2.527181693543547,over,-0.24462213310325276,FALSE,-0.2825000000000001,rest,FALSE,-0.3429628594137699
Perth Wildcats v Adelaide 36ers,Jo Lual-Acuil Jr,Perth Wildcats,Player Rebounds,5.5,TAB,1.25,NA,6.338,31.112404931629083,0.574,NA,0.6043022935173978,blend: book price,1.654800934445254,2.527181693543547,over,-0.24462213310325276,FALSE,-0.2825000000000001,rest,FALSE,-0.3429628594137699
Perth Wildcats v Adelaide 36ers,Zylan Cheatham,Adelaide 36ers,Player PRAs,39.5,BetRight,8,NA,25.928000000000004,34.99983282334774,0.0795,NA,0.09438172153629612,blend: book price,10.595271878098057,1.1042179953527504,over,-0.24494622770963104,FALSE,NA,price > 6,FALSE,-0.5387411371602528
Cairns Taipans v Tasmania JackJumpers,Keanu Pinder,Cairns Taipans,Player Points,34.5,Pointsbet,19,NA,16.92150000000001,25.975269438688255,0.04375,NA,0.03971948907380344,blend: book price,25.176557486474298,1.041362381743532,over,-0.24532970759773465,FALSE,NA,price > 6,FALSE,-0.5387411371602528
South East Melbourne Phoenix v Melbourne United,Skylar Mays,South East Melbourne Phoenix,Player PRAs,19.5,BetRight,1.11,NA,21.03925,26.884292778390584,0.517,NA,0.6798357805947575,blend: book price,1.4709434668548123,3.1233971174469892,over,-0.24538228353981917,FALSE,-0.4261299999999999,rest,FALSE,-0.3429628594137699
Brisbane Bullets v Illawarra Hawks,Max Mackinnon,Brisbane Bullets,Player Points,19.5,Sportsbet,9.25,NA,10.607499999999996,28.711766117223874,0.08725,NA,0.08147712707819592,blend: book price,12.273383167281677,1.088704516218544,over,-0.24633657452668778,FALSE,NA,price > 6,FALSE,-0.5387411371602528
Cairns Taipans v Tasmania JackJumpers,Taran Armstrong,Tasmania JackJumpers,Player Rebounds,7.5,Sportsbet,7,NA,4.5025,29.88892484187663,0.11075,NA,0.1076322560351428,blend: book price,9.290895098152472,1.1206142386511244,over,-0.2465742077540004,FALSE,NA,price > 6,FALSE,-0.5387411371602528
Perth Wildcats v Adelaide 36ers,Elijah Pepper,Perth Wildcats,Player Points,14.5,BetRight,1.73,NA,13.665499999999996,32.473449223538,0.38875,NA,0.4353783861576868,blend: book price,2.2968526500022826,1.7710976262401437,over,-0.2467953919472018,FALSE,-0.3274625,rest,FALSE,-0.3429628594137699
Perth Wildcats v Adelaide 36ers,Kristian Doolittle,Perth Wildcats,Player Rebounds,9.5,TAB,3.5,NA,7.217999999999999,33.94564352393243,0.222,NA,0.2151187639495227,blend: book price,4.648594951180774,1.2740781077045495,over,-0.24708432617667053,FALSE,-0.22299999999999998,rest,FALSE,-0.3429628594137699
Cairns Taipans v Tasmania JackJumpers,Jaylon Brown,Cairns Taipans,Player Assists,6.5,BetRight,4,NA,3.9592500000000004,26.27110691744886,0.164,NA,0.188187548921537,blend: book price,5.313847838131632,1.231811607067047,over,-0.24724980431385202,FALSE,-0.344,rest,FALSE,-0.3429628594137699
South East Melbourne Phoenix v Melbourne United,Skylar Mays,South East Melbourne Phoenix,Player Threes,1.5,Sportsbet,1.69,NA,1.825,26.884292778390584,0.48,NA,0.44522407044878864,blend: book price,2.246060054641686,1.8025295380225936,over,-0.2475713209415472,FALSE,-0.18880000000000008,rest,FALSE,-0.3429628594137699
Perth Wildcats v Adelaide 36ers,Kristian Doolittle,Perth Wildcats,Player Steals,0.5,Sportsbet,1.42,NA,0.8492499999999997,33.94564352393243,0.55725,NA,0.5298066551294376,blend: book price,1.8874810090025935,2.1267846746646017,over,-0.24767454971619862,FALSE,-0.20870500000000003,rest,FALSE,-0.3429628594137699
Brisbane Bullets v Illawarra Hawks,Tyler Harvey,Illawarra Hawks,Player Rebounds,3.5,Sportsbet,2.75,NA,2.6444999999999994,26.537541962438,0.28075,NA,0.2734664547903829,blend: book price,3.65675563668867,1.3763989379340815,over,-0.2479672493264471,FALSE,-0.22793750000000002,rest,FALSE,-0.3429628594137699
Perth Wildcats v Adelaide 36ers,Elijah Pepper,Perth Wildcats,Player Points,14.5,Sportsbet,1.72,NA,13.665499999999996,32.473449223538,0.38875,NA,0.43700207294874766,blend: book price,2.288318664605698,1.776205474214766,over,-0.24835643452815404,FALSE,-0.33135000000000003,rest,FALSE,-0.3429628594137699
South East Melbourne Phoenix v Melbourne United,Joe Ingles,Melbourne United,Player PRAs,15.5,BetRight,1.3,NA,16.41425,22.38714552634611,0.4945,NA,0.5779206709265675,blend: book price,1.730341291299932,2.3692228714333035,over,-0.24870312779546222,FALSE,-0.35714999999999997,rest,FALSE,-0.3429628594137699
Cairns Taipans v Tasmania JackJumpers,Malique Lewis,Cairns Taipans,Player Points,9.5,BetRight,1.46,NA,9.546000000000006,27.57509697673598,0.43325,NA,0.5145860478461028,blend: book price,1.9433095867750185,2.0600973572406853,over,-0.24870437014468982,FALSE,-0.367455,rest,FALSE,-0.3429628594137699
Perth Wildcats v Adelaide 36ers,Dylan Windler,Perth Wildcats,Player Assists,3.5,TAB,3.5,NA,2.1242499999999995,25.848881798879656,0.1865,NA,0.21428411948101153,blend: book price,4.666701398227569,1.272724689412502,over,-0.2500055818164596,FALSE,-0.34725000000000006,rest,FALSE,-0.3429628594137699
Brisbane Bullets v Illawarra Hawks,Tyler Harvey,Illawarra Hawks,Player Points,14.5,Sportsbet,1.57,NA,14.227999999999996,26.537541962438,0.4115,NA,0.4771653020708174,blend: book price,2.0957098004824903,1.9126504112308342,over,-0.2508504757488166,FALSE,-0.35394500000000007,rest,FALSE,-0.3429628594137699
South East Melbourne Phoenix v Melbourne United,Jordan Hunter,South East Melbourne Phoenix,Player Points,9.5,Sportsbet,1.9,NA,8.538249999999998,16.24806469641585,0.35775,NA,0.3940717741288633,blend: book price,2.5376087952774697,1.6503604838053392,over,-0.25126362915515976,FALSE,-0.320275,rest,FALSE,-0.3429628594137699
South East Melbourne Phoenix v Melbourne United,Jordan Hunter,South East Melbourne Phoenix,Player Points,9.5,TAB,1.9,NA,8.538249999999998,16.24806469641585,0.35775,NA,0.3940717741288633,blend: book price,2.5376087952774697,1.6503604838053392,over,-0.25126362915515976,FALSE,-0.320275,rest,FALSE,-0.3429628594137699
Brisbane Bullets v Illawarra Hawks,Sam Froling,Illawarra Hawks,Player Rebounds,9.5,Sportsbet,3.5,NA,6.898250000000003,18.3576638963734,0.22,NA,0.21374490725569115,blend: book price,4.678474041038815,1.271851857276556,over,-0.251892824605081,FALSE,-0.22999999999999998,rest,FALSE,-0.3429628594137699
Brisbane Bullets v Illawarra Hawks,Nate Hinton,Brisbane Bullets,Player Threes,1.5,Sportsbet,1.87,NA,1.6594999999999998,28.00915210516743,0.44125,NA,0.3999065576093342,blend: book price,2.5005841514029203,1.6664071448875983,over,-0.25217473727054507,FALSE,-0.17486250000000003,rest,FALSE,-0.3429628594137699
Cairns Taipans v Tasmania JackJumpers,Kyrin Galloway,Cairns Taipans,Player Rebounds,3.5,Sportsbet,1.95,NA,3.131999999999998,16.492581016209076,0.38625,NA,0.38339669138927246,blend: book price,2.6082645532918134,1.621788248676618,over,-0.2523764517909187,FALSE,-0.2468125000000001,rest,FALSE,-0.3429628594137699
Perth Wildcats v Adelaide 36ers,Nick Rakocevic,Adelaide 36ers,Player Rebounds,13.5,Sportsbet,9.25,NA,7.932250000000002,24.432875676252536,0.08225,NA,0.08068844320216671,blend: book price,12.39334854304324,1.0877705089265086,over,-0.25363190037995786,FALSE,NA,price > 6,FALSE,-0.5387411371602528
Cairns Taipans v Tasmania JackJumpers,Taran Armstrong,Tasmania JackJumpers,Player Rebounds,5.5,TAB,2.5,NA,4.5025,29.88892484187663,0.3045,NA,0.29849442955469707,blend: book price,3.3501462707087364,1.4255054302209151,over,-0.2537639261132574,FALSE,-0.23875000000000002,rest,FALSE,-0.3429628594137699
Cairns Taipans v Tasmania JackJumpers,Will Magnay,Tasmania JackJumpers,Player Blocks,2.5,Sportsbet,3.9,NA,1.6407500000000024,26.254847578198834,0.23225,NA,0.19133393062046578,blend: book price,5.226464520731674,1.236604375854759,over,-0.25379767058018354,FALSE,-0.094225,top 20%,FALSE,-0.09881761565983094
Brisbane Bullets v Illawarra Hawks,Tyler Harvey,Illawarra Hawks,Player Assists,3.5,Sportsbet,2.5,NA,2.5487500000000014,26.537541962438,0.25925,NA,0.29846577816696485,blend: book price,3.350467869856053,1.4254472110955687,over,-0.2538355545825879,FALSE,-0.35187500000000005,rest,FALSE,-0.3429628594137699
Brisbane Bullets v Illawarra Hawks,Wani Swaka Lo Buluk,Illawarra Hawks,Player Threes,1.5,Sportsbet,2.9,NA,1.1275000000000002,25.10199900062852,0.30725,NA,0.2571276914587524,blend: book price,3.88911825998491,1.3461263645210642,over,-0.254329694769618,FALSE,-0.10897499999999993,rest,FALSE,-0.3429628594137699
Cairns Taipans v Tasmania JackJumpers,Malique Lewis,Cairns Taipans,Player Blocks,0.5,Sportsbet,1.53,NA,0.8589999999999995,27.57509697673598,0.54375,NA,0.48691944157381356,blend: book price,2.0537278133068897,1.9490116777516988,over,-0.25501325439206524,FALSE,-0.1680625,rest,FALSE,-0.3429628594137699
South East Melbourne Phoenix v Melbourne United,Skylar Mays,South East Melbourne Phoenix,Player Threes,1.5,TAB,1.65,NA,1.825,26.884292778390584,0.48,NA,0.4514669453338355,blend: book price,2.2150015861306387,1.8230441930406491,over,-0.25507954019917145,FALSE,-0.20800000000000007,rest,FALSE,-0.3429628594137699
Cairns Taipans v Tasmania JackJumpers,David Johnson,Tasmania JackJumpers,Player Threes,1.5,Pointsbet,1.29,NA,2.0229999999999992,24.54132940151298,0.553,NA,0.5772089615855368,blend: book price,1.7324748341624796,2.365234617436941,over,-0.2554004395546575,FALSE,-0.28662999999999994,rest,FALSE,-0.3429628594137699
South East Melbourne Phoenix v Melbourne United,Cole Anthony,Melbourne United,Player Points,14.5,Sportsbet,1.05,NA,12.783499999999997,19.50273010843019,0.33025,NA,0.7086478718251201,blend: book price,1.4111380838899628,3.43227285231898,over,-0.2559197345836238,FALSE,-0.6532374999999999,rest,FALSE,-0.3429628594137699
South East Melbourne Phoenix v Melbourne United,Cole Anthony,Melbourne United,Player Points,14.5,TAB,1.05,NA,12.783499999999997,19.50273010843019,0.33025,NA,0.7086478718251201,blend: book price,1.4111380838899628,3.43227285231898,over,-0.2559197345836238,FALSE,-0.6532374999999999,rest,FALSE,-0.3429628594137699
Perth Wildcats v Adelaide 36ers,Nick Rakocevic,Adelaide 36ers,Player Steals,0.5,Sportsbet,1.53,NA,0.78125,24.432875676252536,0.51525,NA,0.48620996704038927,blend: book price,2.05672460004698,1.9463203562740392,over,-0.2560987504282044,FALSE,-0.2116675,rest,FALSE,-0.3429628594137699
Cairns Taipans v Tasmania JackJumpers,Malique Lewis,Cairns Taipans,Player Points,9.5,TAB,1.4,NA,9.546000000000006,27.57509697673598,0.43325,NA,0.531273848879194,blend: book price,1.882268442366696,2.1334418777549016,over,-0.25621661156912834,FALSE,-0.39344999999999997,rest,FALSE,-0.3429628594137699
Cairns Taipans v Tasmania JackJumpers,Malique Lewis,Cairns Taipans,Player Threes,1.5,Sportsbet,2,NA,1.3849999999999996,27.57509697673598,0.3905,0.46451612903225803,0.3717440786786124,blend: two-way consensus,2.690022672464784,1.5917080381777169,over,-0.25651184264277516,FALSE,-0.21899999999999997,rest,FALSE,-0.3429628594137699
Cairns Taipans v Tasmania JackJumpers,Malique Lewis,Cairns Taipans,Player Threes,1.5,TAB,2,NA,1.3849999999999996,27.57509697673598,0.3905,0.46451612903225803,0.3717440786786124,blend: two-way consensus,2.690022672464784,1.5917080381777169,over,-0.25651184264277516,FALSE,-0.21899999999999997,rest,FALSE,-0.3429628594137699
Cairns Taipans v Tasmania JackJumpers,Jaylon Brown,Cairns Taipans,Player Assists,5.5,Sportsbet,2.7,NA,3.9592500000000004,26.27110691744886,0.23875,NA,0.2752171689150085,blend: book price,3.6334942472604825,1.3797236318401906,over,-0.2569136439294769,FALSE,-0.355375,rest,FALSE,-0.3429628594137699
Perth Wildcats v Adelaide 36ers,Elijah Pepper,Perth Wildcats,Player Threes,2.5,BetRight,1.86,NA,2.5369999999999995,32.473449223538,0.43825,NA,0.3994333570066681,blend: book price,2.5035465427673484,1.6650941434506263,over,-0.2570539559675973,FALSE,-0.184855,rest,FALSE,-0.3429628594137699
South East Melbourne Phoenix v Melbourne United,Josh Oduro,Melbourne United,Player Points,9.5,BetRight,1.18,NA,9.762250000000002,20.49608489122735,0.44375,NA,0.6294865946161509,blend: book price,1.588596180685597,2.6989576772910753,over,-0.257205818352942,FALSE,-0.4763750000000001,rest,FALSE,-0.3429628594137699
South East Melbourne Phoenix v Melbourne United,Jordan Hunter,South East Melbourne Phoenix,Player Points,9.5,BetRight,1.86,NA,8.538249999999998,16.24806469641585,0.35775,NA,0.3992796299749332,blend: book price,2.5045104356132066,1.664668038405743,over,-0.2573398882466241,FALSE,-0.3345849999999999,rest,FALSE,-0.3429628594137699
Cairns Taipans v Tasmania JackJumpers,Jack McVeigh,Cairns Taipans,Player Rebounds,7.5,Pointsbet,3.3,NA,5.556999999999999,28.975523788647227,0.23075,NA,0.22504226653313839,blend: book price,4.443609706769221,1.2903929554020788,over,-0.2573605204406434,FALSE,-0.238525,rest,FALSE,-0.3429628594137699
Cairns Taipans v Tasmania JackJumpers,David Johnson,Tasmania JackJumpers,Player Threes,1.5,Sportsbet,1.27,NA,2.0229999999999992,24.54132940151298,0.553,NA,0.5845620096524239,blend: book price,1.7106824998678796,2.407098106659312,over,-0.2576062477414216,FALSE,-0.2976899999999999,rest,FALSE,-0.3429628594137699
Perth Wildcats v Adelaide 36ers,Flynn Cameron,Adelaide 36ers,Player PRAs,14.5,BetRight,1.06,NA,14.576249999999998,21.472414740279152,0.4545,NA,0.7000976973459144,blend: book price,1.4283720740562662,3.334419213024262,over,-0.25789644081333063,FALSE,-0.51823,rest,FALSE,-0.3429628594137699
Cairns Taipans v Tasmania JackJumpers,David Johnson,Tasmania JackJumpers,Player Threes,1.5,BetRight,1.26,NA,2.0229999999999992,24.54132940151298,0.553,NA,0.5884305240089797,blend: book price,1.6994359728094928,2.4297234327013553,over,-0.2585775397486856,FALSE,-0.30321999999999993,rest,FALSE,-0.3429628594137699
Perth Wildcats v Adelaide 36ers,Elijah Pepper,Perth Wildcats,Player Points,14.5,TAB,1.65,NA,13.665499999999996,32.473449223538,0.38875,NA,0.44908176587269744,blend: book price,2.226765983376562,1.815151392808913,over,-0.2590150863100493,FALSE,-0.3585625,rest,FALSE,-0.3429628594137699
Cairns Taipans v Tasmania JackJumpers,David Johnson,Tasmania JackJumpers,Player Threes,1.5,TAB,1.25,NA,2.0229999999999992,24.54132940151298,0.553,NA,0.592439228945788,blend: book price,1.6879368400020425,2.453621817952112,over,-0.2594509638177649,FALSE,-0.30874999999999997,rest,FALSE,-0.3429628594137699
South East Melbourne Phoenix v Melbourne United,Josh Oduro,Melbourne United,Player Points,9.5,Sportsbet,1.26,NA,9.762250000000002,20.49608489122735,0.44375,NA,0.58758736421936,blend: book price,1.7018745822224264,2.424755968272258,over,-0.25963992108360645,FALSE,-0.440875,rest,FALSE,-0.3429628594137699
South East Melbourne Phoenix v Melbourne United,Josh Oduro,Melbourne United,Player Points,9.5,TAB,1.25,NA,9.762250000000002,20.49608489122735,0.44375,NA,0.5921290689784146,blend: book price,1.6888209891895274,2.451755994219352,over,-0.25983866377698184,FALSE,-0.4453125,rest,FALSE,-0.3429628594137699
Brisbane Bullets v Illawarra Hawks,Jaylin Williams,Brisbane Bullets,Player Threes,0.5,Sportsbet,1.15,NA,1.001,20.835093245222705,0.55325,NA,0.6434881371055966,blend: book price,1.5540302024804844,2.804955750648314,over,-0.259988642328564,FALSE,-0.3637625,rest,FALSE,-0.3429628594137699
Perth Wildcats v Adelaide 36ers,Nick Rakocevic,Adelaide 36ers,Player Rebounds,7.5,TAB,1.4,NA,7.932250000000002,24.432875676252536,0.51,NA,0.5284628379458024,blend: book price,1.8922806452902505,2.1207236257766295,over,-0.2601520268758767,FALSE,-0.28600000000000003,rest,FALSE,-0.3429628594137699
South East Melbourne Phoenix v Melbourne United,Josh Oduro,Melbourne United,Player Rebounds,3.5,Sportsbet,1.03,NA,4.251250000000001,20.49608489122735,0.55,NA,0.7177347731946118,blend: book price,1.393272330319229,3.5427672452528634,over,-0.2607331836095499,FALSE,-0.4334999999999999,rest,FALSE,-0.3429628594137699
South East Melbourne Phoenix v Melbourne United,Joe Ingles,Melbourne United,Player Assists,2.5,BetRight,1.13,NA,3.198000000000003,22.38714552634611,0.53925,NA,0.6524609154375933,blend: book price,1.5326588556332432,2.8773742132028683,over,-0.26271916555551966,FALSE,-0.39064750000000004,rest,FALSE,-0.3429628594137699
South East Melbourne Phoenix v Melbourne United,Luke Travers,Melbourne United,Player Assists,3.5,Sportsbet,2.05,NA,2.8287500000000003,28.261818708693287,0.31075,NA,0.3595518707443303,blend: book price,2.781239874874907,1.5614066999652296,over,-0.262918664974123,FALSE,-0.36296249999999997,rest,FALSE,-0.3429628594137699
Perth Wildcats v Adelaide 36ers,Bryce Cotton,Adelaide 36ers,Player Points,39.5,Sportsbet,8.25,NA,23.66425,36.060843575363826,0.09325,NA,0.08932105034121379,blend: book price,11.195569198748977,1.0980818216723696,over,-0.2631013346849862,FALSE,NA,price > 6,FALSE,-0.5387411371602528
Perth Wildcats v Adelaide 36ers,Elijah Pepper,Perth Wildcats,Player Threes,5.5,Sportsbet,14,NA,2.5369999999999995,32.473449223538,0.068,NA,0.05263346239431734,blend: book price,18.999320099981997,1.0555576540916676,over,-0.2631315264795572,FALSE,NA,price > 6,FALSE,-0.5387411371602528
Cairns Taipans v Tasmania JackJumpers,Nick Marshall,Tasmania JackJumpers,Player Assists,5.5,TAB,6,NA,2.9335,27.94522393186349,0.10625,NA,0.1226243191147193,blend: book price,8.15498921600099,1.139762614563228,over,-0.26425408531168415,FALSE,-0.36250000000000004,rest,FALSE,-0.3429628594137699
Brisbane Bullets v Illawarra Hawks,Arnas Velicka,Brisbane Bullets,Player Assists,7.5,Sportsbet,1.16,NA,8.363250000000004,31.485242480604562,0.5285,NA,0.6342616777708193,blend: book price,1.5766363238507601,2.7341952954368707,over,-0.2642564537858496,FALSE,-0.38694000000000006,rest,FALSE,-0.3429628594137699
Cairns Taipans v Tasmania JackJumpers,Nick Marshall,Tasmania JackJumpers,Player Points,11.5,BetRight,2.2,NA,9.486749999999988,27.94522393186349,0.30725,NA,0.33439281157687767,blend: book price,2.9904949071254117,1.5023876204959288,over,-0.2643358145308691,FALSE,-0.32404999999999995,rest,FALSE,-0.3429628594137699
Cairns Taipans v Tasmania JackJumpers,Will Magnay,Tasmania JackJumpers,Player Rebounds,9.5,TAB,3.75,NA,6.924249999999999,26.254847578198834,0.2005,NA,0.1960782346243258,blend: book price,5.100005117426421,1.2439021345972616,over,-0.2647066201587782,FALSE,-0.24812499999999993,rest,FALSE,-0.3429628594137699
Cairns Taipans v Tasmania JackJumpers,Kyrin Galloway,Cairns Taipans,Player Rebounds,3.5,TAB,1.9,NA,3.131999999999998,16.492581016209076,0.38625,NA,0.38688878035107854,blend: book price,2.584722149586658,1.6310254452244701,over,-0.2649113173329508,FALSE,-0.26612500000000006,rest,FALSE,-0.3429628594137699
South East Melbourne Phoenix v Melbourne United,Joe Ingles,Melbourne United,Player Points,9.5,BetRight,1.62,NA,9.062249999999997,22.38714552634611,0.387,NA,0.4537179331566986,blend: book price,2.20401250848208,1.8305561553182848,over,-0.26497694828614815,FALSE,-0.37305999999999995,rest,FALSE,-0.3429628594137699
Cairns Taipans v Tasmania JackJumpers,Jack McVeigh,Cairns Taipans,Player Rebounds,7.5,TAB,3.25,NA,5.556999999999999,28.975523788647227,0.23075,NA,0.2260894453020515,blend: book price,4.4230282340868134,1.2921389867725637,over,-0.26520930276833266,FALSE,-0.25006249999999997,rest,FALSE,-0.3429628594137699
Cairns Taipans v Tasmania JackJumpers,Keanu Pinder,Cairns Taipans,Player PRAs,29.5,BetRight,1.98,NA,25.965,25.975269438688255,0.32975,NA,0.3709678112669311,blend: book price,2.6956516701133584,1.5897437649639137,over,-0.2654837336914764,FALSE,-0.34709500000000004,rest,FALSE,-0.3429628594137699
Perth Wildcats v Adelaide 36ers,Zylan Cheatham,Adelaide 36ers,Player PRAs,34.5,BetRight,3.9,NA,25.928000000000004,34.99983282334774,0.1635,NA,0.18788478026114366,blend: book price,5.322410887194195,1.2313523693369026,over,-0.26724935698153973,FALSE,-0.36234999999999995,rest,FALSE,-0.3429628594137699
South East Melbourne Phoenix v Melbourne United,Skylar Mays,South East Melbourne Phoenix,Player Threes,3.5,Sportsbet,6.25,NA,1.825,26.884292778390584,0.1475,NA,0.11704224816375144,blend: book price,8.54392337543722,1.1325570197671901,over,-0.2684859489765534,FALSE,NA,price > 6,FALSE,-0.5387411371602528
Cairns Taipans v Tasmania JackJumpers,Taran Armstrong,Tasmania JackJumpers,Player PRAs,29.5,BetRight,1.94,NA,21.751749999999994,29.88892484187663,0.16875,0.4959785522788205,0.3769569399676252,blend: two-way consensus,2.6528228929433815,1.6050255016852888,over,-0.2687035364628071,FALSE,-0.672625,rest,FALSE,-0.3429628594137699
Brisbane Bullets v Illawarra Hawks,Tyrell Harrison,Brisbane Bullets,Player Points,14.5,Sportsbet,1.19,NA,14.150249999999993,27.622759933796313,0.426,NA,0.6144250000398591,blend: book price,1.6275379418726903,2.5935291450518725,over,-0.26883424995256766,FALSE,-0.49306000000000005,rest,FALSE,-0.3429628594137699
Cairns Taipans v Tasmania JackJumpers,Keanu Pinder,Cairns Taipans,Player Rebounds,6.5,BetRight,1.38,NA,6.883999999999996,25.975269438688255,0.50675,NA,0.5296739285749158,blend: book price,1.8879539770637634,2.1261844936003826,over,-0.2690499785666163,FALSE,-0.300685,rest,FALSE,-0.3429628594137699
Cairns Taipans v Tasmania JackJumpers,David Johnson,Tasmania JackJumpers,Player Rebounds,5.5,Sportsbet,3.35,NA,3.889500000000001,24.54132940151298,0.22225,NA,0.21815509514914866,blend: book price,4.583894771361257,1.2790260495344214,over,-0.26918043125035196,FALSE,-0.2554624999999999,rest,FALSE,-0.3429628594137699
Perth Wildcats v Adelaide 36ers,Jo Lual-Acuil Jr,Perth Wildcats,Player Points,19.5,BetRight,2,NA,17.070999999999987,31.112404931629083,0.32725,NA,0.3653329599040569,blend: book price,2.7372290752595063,1.5756293250218716,over,-0.2693340801918862,FALSE,-0.34550000000000003,rest,FALSE,-0.3429628594137699
South East Melbourne Phoenix v Melbourne United,Skylar Mays,South East Melbourne Phoenix,Player Threes,1.5,BetRight,1.57,NA,1.825,26.884292778390584,0.48,NA,0.46524756470722717,blend: book price,2.1493933033895276,1.8700242093381167,over,-0.26956132340965333,FALSE,-0.24639999999999995,rest,FALSE,-0.3429628594137699
Perth Wildcats v Adelaide 36ers,Bryce Cotton,Adelaide 36ers,Player Points,24.5,Sportsbet,1.41,NA,23.66425,36.060843575363826,0.4135,NA,0.5176596584380058,blend: book price,1.9317711621906475,2.073224886729637,over,-0.27009988160241194,FALSE,-0.41696500000000003,rest,FALSE,-0.3429628594137699
South East Melbourne Phoenix v Melbourne United,Joe Ingles,Melbourne United,Player Points,9.5,Sportsbet,1.58,NA,9.062249999999997,22.38714552634611,0.387,NA,0.4616411766250112,blend: book price,2.166184583686509,1.8574971869708903,over,-0.2706069409324823,FALSE,-0.38854,rest,FALSE,-0.3429628594137699
Brisbane Bullets v Illawarra Hawks,William Hickey,Illawarra Hawks,Player Assists,9.5,Sportsbet,8.5,NA,5.178500000000001,33.74068844496633,0.07425,NA,0.08578226331970631,blend: book price,11.657421491352457,1.0938313269125566,over,-0.27085076178249634,FALSE,NA,price > 6,FALSE,-0.5387411371602528
Perth Wildcats v Adelaide 36ers,Bryce Cotton,Adelaide 36ers,Player Points,24.5,TAB,1.4,NA,23.66425,36.060843575363826,0.4135,NA,0.5206101509631385,blend: book price,1.920823092192846,2.0859849285692893,over,-0.2711457886516062,FALSE,-0.42110000000000003,rest,FALSE,-0.3429628594137699
South East Melbourne Phoenix v Melbourne United,Angus Glover,South East Melbourne Phoenix,Player Threes,2.5,Sportsbet,2.08,NA,2.28225,22.489781259576617,0.3895,NA,0.35037338267741375,blend: book price,2.85409808347426,1.5393457923898894,over,-0.27122336403097935,FALSE,-0.1898399999999999,rest,FALSE,-0.3429628594137699
Perth Wildcats v Adelaide 36ers,Isaac White,Adelaide 36ers,Player Points,9.5,Sportsbet,2.85,NA,6.904499999999996,15.999257515431703,0.24125,NA,0.2551144621385704,blend: book price,3.9198091382872304,1.3424881396825146,over,-0.27292378290507424,FALSE,-0.31243750000000003,rest,FALSE,-0.3429628594137699
Cairns Taipans v Tasmania JackJumpers,Nick Marshall,Tasmania JackJumpers,Player PRAs,17.5,BetRight,1.67,NA,16.122249999999994,27.94522393186349,0.37875,NA,0.4351125905195353,blend: book price,2.298255719987268,1.7702642742908978,over,-0.27336197383237604,FALSE,-0.3674875000000001,rest,FALSE,-0.3429628594137699
Perth Wildcats v Adelaide 36ers,Dylan Windler,Perth Wildcats,Player Threes,1.5,Sportsbet,1.69,NA,1.6062499999999988,25.848881798879656,0.452,NA,0.4296252603156345,blend: book price,2.327609878584248,1.7532333226281742,over,-0.2739333100665776,FALSE,-0.23612,rest,FALSE,-0.3429628594137699
Perth Wildcats v Adelaide 36ers,Nick Rakocevic,Adelaide 36ers,Player Points,14.5,Sportsbet,2.25,NA,11.922000000000002,24.432875676252536,0.29375,NA,0.3225936590002223,blend: book price,3.0998749420530642,1.476218835690421,over,-0.2741642672494998,FALSE,-0.33906249999999993,rest,FALSE,-0.3429628594137699
South East Melbourne Phoenix v Melbourne United,Dash Daniels,South East Melbourne Phoenix,Player Points,9.5,BetRight,1.15,NA,9.112000000000002,24.18613403048899,0.406,NA,0.6307826878113207,blend: book price,1.5853320316538542,2.7084320452692507,over,-0.27459990901698117,FALSE,-0.5331,rest,FALSE,-0.3429628594137699
South East Melbourne Phoenix v Melbourne United,Luke Travers,Melbourne United,Player Rebounds,5.5,TAB,1.25,NA,6.023999999999999,28.261818708693287,0.539,NA,0.5802555834575105,blend: book price,1.723378505108733,2.38240214899624,over,-0.2746805206781119,FALSE,-0.32624999999999993,rest,FALSE,-0.3429628594137699
Cairns Taipans v Tasmania JackJumpers,David Johnson,Tasmania JackJumpers,Player PRAs,19.5,BetRight,1.18,NA,19.898749999999993,24.54132940151298,0.47275,NA,0.6138149977067517,blend: book price,1.6291553704879447,2.5894325104853593,over,-0.275698302706033,FALSE,-0.4421550000000001,rest,FALSE,-0.3429628594137699
Perth Wildcats v Adelaide 36ers,Elijah Pepper,Perth Wildcats,Player Threes,3.5,BetRight,3.2,NA,2.5369999999999995,32.473449223538,0.2685,NA,0.22626830760987066,blend: book price,4.419531884793115,1.2924376884587818,over,-0.2759414156484139,FALSE,-0.14079999999999993,rest,FALSE,-0.3429628594137699
South East Melbourne Phoenix v Melbourne United,Luke Travers,Melbourne United,Player Assists,3.5,TAB,2,NA,2.8287500000000003,28.261818708693287,0.31075,NA,0.36200678410033155,blend: book price,2.762379170559539,1.5674147860488554,over,-0.2759864317993369,FALSE,-0.37849999999999995,rest,FALSE,-0.3429628594137699
Perth Wildcats v Adelaide 36ers,Anthony Dell'Orso,Perth Wildcats,Player Rebounds,2.5,BetRight,1.38,NA,2.825499999999999,20.24341828770149,0.4995,NA,0.5245988292897855,blend: book price,1.9062185124465947,2.1034866163793273,over,-0.276053615580096,FALSE,-0.31069,rest,FALSE,-0.3429628594137699
Perth Wildcats v Adelaide 36ers,Nick Rakocevic,Adelaide 36ers,Player Points,19.5,Sportsbet,5.5,NA,11.922000000000002,24.432875676252536,0.132,NA,0.13160091111014358,blend: book price,7.598731586007399,1.151544275890915,over,-0.27619498889421035,FALSE,-0.274,rest,FALSE,-0.3429628594137699
Brisbane Bullets v Illawarra Hawks,Nate Hinton,Brisbane Bullets,Player Threes,2.5,Sportsbet,3.7,NA,1.6594999999999998,28.00915210516743,0.23575,NA,0.1956041408910243,blend: book price,5.112366207815221,1.2431690052553153,over,-0.27626467870321003,FALSE,-0.12772499999999998,rest,FALSE,-0.3429628594137699
South East Melbourne Phoenix v Melbourne United,Skylar Mays,South East Melbourne Phoenix,Player Threes,2.5,Sportsbet,3.15,NA,1.825,26.884292778390584,0.272,NA,0.22973808980944943,blend: book price,4.352782774634477,1.2982597046147795,over,-0.27632501710023427,FALSE,-0.1432,rest,FALSE,-0.3429628594137699
South East Melbourne Phoenix v Melbourne United,Luke Travers,Melbourne United,Player Points,14.5,Sportsbet,2,NA,12.285499999999995,28.261818708693287,0.3205,NA,0.3615630779508527,blend: book price,2.7657691312604937,1.5663254512135176,over,-0.27687384409829463,FALSE,-0.359,rest,FALSE,-0.3429628594137699
South East Melbourne Phoenix v Melbourne United,Luke Travers,Melbourne United,Player Points,14.5,TAB,2,NA,12.285499999999995,28.261818708693287,0.3205,NA,0.3615630779508527,blend: book price,2.7657691312604937,1.5663254512135176,over,-0.27687384409829463,FALSE,-0.359,rest,FALSE,-0.3429628594137699
South East Melbourne Phoenix v Melbourne United,Josh Oduro,Melbourne United,Player Rebounds,3.5,TAB,1.05,NA,4.251250000000001,20.49608489122735,0.55,NA,0.6886740379472281,blend: book price,1.452065774079069,3.2120674851732836,over,-0.27689226015541046,FALSE,-0.4224999999999999,rest,FALSE,-0.3429628594137699
Perth Wildcats v Adelaide 36ers,Bryce Cotton,Adelaide 36ers,Player Points,24.5,BetRight,1.33,NA,23.66425,36.060843575363826,0.4135,NA,0.5435314275185876,blend: book price,1.8398200166002399,2.1907313236569435,over,-0.27710320140027844,FALSE,-0.45004500000000003,rest,FALSE,-0.3429628594137699
Perth Wildcats v Adelaide 36ers,Isaac White,Adelaide 36ers,Player Points,7.5,BetRight,1.65,NA,6.904499999999996,15.999257515431703,0.36875,NA,0.4379905732839689,blend: book price,2.283154161292086,1.779329584991595,over,-0.27731555408145137,FALSE,-0.39156250000000004,rest,FALSE,-0.3429628594137699
Cairns Taipans v Tasmania JackJumpers,Jaylon Brown,Cairns Taipans,Player Assists,5.5,Pointsbet,2.6,NA,3.9592500000000004,26.27110691744886,0.23875,NA,0.2778634256635388,blend: book price,3.598890345542947,1.384779604770545,over,-0.2775550932747991,FALSE,-0.37925,rest,FALSE,-0.3429628594137699
Perth Wildcats v Adelaide 36ers,Zylan Cheatham,Adelaide 36ers,Player PRAs,29.5,BetRight,2.05,NA,25.928000000000004,34.99983282334774,0.3085,NA,0.3521894840433009,blend: book price,2.839380632605862,1.5436612641633034,over,-0.2780115577112332,FALSE,-0.3675750000000001,rest,FALSE,-0.3429628594137699
South East Melbourne Phoenix v Melbourne United,Angus Glover,South East Melbourne Phoenix,Player Assists,3.5,TAB,3.5,NA,2.1070000000000007,22.489781259576617,0.17725,NA,0.20615365587129378,blend: book price,4.8507507459597115,1.25968962053678,over,-0.27846220445047176,FALSE,-0.379625,rest,FALSE,-0.3429628594137699
Perth Wildcats v Adelaide 36ers,Zylan Cheatham,Adelaide 36ers,Player Assists,5.5,TAB,4.8,NA,3.1195,34.99983282334774,0.12925,NA,0.1501982014452156,blend: book price,6.657869337834565,1.1767449794771558,over,-0.27904863306296523,FALSE,-0.37960000000000005,rest,FALSE,-0.3429628594137699
South East Melbourne Phoenix v Melbourne United,Skylar Mays,South East Melbourne Phoenix,Player Steals,0.5,Sportsbet,1.4,NA,0.8187500000000001,26.884292778390584,0.5435,NA,0.5142580308487342,blend: book price,1.9445491173946172,2.0587061928111634,over,-0.28003875681177215,FALSE,-0.2391000000000001,rest,FALSE,-0.3429628594137699
South East Melbourne Phoenix v Melbourne United,Angus Glover,South East Melbourne Phoenix,Player Threes,6.5,Sportsbet,36,NA,2.28225,22.489781259576617,0.02525,NA,0.019992569012598382,blend: book price,50.01858437351632,1.0204004259360104,over,-0.28026751554645823,FALSE,NA,price > 6,FALSE,-0.5387411371602528
Perth Wildcats v Adelaide 36ers,Dylan Windler,Perth Wildcats,Player Threes,1.5,TAB,1.65,NA,1.6062499999999988,25.848881798879656,0.452,NA,0.43582123643222637,blend: book price,2.294518753116125,1.772487843527049,over,-0.28089495988682656,FALSE,-0.2542,rest,FALSE,-0.3429628594137699
Perth Wildcats v Adelaide 36ers,Isaac White,Adelaide 36ers,Player Threes,0.5,TAB,1.1,NA,0.7679999999999996,15.999257515431703,0.49725,NA,0.653687538661616,blend: book price,1.5297828715649635,2.8875657437659856,over,-0.2809437074722223,FALSE,-0.4530249999999999,rest,FALSE,-0.3429628594137699
South East Melbourne Phoenix v Melbourne United,Joe Ingles,Melbourne United,Player Points,9.5,TAB,1.5,NA,9.062249999999997,22.38714552634611,0.387,NA,0.4793380314419482,blend: book price,2.0862104285608063,1.9206319270244603,over,-0.2809929528370777,FALSE,-0.4195,rest,FALSE,-0.3429628594137699
Cairns Taipans v Tasmania JackJumpers,Jack McVeigh,Cairns Taipans,Player Threes,1.5,Pointsbet,1.42,NA,1.7632500000000004,28.975523788647227,0.49575,NA,0.5063367293543027,blend: book price,1.9749702955091426,2.025672273920701,over,-0.2810018443168901,FALSE,-0.29603500000000005,rest,FALSE,-0.3429628594137699
South East Melbourne Phoenix v Melbourne United,Luke Travers,Melbourne United,Player Threes,0.5,BetRight,1.32,NA,0.7450000000000001,28.261818708693287,0.513,NA,0.5446695854856224,blend: book price,1.8359754732925084,2.1962073433344607,over,-0.2810361471589784,FALSE,-0.3228399999999999,rest,FALSE,-0.3429628594137699
South East Melbourne Phoenix v Melbourne United,Luke Travers,Melbourne United,Player Threes,0.5,TAB,1.3,NA,0.7450000000000001,28.261818708693287,0.513,NA,0.5514260483828518,blend: book price,1.813479800115837,2.22928682415667,over,-0.28314613710229264,FALSE,-0.33309999999999995,rest,FALSE,-0.3429628594137699
South East Melbourne Phoenix v Melbourne United,Angus Glover,South East Melbourne Phoenix,Player Threes,2.5,TAB,2,NA,2.28225,22.489781259576617,0.3895,NA,0.35781286439559984,blend: book price,2.7947569791520817,1.5571784991595028,over,-0.2843742712088003,FALSE,-0.22099999999999997,rest,FALSE,-0.3429628594137699
Cairns Taipans v Tasmania JackJumpers,David Johnson,Tasmania JackJumpers,Player Rebounds,5.5,TAB,3.25,NA,3.889500000000001,24.54132940151298,0.22225,NA,0.2201848012087484,blend: book price,4.541639543285006,1.282355103555361,over,-0.2843993960715677,FALSE,-0.2776875,rest,FALSE,-0.3429628594137699
South East Melbourne Phoenix v Melbourne United,Dash Daniels,South East Melbourne Phoenix,Player Points,9.5,TAB,1.25,NA,9.112000000000002,24.18613403048899,0.406,NA,0.5722569110662497,blend: book price,1.747466881853404,2.3378519159543494,over,-0.284678861167188,FALSE,-0.49249999999999994,rest,FALSE,-0.3429628594137699
Cairns Taipans v Tasmania JackJumpers,Taran Armstrong,Tasmania JackJumpers,Player Rebounds,7.5,Pointsbet,6.5,NA,4.5025,29.88892484187663,0.11075,NA,0.10993296788413087,blend: book price,9.096452313140476,1.1235108861664025,over,-0.2854357087531494,FALSE,NA,price > 6,FALSE,-0.5387411371602528
South East Melbourne Phoenix v Melbourne United,Luke Travers,Melbourne United,Player Rebounds,5.5,Sportsbet,1.2,NA,6.023999999999999,28.261818708693287,0.539,NA,0.5950023429188178,blend: book price,1.6806656509862519,2.4691500864646954,over,-0.2859971884974186,FALSE,-0.35319999999999996,rest,FALSE,-0.3429628594137699
Cairns Taipans v Tasmania JackJumpers,Malique Lewis,Cairns Taipans,Player Threes,1.5,BetRight,1.92,NA,1.3849999999999996,27.57509697673598,0.3905,0.46451612903225803,0.3717440786786124,blend: two-way consensus,2.690022672464784,1.5917080381777169,over,-0.28625136893706415,FALSE,-0.25024,rest,FALSE,-0.3429628594137699
Cairns Taipans v Tasmania JackJumpers,Keanu Pinder,Cairns Taipans,Player Steals,1.5,Sportsbet,2.5,NA,1.1674999999999998,25.975269438688255,0.3165,NA,0.2854742862505069,blend: book price,3.502942465096449,1.3995297590515992,over,-0.28631428437373274,FALSE,-0.20875,rest,FALSE,-0.3429628594137699
Cairns Taipans v Tasmania JackJumpers,Jack McVeigh,Cairns Taipans,Player Threes,1.5,BetRight,1.38,NA,1.7632500000000004,28.975523788647227,0.49575,NA,0.5169060672119217,blend: book price,1.9345874684616906,2.069990807437186,over,-0.2866696272475482,FALSE,-0.31586500000000006,rest,FALSE,-0.3429628594137699
Cairns Taipans v Tasmania JackJumpers,Jack McVeigh,Cairns Taipans,Player Threes,1.5,Sportsbet,1.38,NA,1.7632500000000004,28.975523788647227,0.49575,NA,0.5169060672119217,blend: book price,1.9345874684616906,2.069990807437186,over,-0.2866696272475482,FALSE,-0.31586500000000006,rest,FALSE,-0.3429628594137699
Brisbane Bullets v Illawarra Hawks,William Hickey,Illawarra Hawks,Player Blocks,0.5,Sportsbet,1.39,NA,0.8927500000000004,33.74068844496633,0.55775,NA,0.512693327326716,blend: book price,1.9504837428140462,2.052095848624779,over,-0.2873562750158648,FALSE,-0.22472750000000008,rest,FALSE,-0.3429628594137699
Cairns Taipans v Tasmania JackJumpers,Malique Lewis,Cairns Taipans,Player Points,11.5,BetRight,1.9,NA,9.546000000000006,27.57509697673598,0.3075,0.4745342418492324,0.37504230821956414,blend: two-way consensus,2.6663658421560315,1.600108316374361,over,-0.28741961438282815,FALSE,-0.41575000000000006,rest,FALSE,-0.3429628594137699
Perth Wildcats v Adelaide 36ers,Matt Kenyon,Adelaide 36ers,Player Points,4.5,Sportsbet,1.53,NA,4.143499999999999,17.35960324566636,0.37475,NA,0.46554250664755464,blend: book price,2.148031566872719,1.8710561877005156,over,-0.28771996482924134,FALSE,-0.42663249999999997,rest,FALSE,-0.3429628594137699
Brisbane Bullets v Illawarra Hawks,Arnas Velicka,Brisbane Bullets,Player Points,24.5,Sportsbet,5.2,NA,15.345249999999995,31.485242480604562,0.13475,NA,0.13690042070730837,blend: book price,7.3045794514977365,1.1586148620527634,over,-0.2881178123219964,FALSE,-0.2992999999999999,rest,FALSE,-0.3429628594137699
Perth Wildcats v Adelaide 36ers,Nick Rakocevic,Adelaide 36ers,Player Blocks,0.5,Sportsbet,1.52,NA,0.8117499999999995,24.432875676252536,0.51825,NA,0.4680856342840263,blend: book price,2.136361226999796,1.8800018658153141,over,-0.28850983588828005,FALSE,-0.21226,rest,FALSE,-0.3429628594137699
Perth Wildcats v Adelaide 36ers,Zylan Cheatham,Adelaide 36ers,Player Rebounds,7.5,Sportsbet,1.27,NA,7.921000000000002,34.99983282334774,0.51725,NA,0.5600955942326508,blend: book price,1.7854095091928595,2.2732211518901373,over,-0.28867859532453355,FALSE,-0.3430925,rest,FALSE,-0.3429628594137699
Cairns Taipans v Tasmania JackJumpers,Kyrin Galloway,Cairns Taipans,Player Blocks,0.5,Sportsbet,1.52,NA,0.8352499999999998,16.492581016209076,0.51725,NA,0.467314731725495,blend: book price,2.1398854607207403,1.8772811255682726,over,-0.2896816077772476,FALSE,-0.21377999999999997,rest,FALSE,-0.3429628594137699
Cairns Taipans v Tasmania JackJumpers,David Johnson,Tasmania JackJumpers,Player Rebounds,7.5,TAB,9,NA,3.889500000000001,24.54132940151298,0.07875,NA,0.07886727025668222,blend: book price,12.679531024027963,1.0856198761699187,over,-0.2901945676898601,FALSE,NA,price > 6,FALSE,-0.5387411371602528
Cairns Taipans v Tasmania JackJumpers,Jack McVeigh,Cairns Taipans,Player Threes,1.5,TAB,1.35,NA,1.7632500000000004,28.975523788647227,0.49575,NA,0.5255799551056163,blend: book price,1.9026600810889909,2.1078367382698215,over,-0.290467060607418,FALSE,-0.3307374999999999,rest,FALSE,-0.3429628594137699
Brisbane Bullets v Illawarra Hawks,Tyler Harvey,Illawarra Hawks,Player Rebounds,5.5,Sportsbet,9.75,NA,2.6444999999999994,26.537541962438,0.0725,NA,0.07275774605126187,blend: book price,13.744241050230508,1.0784668146230576,over,-0.29061197600019684,FALSE,NA,price > 6,FALSE,-0.5387411371602528
Cairns Taipans v Tasmania JackJumpers,Jack McVeigh,Cairns Taipans,Player PRAs,29.5,BetRight,1.65,NA,23.03225000000001,28.975523788647227,0.2145,0.5202156334231806,0.42956907427258106,blend: two-way consensus,2.3279143213309035,1.7530606334584515,over,-0.2912110274502413,FALSE,-0.646075,rest,FALSE,-0.3429628594137699
Perth Wildcats v Adelaide 36ers,Zylan Cheatham,Adelaide 36ers,Player Assists,4.5,BetRight,2.75,NA,3.1195,34.99983282334774,0.22,NA,0.2576484925682716,blend: book price,3.8812569405389414,1.347070747467926,over,-0.2914666454372531,FALSE,-0.395,rest,FALSE,-0.3429628594137699
South East Melbourne Phoenix v Melbourne United,Joe Ingles,Melbourne United,Player PRAs,17.5,BetRight,1.53,NA,16.41425,22.38714552634611,0.3875,NA,0.4626750216470868,blend: book price,2.1613442550671493,1.8610711213637332,over,-0.2921072168799572,FALSE,-0.40712499999999996,rest,FALSE,-0.3429628594137699
South East Melbourne Phoenix v Melbourne United,Jordan Hunter,South East Melbourne Phoenix,Player Points,11.5,BetRight,2.6,NA,8.538249999999998,16.24806469641585,0.247,NA,0.2717913308323981,blend: book price,3.679293217106533,1.37323275915278,over,-0.29334253983576497,FALSE,-0.3578,rest,FALSE,-0.3429628594137699
South East Melbourne Phoenix v Melbourne United,Skylar Mays,South East Melbourne Phoenix,Player Points,14.5,TAB,1.45,NA,13.426249999999998,26.884292778390584,0.37875,NA,0.48732243681193127,blend: book price,2.052029466449382,1.9505437175396025,over,-0.29338246662269973,FALSE,-0.45081250000000006,rest,FALSE,-0.3429628594137699
Perth Wildcats v Adelaide 36ers,Zylan Cheatham,Adelaide 36ers,Player Rebounds,7.5,TAB,1.25,NA,7.921000000000002,34.99983282334774,0.51725,NA,0.5652607745592605,blend: book price,1.7690949823640425,2.3002295203203666,over,-0.29342403180092436,FALSE,-0.35343750000000007,rest,FALSE,-0.3429628594137699
South East Melbourne Phoenix v Melbourne United,Luke Travers,Melbourne United,Player Points,14.5,BetRight,1.88,NA,12.285499999999995,28.261818708693287,0.3205,NA,0.375803714818723,blend: book price,2.660963584360446,1.602060159184676,over,-0.2934890161408008,FALSE,-0.39746000000000004,rest,FALSE,-0.3429628594137699
Cairns Taipans v Tasmania JackJumpers,Jaylon Brown,Cairns Taipans,Player Points,11.5,BetRight,1.5,NA,10.618000000000004,26.27110691744886,0.37175,NA,0.4707990119342346,blend: book price,2.1240486378499215,1.8896412186511775,over,-0.2938014820986481,FALSE,-0.44237499999999996,rest,FALSE,-0.3429628594137699
Perth Wildcats v Adelaide 36ers,Nick Rakocevic,Adelaide 36ers,Player Points,14.5,TAB,2.1,NA,11.922000000000002,24.432875676252536,0.29375,NA,0.3361074677288532,blend: book price,2.9752388626090465,1.506267884320139,over,-0.2941743177694083,FALSE,-0.38312499999999994,rest,FALSE,-0.3429628594137699
South East Melbourne Phoenix v Melbourne United,Cole Anthony,Melbourne United,Player PRAs,19.5,BetRight,1.03,NA,16.826749999999997,19.50273010843019,0.3125,NA,0.6851742261172994,blend: book price,1.4594828028875733,3.176360015468699,over,-0.29427054709918166,FALSE,-0.678125,rest,FALSE,-0.3429628594137699
Brisbane Bullets v Illawarra Hawks,Milton Doyle,Illawarra Hawks,Player Threes,1.5,Sportsbet,1.51,NA,1.6582499999999993,27.119966222884155,0.4625,NA,0.46710129903988046,blend: book price,2.140863238992237,1.876529250678051,over,-0.29467703844978055,FALSE,-0.3016249999999999,rest,FALSE,-0.3429628594137699
Perth Wildcats v Adelaide 36ers,Isaac White,Adelaide 36ers,Player Threes,0.5,Sportsbet,1.16,NA,0.7679999999999996,15.999257515431703,0.49725,NA,0.607456667911307,blend: book price,1.6462079565912462,2.5474894572252107,over,-0.2953502652228839,FALSE,-0.42318999999999996,rest,FALSE,-0.3429628594137699
South East Melbourne Phoenix v Melbourne United,Skylar Mays,South East Melbourne Phoenix,Player Points,14.5,Sportsbet,1.43,NA,13.426249999999998,26.884292778390584,0.37875,NA,0.4927604565136159,blend: book price,2.0293836219635213,1.9714551297139615,over,-0.2953525471855293,FALSE,-0.45838750000000006,rest,FALSE,-0.3429628594137699
Perth Wildcats v Adelaide 36ers,Flynn Cameron,Adelaide 36ers,Player Rebounds,3.5,TAB,1.5,NA,3.5222500000000005,21.472414740279152,0.4465,NA,0.46859437253652153,blend: book price,2.1340418464416397,1.8818016752536675,over,-0.29710844119521773,FALSE,-0.33024999999999993,rest,FALSE,-0.3429628594137699
Cairns Taipans v Tasmania JackJumpers,Taran Armstrong,Tasmania JackJumpers,Player Points,14.5,TAB,1.2,NA,13.541749999999997,29.88892484187663,0.3825,NA,0.5856098128792996,blend: book price,1.7076216586659394,2.4131845566814247,over,-0.2972682245448405,FALSE,-0.541,rest,FALSE,-0.3429628594137699
Perth Wildcats v Adelaide 36ers,Isaac White,Adelaide 36ers,Player Threes,0.5,BetRight,1.18,NA,0.7679999999999996,15.999257515431703,0.49725,NA,0.5955244453736932,blend: book price,1.6791921939870953,2.4723372984157117,over,-0.297281154459042,FALSE,-0.413245,rest,FALSE,-0.3429628594137699
Perth Wildcats v Adelaide 36ers,Elijah Pepper,Perth Wildcats,Player Points,17.5,BetRight,2.5,NA,13.665499999999996,32.473449223538,0.2525,NA,0.2810732539697101,blend: book price,3.5577913795660012,1.3909622997359843,over,-0.29731686507572475,FALSE,-0.36875,rest,FALSE,-0.3429628594137699
South East Melbourne Phoenix v Melbourne United,Angus Glover,South East Melbourne Phoenix,Player Threes,2.5,BetRight,1.92,NA,2.28225,22.489781259576617,0.3895,NA,0.36595092177363187,blend: book price,2.732606862016801,1.577164977192791,over,-0.29737423019462683,FALSE,-0.25216000000000005,rest,FALSE,-0.3429628594137699
Cairns Taipans v Tasmania JackJumpers,Jack McVeigh,Cairns Taipans,Player Rebounds,9.5,Pointsbet,8,NA,5.556999999999999,28.975523788647227,0.0875,NA,0.0878038495088135,blend: book price,11.389022299069278,1.096255448415929,over,-0.29756920392949204,FALSE,NA,price > 6,FALSE,-0.5387411371602528
Perth Wildcats v Adelaide 36ers,Isaac White,Adelaide 36ers,Player Points,14.5,Sportsbet,8.5,NA,6.904499999999996,15.999257515431703,0.08275,NA,0.08260896765631198,blend: book price,12.105223299247852,1.0900477165612446,over,-0.29782377492134815,FALSE,NA,price > 6,FALSE,-0.5387411371602528
Brisbane Bullets v Illawarra Hawks,Arnas Velicka,Brisbane Bullets,Player Steals,0.5,Sportsbet,1.22,NA,1.0009999999999997,31.485242480604562,0.60425,NA,0.5754056761196584,blend: book price,1.7379043021328227,2.355189280113453,over,-0.29800507513401675,FALSE,-0.262815,rest,FALSE,-0.3429628594137699
Cairns Taipans v Tasmania JackJumpers,Keanu Pinder,Cairns Taipans,Player Rebounds,9.5,Pointsbet,3.4,NA,6.883999999999996,25.975269438688255,0.20675,NA,0.20639420244119885,blend: book price,4.8450973339955965,1.2600714398459347,over,-0.29825971169992394,FALSE,-0.29705000000000004,rest,FALSE,-0.3429628594137699
Perth Wildcats v Adelaide 36ers,Nick Rakocevic,Adelaide 36ers,Player Rebounds,9.5,Sportsbet,2.25,NA,7.932250000000002,24.432875676252536,0.3085,NA,0.31183839316852424,blend: book price,3.206789227712504,1.4531470370809143,over,-0.29836361537082046,FALSE,-0.305875,rest,FALSE,-0.3429628594137699
Perth Wildcats v Adelaide 36ers,Bryce Cotton,Adelaide 36ers,Player Threes,3.5,Sportsbet,2.03,NA,3.1090000000000013,36.060843575363826,0.3715,NA,0.3451606949509067,blend: book price,2.8972012590895764,1.5270922076447901,over,-0.2993237892496595,FALSE,-0.24585500000000005,rest,FALSE,-0.3429628594137699
South East Melbourne Phoenix v Melbourne United,Dash Daniels,South East Melbourne Phoenix,Player Rebounds,4.5,BetRight,1.36,NA,4.661999999999999,24.18613403048899,0.48075,NA,0.515130645810457,blend: book price,1.9412551129174158,2.062411227600671,over,-0.2994223216977785,FALSE,-0.34617999999999993,rest,FALSE,-0.3429628594137699
Cairns Taipans v Tasmania JackJumpers,Taran Armstrong,Tasmania JackJumpers,Player Points,14.5,Pointsbet,1.33,NA,13.541749999999997,29.88892484187663,0.3825,NA,0.5265115238254869,blend: book price,1.8992936616738736,2.111983818654609,over,-0.2997396733121024,FALSE,-0.491275,rest,FALSE,-0.3429628594137699
Cairns Taipans v Tasmania JackJumpers,Jack McVeigh,Cairns Taipans,Player Rebounds,6.5,BetRight,2.1,NA,5.556999999999999,28.975523788647227,0.32825,NA,0.3334183097498304,blend: book price,2.9992354071686034,1.500191221311071,over,-0.2998215495253561,FALSE,-0.31067500000000003,rest,FALSE,-0.3429628594137699
South East Melbourne Phoenix v Melbourne United,Tanner Krebs,South East Melbourne Phoenix,Player Steals,0.5,Sportsbet,1.52,NA,0.7300000000000015,25.634747615826885,0.49175,NA,0.4605510333023359,blend: book price,2.171312032088167,1.8537434710862153,over,-0.2999624293804495,FALSE,-0.25254,rest,FALSE,-0.3429628594137699
Brisbane Bullets v Illawarra Hawks,Tyrell Harrison,Brisbane Bullets,Player Blocks,0.5,Sportsbet,1.14,NA,1.0830000000000009,27.622759933796313,0.62425,NA,0.6135248830964075,blend: book price,1.6299257414843318,2.587488705642732,over,-0.30058163327009546,FALSE,-0.28835500000000014,rest,FALSE,-0.3429628594137699
Cairns Taipans v Tasmania JackJumpers,Taran Armstrong,Tasmania JackJumpers,Player Points,14.5,BetRight,1.3,NA,13.541749999999997,29.88892484187663,0.3825,NA,0.5378689956324794,blend: book price,1.859188776672471,2.163888573909069,over,-0.30077030567777685,FALSE,-0.50275,rest,FALSE,-0.3429628594137699
Cairns Taipans v Tasmania JackJumpers,Taran Armstrong,Tasmania JackJumpers,Player Points,14.5,Sportsbet,1.3,NA,13.541749999999997,29.88892484187663,0.3825,NA,0.5378689956324794,blend: book price,1.859188776672471,2.163888573909069,over,-0.30077030567777685,FALSE,-0.50275,rest,FALSE,-0.3429628594137699
Cairns Taipans v Tasmania JackJumpers,David Johnson,Tasmania JackJumpers,Player Points,14.5,Sportsbet,1.43,NA,13.310750000000002,24.54132940151298,0.372,NA,0.4889571261706131,blend: book price,2.0451690884060607,1.9567829847752714,over,-0.3007913095760233,FALSE,-0.46804,rest,FALSE,-0.3429628594137699
Cairns Taipans v Tasmania JackJumpers,Keanu Pinder,Cairns Taipans,Player Rebounds,11.5,Pointsbet,7.5,NA,6.883999999999996,25.975269438688255,0.09275,NA,0.09316582225777233,blend: book price,10.733549876618786,1.102737440366143,over,-0.3012563330667075,FALSE,NA,price > 6,FALSE,-0.5387411371602528
Cairns Taipans v Tasmania JackJumpers,David Johnson,Tasmania JackJumpers,Player Points,14.5,Pointsbet,1.42,NA,13.310750000000002,24.54132940151298,0.372,NA,0.4917718378401848,blend: book price,2.0334633320848647,1.9676202037885973,over,-0.3016839902669376,FALSE,-0.47176000000000007,rest,FALSE,-0.3429628594137699
Perth Wildcats v Adelaide 36ers,Anthony Dell'Orso,Perth Wildcats,Player Threes,0.5,BetRight,1.14,NA,0.7895000000000004,20.24341828770149,0.48075,NA,0.6120357053288406,blend: book price,1.6338916035343236,2.577556784826308,over,-0.3022792959251218,FALSE,-0.45194500000000004,rest,FALSE,-0.3429628594137699
Perth Wildcats v Adelaide 36ers,Anthony Dell'Orso,Perth Wildcats,Player Threes,0.5,Sportsbet,1.14,NA,0.7895000000000004,20.24341828770149,0.48075,NA,0.6120357053288406,blend: book price,1.6338916035343236,2.577556784826308,over,-0.3022792959251218,FALSE,-0.45194500000000004,rest,FALSE,-0.3429628594137699
Brisbane Bullets v Illawarra Hawks,Arnas Velicka,Brisbane Bullets,Player Points,19.5,Sportsbet,2.4,NA,15.345249999999995,31.485242480604562,0.2575,NA,0.2906546031321429,blend: book price,3.4405097639047573,1.4097504606578684,over,-0.30242895248285706,FALSE,-0.382,rest,FALSE,-0.3429628594137699
Cairns Taipans v Tasmania JackJumpers,David Johnson,Tasmania JackJumpers,Player Rebounds,6.5,BetRight,5.25,NA,3.889500000000001,24.54132940151298,0.13275,NA,0.1328131174247884,blend: book price,7.529376761796864,1.1531539741818793,over,-0.3027311335198608,FALSE,-0.3030625,rest,FALSE,-0.3429628594137699
Cairns Taipans v Tasmania JackJumpers,Taran Armstrong,Tasmania JackJumpers,Player Assists,3.5,Pointsbet,1.17,NA,3.7075,29.88892484187663,0.481,NA,0.5956878610037624,blend: book price,1.6787315395599172,2.473336572289524,over,-0.3030452026255981,FALSE,-0.43723,rest,FALSE,-0.3429628594137699
Cairns Taipans v Tasmania JackJumpers,Kyrin Galloway,Cairns Taipans,Player Rebounds,5.5,Sportsbet,5.1,NA,3.131999999999998,16.492581016209076,0.1365,NA,0.1365892795696445,blend: book price,7.321218789283659,1.1581973403128043,over,-0.30339467419481303,FALSE,-0.30384999999999995,rest,FALSE,-0.3429628594137699
Brisbane Bullets v Illawarra Hawks,Milton Doyle,Illawarra Hawks,Player Points,14.5,Sportsbet,1.56,NA,13.070000000000006,27.119966222884155,0.35275,NA,0.44653887020053784,blend: book price,2.2394467015848054,1.806811619024328,over,-0.30339936248716093,FALSE,-0.44970999999999994,rest,FALSE,-0.3429628594137699
South East Melbourne Phoenix v Melbourne United,Skylar Mays,South East Melbourne Phoenix,Player Points,14.5,BetRight,1.3,NA,13.426249999999998,26.884292778390584,0.37875,NA,0.5357782379619468,blend: book price,1.8664438552112752,2.1541428725998157,over,-0.30348829064946914,FALSE,-0.507625,rest,FALSE,-0.3429628594137699
Perth Wildcats v Adelaide 36ers,Anthony Dell'Orso,Perth Wildcats,Player Threes,0.5,TAB,1.15,NA,0.7895000000000004,20.24341828770149,0.48075,NA,0.6050893112671529,blend: book price,1.6526485948096512,2.5322181154648096,over,-0.30414729204277413,FALSE,-0.4471375000000001,rest,FALSE,-0.3429628594137699
Brisbane Bullets v Illawarra Hawks,Tyler Harvey,Illawarra Hawks,Player Threes,2.5,Sportsbet,1.88,NA,2.2927500000000016,26.537541962438,0.38875,NA,0.3699069428129185,blend: book price,2.703382619411263,1.5870671618955627,over,-0.3045749475117132,FALSE,-0.2691500000000001,rest,FALSE,-0.3429628594137699
South East Melbourne Phoenix v Melbourne United,Jordan Hunter,South East Melbourne Phoenix,Player Points,14.5,TAB,4.75,NA,8.538249999999998,16.24806469641585,0.13975,NA,0.14620175966076102,blend: book price,6.839862955961324,1.1712368950335044,over,-0.3055416416113852,FALSE,-0.3361875,rest,FALSE,-0.3429628594137699
Cairns Taipans v Tasmania JackJumpers,Nick Marshall,Tasmania JackJumpers,Player Points,14.5,BetRight,3.9,NA,9.486749999999988,27.94522393186349,0.167,NA,0.1779224329210977,blend: book price,5.620426742048118,1.2164302251347296,over,-0.30610251160771906,FALSE,-0.3487,rest,FALSE,-0.3429628594137699
Perth Wildcats v Adelaide 36ers,Nick Rakocevic,Adelaide 36ers,Player Rebounds,11.5,Sportsbet,4.25,NA,7.932250000000002,24.432875676252536,0.163,NA,0.16326940293148484,blend: book price,6.124846309505063,1.1951278027880168,over,-0.30610503754118945,FALSE,-0.30725,rest,FALSE,-0.3429628594137699
Cairns Taipans v Tasmania JackJumpers,David Johnson,Tasmania JackJumpers,Player Points,14.5,TAB,1.35,NA,13.310750000000002,24.54132940151298,0.372,NA,0.5135851653968818,blend: book price,1.947096737553221,2.055858351474689,over,-0.30666002671420955,FALSE,-0.4978,rest,FALSE,-0.3429628594137699
Perth Wildcats v Adelaide 36ers,Bryce Cotton,Adelaide 36ers,Player Threes,3.5,BetRight,1.98,NA,3.1090000000000013,36.060843575363826,0.3715,NA,0.34992990638856714,blend: book price,2.85771516450379,1.5382956543109814,over,-0.3071387853506371,FALSE,-0.26443000000000005,rest,FALSE,-0.3429628594137699
Perth Wildcats v Adelaide 36ers,Nick Rakocevic,Adelaide 36ers,Player Points,14.5,BetRight,2,NA,11.922000000000002,24.432875676252536,0.29375,NA,0.3463621924468615,blend: book price,2.88715114353429,1.5298992629319463,over,-0.307275615106277,FALSE,-0.4125,rest,FALSE,-0.3429628594137699
South East Melbourne Phoenix v Melbourne United,Nathan Sobey,South East Melbourne Phoenix,Player Assists,4.5,BetRight,1.75,NA,3.8450000000000006,28.095023263042446,0.333,NA,0.39566044729087113,blend: book price,2.5274196772689956,1.6546989114268749,over,-0.3075942172409756,FALSE,-0.41725,rest,TRUE,-0.3429628594137699
Perth Wildcats v Adelaide 36ers,John Jenkins,Adelaide 36ers,Player Points,9.5,BetRight,1.35,NA,8.900500000000003,18.879220038729155,0.3705,NA,0.512736513639105,blend: book price,1.9503194592142126,2.052277726509848,over,-0.3078057065872082,FALSE,-0.49982499999999996,rest,TRUE,-0.3429628594137699
Cairns Taipans v Tasmania JackJumpers,David Johnson,Tasmania JackJumpers,Player Points,14.5,BetRight,1.25,NA,13.310750000000002,24.54132940151298,0.372,NA,0.5536450141458509,blend: book price,1.8062115154107798,2.240369283847901,over,-0.30794373231768635,FALSE,-0.535,rest,FALSE,-0.3429628594137699
Cairns Taipans v Tasmania JackJumpers,Nick Marshall,Tasmania JackJumpers,Player Steals,0.5,Sportsbet,1.32,NA,0.8482499999999998,27.94522393186349,0.5545,NA,0.524122597248055,blend: book price,1.9079505544133664,2.101381562177808,over,-0.3081581716325674,FALSE,-0.26805999999999996,rest,FALSE,-0.3429628594137699
Brisbane Bullets v Illawarra Hawks,Jaylin Williams,Brisbane Bullets,Player Rebounds,5.5,Sportsbet,2.45,NA,4.243500000000001,20.835093245222705,0.27875,NA,0.2823602644503796,blend: book price,3.541574810274816,1.39345684256757,over,-0.30821735209657,FALSE,-0.3170624999999999,rest,FALSE,-0.3429628594137699
Perth Wildcats v Adelaide 36ers,Jo Lual-Acuil Jr,Perth Wildcats,Player Rebounds,6.5,BetRight,1.48,NA,6.338,31.112404931629083,0.44075,NA,0.46729443861447933,blend: book price,2.1399783891393707,1.8772096116268941,over,-0.30840423085057056,FALSE,-0.34769000000000005,rest,FALSE,-0.3429628594137699
Perth Wildcats v Adelaide 36ers,Nick Rakocevic,Adelaide 36ers,Player Points,19.5,TAB,5,NA,11.922000000000002,24.432875676252536,0.132,NA,0.13817875994707907,blend: book price,7.237002274321965,1.160333435201242,over,-0.30910620026460467,FALSE,-0.33999999999999997,rest,FALSE,-0.3429628594137699
Perth Wildcats v Adelaide 36ers,John Jenkins,Adelaide 36ers,Player Points,9.5,TAB,1.3,NA,8.900500000000003,18.879220038729155,0.3705,NA,0.5311452546189218,blend: book price,1.8827241537109562,2.1328567319654934,over,-0.30951116899540165,FALSE,-0.51835,rest,TRUE,-0.3429628594137699
Cairns Taipans v Tasmania JackJumpers,Reyne Smith,Cairns Taipans,Player Threes,1.5,Pointsbet,1.45,NA,1.6395000000000013,20.32192545736321,0.45525,NA,0.4761858277293348,blend: book price,2.100020499913749,1.9090739673291621,over,-0.3095305497924645,FALSE,-0.3398875,rest,FALSE,-0.3429628594137699
Cairns Taipans v Tasmania JackJumpers,Jaylon Brown,Cairns Taipans,Player Threes,1.5,Sportsbet,1.78,NA,1.2829999999999993,26.27110691744886,0.3325,0.5194594594594594,0.3875467570455537,blend: two-way consensus,2.580333809585862,1.6327777042636693,over,-0.31016677245891444,FALSE,-0.40815,rest,FALSE,-0.3429628594137699
Perth Wildcats v Adelaide 36ers,Elijah Pepper,Perth Wildcats,Player Points,24.5,Sportsbet,8.25,NA,13.665499999999996,32.473449223538,0.08225,NA,0.08357926144442734,blend: book price,11.964690555023743,1.0912018442273161,over,-0.3104710930834744,FALSE,NA,price > 6,FALSE,-0.5387411371602528
Perth Wildcats v Adelaide 36ers,Elijah Pepper,Perth Wildcats,Player Points,19.5,TAB,3.5,NA,13.665499999999996,32.473449223538,0.1815,NA,0.1968423110150571,blend: book price,5.080208593585892,1.2450855090036341,over,-0.31105191144730016,FALSE,-0.36475,rest,FALSE,-0.3429628594137699
Cairns Taipans v Tasmania JackJumpers,Jack McVeigh,Cairns Taipans,Player Steals,0.5,Sportsbet,1.85,NA,0.5362500000000002,28.975523788647227,0.40475,NA,0.37234007984474876,blend: book price,2.6857167791792946,1.5932194615081534,over,-0.31117085228721475,FALSE,-0.25121249999999995,rest,FALSE,-0.3429628594137699
Cairns Taipans v Tasmania JackJumpers,Nick Marshall,Tasmania JackJumpers,Player PRAs,19.5,BetRight,2.1,NA,16.122249999999994,27.94522393186349,0.27525,NA,0.32796950803078817,blend: book price,3.0490639389138727,1.4880277189056679,over,-0.3112640331353448,FALSE,-0.421975,rest,FALSE,-0.3429628594137699
Perth Wildcats v Adelaide 36ers,Bryce Cotton,Adelaide 36ers,Player Rebounds,5.5,TAB,4.25,NA,3.492250000000001,36.060843575363826,0.16125,NA,0.1620375861788719,blend: book price,6.171407656592147,1.193370947797022,over,-0.31134025873979443,FALSE,-0.3146875,rest,FALSE,-0.3429628594137699
South East Melbourne Phoenix v Melbourne United,D'Shawn Schwartz,South East Melbourne Phoenix,Player Rebounds,3.5,Sportsbet,1.35,NA,3.670999999999998,20.73353339436755,0.47075,NA,0.5100175247941393,blend: book price,1.9607169389005497,2.0408893187044312,over,-0.3114763415279119,FALSE,-0.36448749999999996,rest,FALSE,-0.3429628594137699
South East Melbourne Phoenix v Melbourne United,D'Shawn Schwartz,South East Melbourne Phoenix,Player Rebounds,3.5,TAB,1.35,NA,3.670999999999998,20.73353339436755,0.47075,NA,0.5100175247941393,blend: book price,1.9607169389005497,2.0408893187044312,over,-0.3114763415279119,FALSE,-0.36448749999999996,rest,FALSE,-0.3429628594137699
Perth Wildcats v Adelaide 36ers,Bryce Cotton,Adelaide 36ers,Player Points,34.5,Sportsbet,4,NA,23.66425,36.060843575363826,0.1605,NA,0.17195861130748008,blend: book price,5.815352847970462,1.2076691016363363,over,-0.3121655547700797,FALSE,-0.358,rest,FALSE,-0.3429628594137699
Cairns Taipans v Tasmania JackJumpers,Reyne Smith,Cairns Taipans,Player Threes,1.5,Sportsbet,1.43,NA,1.6395000000000013,20.32192545736321,0.45525,NA,0.4809808165089914,blend: book price,2.0790849981462953,1.9267110577182043,over,-0.31219743239214237,FALSE,-0.34899250000000004,rest,FALSE,-0.3429628594137699
Brisbane Bullets v Illawarra Hawks,Tyler Harvey,Illawarra Hawks,Player Assists,5.5,Sportsbet,8.5,NA,2.5487500000000014,26.537541962438,0.06875,NA,0.08079874567105896,blend: book price,12.376429753886473,1.0879010393975646,over,-0.31321066179599877,FALSE,NA,price > 6,FALSE,-0.5387411371602528
South East Melbourne Phoenix v Melbourne United,Luke Travers,Melbourne United,Player Assists,5.5,Sportsbet,5.9,NA,2.8287500000000003,28.261818708693287,0.09875,NA,0.11633070173129897,blend: book price,8.596182994836592,1.131645064459313,over,-0.31364885978533597,FALSE,-0.41737499999999994,rest,FALSE,-0.3429628594137699
Perth Wildcats v Adelaide 36ers,Flynn Cameron,Adelaide 36ers,Player Points,9.5,BetRight,1.22,NA,8.573500000000003,21.472414740279152,0.36075,NA,0.5624173335681484,blend: book price,1.7780390829274282,2.2852824773755938,over,-0.313850853046859,FALSE,-0.559885,rest,FALSE,-0.3429628594137699
Cairns Taipans v Tasmania JackJumpers,Taran Armstrong,Tasmania JackJumpers,Player Assists,3.5,Sportsbet,1.1,NA,3.7075,29.88892484187663,0.481,NA,0.6232348770692826,blend: book price,1.6045315125854773,2.6541734867106794,over,-0.3144416352237891,FALSE,-0.4709,rest,FALSE,-0.3429628594137699
Cairns Taipans v Tasmania JackJumpers,Taran Armstrong,Tasmania JackJumpers,Player Assists,3.5,TAB,1.1,NA,3.7075,29.88892484187663,0.481,NA,0.6232348770692826,blend: book price,1.6045315125854773,2.6541734867106794,over,-0.3144416352237891,FALSE,-0.4709,rest,FALSE,-0.3429628594137699
Perth Wildcats v Adelaide 36ers,Bryce Cotton,Adelaide 36ers,Player Points,29.5,Sportsbet,2.2,NA,23.66425,36.060843575363826,0.2665,NA,0.3113502416961924,blend: book price,3.211817002460446,1.452116969391044,over,-0.31502946826837663,FALSE,-0.41369999999999996,rest,FALSE,-0.3429628594137699
South East Melbourne Phoenix v Melbourne United,Luke Travers,Melbourne United,Player Points,17.5,BetRight,3,NA,12.285499999999995,28.261818708693287,0.20525,NA,0.2281534996738447,blend: book price,4.383014073549357,1.2955943954885265,over,-0.31553950097846584,FALSE,-0.38425,rest,FALSE,-0.3429628594137699
Perth Wildcats v Adelaide 36ers,Flynn Cameron,Adelaide 36ers,Player Points,9.5,TAB,1.25,NA,8.573500000000003,21.472414740279152,0.36075,NA,0.5473056043401043,blend: book price,1.827132761057174,2.208995758700068,over,-0.3158679945748696,FALSE,-0.5490625,rest,FALSE,-0.3429628594137699
Cairns Taipans v Tasmania JackJumpers,Reyne Smith,Cairns Taipans,Player Threes,1.5,BetRight,1.4,NA,1.6395000000000013,20.32192545736321,0.45525,NA,0.48861545794344313,blend: book price,2.0465991890820394,1.9554756113246077,over,-0.31593835887917965,FALSE,-0.36265000000000003,rest,FALSE,-0.3429628594137699
Cairns Taipans v Tasmania JackJumpers,Reyne Smith,Cairns Taipans,Player Threes,1.5,TAB,1.4,NA,1.6395000000000013,20.32192545736321,0.45525,NA,0.48861545794344313,blend: book price,2.0465991890820394,1.9554756113246077,over,-0.31593835887917965,FALSE,-0.36265000000000003,rest,FALSE,-0.3429628594137699
Cairns Taipans v Tasmania JackJumpers,Will Magnay,Tasmania JackJumpers,Player Steals,1.5,Sportsbet,3.15,NA,0.936,26.254847578198834,0.24625,NA,0.21713121605907312,blend: book price,4.605510060460114,1.2773532685337692,over,-0.3160366694139197,FALSE,-0.22431250000000003,rest,FALSE,-0.3429628594137699
Cairns Taipans v Tasmania JackJumpers,David Johnson,Tasmania JackJumpers,Player Threes,2.5,Sportsbet,1.88,NA,2.0229999999999992,24.54132940151298,0.32025,0.49530831099195705,0.363778294520481,blend: two-way consensus,2.748927066465477,1.5717791320028953,over,-0.3160968063014957,FALSE,-0.3979300000000001,rest,FALSE,-0.3429628594137699
Perth Wildcats v Adelaide 36ers,Anthony Dell'Orso,Perth Wildcats,Player Rebounds,3.5,Sportsbet,2.1,NA,2.825499999999999,20.24341828770149,0.31725,NA,0.325612371942378,blend: book price,3.071136376160071,1.4828267281240168,over,-0.3162140189210061,FALSE,-0.33377500000000004,rest,FALSE,-0.3429628594137699
South East Melbourne Phoenix v Melbourne United,D'Shawn Schwartz,South East Melbourne Phoenix,Player Points,9.5,Sportsbet,1.37,NA,8.517749999999998,20.73353339436755,0.357,NA,0.4983800771085812,blend: book price,2.006500753002877,1.9935412338406282,over,-0.31721929436124374,FALSE,-0.51091,rest,FALSE,-0.3429628594137699
South East Melbourne Phoenix v Melbourne United,D'Shawn Schwartz,South East Melbourne Phoenix,Player Points,9.5,TAB,1.35,NA,8.517749999999998,20.73353339436755,0.357,NA,0.5050296393096747,blend: book price,1.9800818054300744,2.020322991876362,over,-0.31820998693193914,FALSE,-0.51805,rest,FALSE,-0.3429628594137699
South East Melbourne Phoenix v Melbourne United,Luke Travers,Melbourne United,Player Points,19.5,Sportsbet,4.5,NA,12.285499999999995,28.261818708693287,0.1415,NA,0.15135300524833753,blend: book price,6.6070706581558545,1.1783462454758677,over,-0.3189114763824811,FALSE,-0.3632500000000001,rest,FALSE,-0.3429628594137699
South East Melbourne Phoenix v Melbourne United,Luke Travers,Melbourne United,Player Points,19.5,TAB,4.5,NA,12.285499999999995,28.261818708693287,0.1415,NA,0.15135300524833753,blend: book price,6.6070706581558545,1.1783462454758677,over,-0.3189114763824811,FALSE,-0.3632500000000001,rest,FALSE,-0.3429628594137699
South East Melbourne Phoenix v Melbourne United,D'Shawn Schwartz,South East Melbourne Phoenix,Player Points,9.5,BetRight,1.26,NA,8.517749999999998,20.73353339436755,0.357,NA,0.5405112607336454,blend: book price,1.8501002155675397,2.1763318979191,over,-0.3189558114756068,FALSE,-0.55018,rest,FALSE,-0.3429628594137699
Perth Wildcats v Adelaide 36ers,Elijah Pepper,Perth Wildcats,Player Points,19.5,BetRight,3.4,NA,13.665499999999996,32.473449223538,0.1815,NA,0.19994976787821186,blend: book price,5.001256118532199,1.2499215172376505,over,-0.3201707892140797,FALSE,-0.3829,rest,FALSE,-0.3429628594137699
Perth Wildcats v Adelaide 36ers,Bryce Cotton,Adelaide 36ers,Player Assists,5.5,Sportsbet,1.27,NA,5.391500000000002,36.060843575363826,0.43525,NA,0.5352725426591423,blend: book price,1.8682071660768762,2.151798832205739,over,-0.32020387082288937,FALSE,-0.4472324999999999,rest,FALSE,-0.3429628594137699
Brisbane Bullets v Illawarra Hawks,Jaylin Williams,Brisbane Bullets,Player Rebounds,7.5,Sportsbet,5.9,NA,4.243500000000001,20.835093245222705,0.11375,NA,0.11519062957525639,blend: book price,8.681261693657813,1.1301869458276197,over,-0.32037528550598726,FALSE,-0.3288749999999999,rest,FALSE,-0.3429628594137699
Brisbane Bullets v Illawarra Hawks,Jaylin Williams,Brisbane Bullets,Player Steals,0.5,Sportsbet,1.72,NA,0.6067500000000001,20.835093245222705,0.42775,NA,0.39512784622737057,blend: book price,2.5308264389560753,1.6532419185821847,over,-0.3203801044889226,FALSE,-0.26427,rest,FALSE,-0.3429628594137699
South East Melbourne Phoenix v Melbourne United,Angus Glover,South East Melbourne Phoenix,Player Assists,4.5,BetRight,7,NA,2.1070000000000007,22.489781259576617,0.08225,NA,0.09707687673992342,blend: book price,10.301114267191338,1.1075140000728074,over,-0.320461862820536,FALSE,NA,price > 6,FALSE,-0.5387411371602528
Cairns Taipans v Tasmania JackJumpers,Nick Marshall,Tasmania JackJumpers,Player PRAs,21.5,BetRight,2.9,NA,16.122249999999994,27.94522393186349,0.19375,NA,0.23421239472060018,blend: book price,4.269628860560235,1.3058451104535012,over,-0.32078405531025944,FALSE,-0.438125,rest,FALSE,-0.3429628594137699
Perth Wildcats v Adelaide 36ers,Bryce Cotton,Adelaide 36ers,Player Points,39.5,BetRight,7,NA,23.66425,36.060843575363826,0.09325,NA,0.09696851785012199,blend: book price,10.312625398128038,1.107381104387707,over,-0.321220375049146,FALSE,NA,price > 6,FALSE,-0.5387411371602528
South East Melbourne Phoenix v Melbourne United,Angus Glover,South East Melbourne Phoenix,Player Threes,3.5,Sportsbet,3.6,NA,2.28225,22.489781259576617,0.2165,NA,0.18846173390804938,blend: book price,5.306116946201401,1.2322277849146992,over,-0.32153775793102224,FALSE,-0.22060000000000002,rest,FALSE,-0.3429628594137699
Cairns Taipans v Tasmania JackJumpers,Jaylon Brown,Cairns Taipans,Player Threes,1.5,TAB,1.75,NA,1.2829999999999993,26.27110691744886,0.3325,0.5194594594594594,0.3875467570455537,blend: two-way consensus,2.580333809585862,1.6327777042636693,over,-0.32179317517028105,FALSE,-0.41812499999999997,rest,FALSE,-0.3429628594137699
South East Melbourne Phoenix v Melbourne United,Joe Ingles,Melbourne United,Player Points,11.5,BetRight,2.1,NA,9.062249999999997,22.38714552634611,0.27075,NA,0.32284448332341403,blend: book price,3.0974665873359086,1.47676564005253,over,-0.3220265850208305,FALSE,-0.43142499999999995,rest,FALSE,-0.3429628594137699
Cairns Taipans v Tasmania JackJumpers,Reyne Smith,Cairns Taipans,Player Points,9.5,Pointsbet,1.53,NA,8.256249999999998,20.32192545736321,0.33475,NA,0.4426294675946831,blend: book price,2.2592259964844965,1.7941386238783168,over,-0.3227769145801349,FALSE,-0.4878325,rest,FALSE,-0.3429628594137699
South East Melbourne Phoenix v Melbourne United,Angus Glover,South East Melbourne Phoenix,Player Points,11.5,BetRight,1.42,NA,10.237250000000001,22.489781259576617,0.3445,NA,0.4759762259330925,blend: book price,2.100945268935699,1.908310365842905,over,-0.3241137591750086,FALSE,-0.51081,rest,FALSE,-0.3429628594137699
Perth Wildcats v Adelaide 36ers,Bryce Cotton,Adelaide 36ers,Player PRAs,34.5,BetRight,1.32,NA,32.548,36.060843575363826,0.3885,NA,0.5120328061729665,blend: book price,1.9529998623998253,2.0493180948440224,over,-0.3241166958516841,FALSE,-0.48717999999999995,rest,FALSE,-0.3429628594137699
South East Melbourne Phoenix v Melbourne United,Joe Ingles,Melbourne United,Player PRAs,19.5,BetRight,1.91,NA,16.41425,22.38714552634611,0.29025,NA,0.3537408576844474,blend: book price,2.826928182811284,1.5473668912705676,over,-0.3243549618227055,FALSE,-0.44562250000000003,rest,FALSE,-0.3429628594137699
Perth Wildcats v Adelaide 36ers,Elijah Pepper,Perth Wildcats,Player Points,19.5,Sportsbet,3.35,NA,13.665499999999996,32.473449223538,0.1815,NA,0.20156672067123693,blend: book price,4.9611364250502366,1.2524528046234402,over,-0.32475148575135626,FALSE,-0.39197499999999996,rest,FALSE,-0.3429628594137699
Cairns Taipans v Tasmania JackJumpers,Reyne Smith,Cairns Taipans,Player Points,9.5,Sportsbet,1.51,NA,8.256249999999998,20.32192545736321,0.33475,NA,0.44717658848044917,blend: book price,2.236253027910294,1.808895895438456,over,-0.3247633513945217,FALSE,-0.4945275,rest,FALSE,-0.3429628594137699
Perth Wildcats v Adelaide 36ers,Kristian Doolittle,Perth Wildcats,Player Points,17.5,BetRight,1.53,NA,15.189499999999995,33.94564352393243,0.3325,NA,0.44130999660448306,blend: book price,2.265980847237036,1.7899013655557816,over,-0.3247957051951409,FALSE,-0.491275,rest,FALSE,-0.3429628594137699
South East Melbourne Phoenix v Melbourne United,Skylar Mays,South East Melbourne Phoenix,Player Threes,2.5,BetRight,2.75,NA,1.825,26.884292778390584,0.272,NA,0.24549520724780186,blend: book price,4.073399278180629,1.3253726279886333,over,-0.3248881800685449,FALSE,-0.252,rest,FALSE,-0.3429628594137699
South East Melbourne Phoenix v Melbourne United,Skylar Mays,South East Melbourne Phoenix,Player Threes,2.5,TAB,2.75,NA,1.825,26.884292778390584,0.272,NA,0.24549520724780186,blend: book price,4.073399278180629,1.3253726279886333,over,-0.3248881800685449,FALSE,-0.252,rest,FALSE,-0.3429628594137699
Perth Wildcats v Adelaide 36ers,Isaac White,Adelaide 36ers,Player Points,9.5,TAB,2.4,NA,6.904499999999996,15.999257515431703,0.24125,NA,0.28128229823722223,blend: book price,3.5551472889226754,1.3913668712309848,over,-0.3249224842306667,FALSE,-0.42100000000000004,rest,FALSE,-0.3429628594137699
Cairns Taipans v Tasmania JackJumpers,Taran Armstrong,Tasmania JackJumpers,Player Rebounds,7.5,TAB,6,NA,4.5025,29.88892484187663,0.11075,NA,0.11250246991201235,blend: book price,8.88869373963163,1.1267636991630372,over,-0.3249851805279259,FALSE,-0.3355,rest,FALSE,-0.3429628594137699
Perth Wildcats v Adelaide 36ers,Bryce Cotton,Adelaide 36ers,Player Assists,5.5,TAB,1.25,NA,5.391500000000002,36.060843575363826,0.43525,NA,0.5394468996594458,blend: book price,1.8537505742109233,2.171302286881912,over,-0.3256913754256927,FALSE,-0.4559375,rest,FALSE,-0.3429628594137699
Perth Wildcats v Adelaide 36ers,Bryce Cotton,Adelaide 36ers,Player Steals,2.5,Sportsbet,4.75,NA,1.3649999999999998,36.060843575363826,0.166,NA,0.14194531153798184,blend: book price,7.044966749271033,1.1654268818137983,over,-0.32575977019458624,FALSE,-0.2114999999999999,rest,FALSE,-0.3429628594137699
Perth Wildcats v Adelaide 36ers,Flynn Cameron,Adelaide 36ers,Player Threes,1.5,TAB,1.5,NA,1.5425000000000004,21.472414740279152,0.427,NA,0.44907193463952877,blend: book price,2.2268147324831213,1.8151190016898155,over,-0.3263920980407069,FALSE,-0.35950000000000004,rest,FALSE,-0.3429628594137699
Perth Wildcats v Adelaide 36ers,Nick Rakocevic,Adelaide 36ers,Player Points,17.5,BetRight,3.3,NA,11.922000000000002,24.432875676252536,0.183,NA,0.2040914049350716,blend: book price,4.899765378743577,1.2564256827989428,over,-0.3264983637142638,FALSE,-0.3961,rest,FALSE,-0.3429628594137699
Perth Wildcats v Adelaide 36ers,Bryce Cotton,Adelaide 36ers,Player Threes,4.5,Sportsbet,3.4,NA,3.1090000000000013,36.060843575363826,0.225,NA,0.19807476091061946,blend: book price,5.048598798769958,1.2469990358896068,over,-0.32654581290389384,FALSE,-0.235,rest,FALSE,-0.3429628594137699
Perth Wildcats v Adelaide 36ers,Kristian Doolittle,Perth Wildcats,Player Assists,4.5,BetRight,1.7,NA,3.813750000000001,33.94564352393243,0.32925,NA,0.3960708354509215,blend: book price,2.5248008954295083,1.6558233294572655,over,-0.32667957973343353,FALSE,-0.4402750000000001,rest,FALSE,-0.3429628594137699
Cairns Taipans v Tasmania JackJumpers,David Johnson,Tasmania JackJumpers,Player Threes,2.5,TAB,1.85,NA,2.0229999999999992,24.54132940151298,0.32025,0.49530831099195705,0.363778294520481,blend: two-way consensus,2.748927066465477,1.5717791320028953,over,-0.3270101551371102,FALSE,-0.4075375,rest,FALSE,-0.3429628594137699
Cairns Taipans v Tasmania JackJumpers,Nick Marshall,Tasmania JackJumpers,Player Rebounds,3.5,Sportsbet,1.23,NA,3.7020000000000013,27.94522393186349,0.48075,NA,0.5455577370453799,blend: book price,1.8329865605348739,2.2004995607106608,over,-0.32896398343418276,FALSE,-0.4086775,rest,FALSE,-0.3429628594137699
Perth Wildcats v Adelaide 36ers,Flynn Cameron,Adelaide 36ers,Player Threes,1.5,BetRight,1.48,NA,1.5425000000000004,21.472414740279152,0.427,NA,0.4533443395044616,blend: book price,2.20582879912667,1.8293051225217518,over,-0.32905037753339683,FALSE,-0.36804000000000003,rest,FALSE,-0.3429628594137699
Cairns Taipans v Tasmania JackJumpers,Reyne Smith,Cairns Taipans,Player Points,9.5,BetRight,1.46,NA,8.256249999999998,20.32192545736321,0.33475,NA,0.4594157067009447,blend: book price,2.1766778658504746,1.8498502683036568,over,-0.3292530682166207,FALSE,-0.5112650000000001,rest,FALSE,-0.3429628594137699
Perth Wildcats v Adelaide 36ers,Nick Rakocevic,Adelaide 36ers,Player Rebounds,9.5,BetRight,2.1,NA,7.932250000000002,24.432875676252536,0.3085,NA,0.3193691051996972,blend: book price,3.1311732528877942,1.469225108115905,over,-0.3293248790806359,FALSE,-0.35214999999999996,rest,FALSE,-0.3429628594137699
Perth Wildcats v Adelaide 36ers,Nick Rakocevic,Adelaide 36ers,Player Rebounds,9.5,TAB,2.1,NA,7.932250000000002,24.432875676252536,0.3085,NA,0.3193691051996972,blend: book price,3.1311732528877942,1.469225108115905,over,-0.3293248790806359,FALSE,-0.35214999999999996,rest,FALSE,-0.3429628594137699
South East Melbourne Phoenix v Melbourne United,Angus Glover,South East Melbourne Phoenix,Player Threes,4.5,Sportsbet,7,NA,2.28225,22.489781259576617,0.11375,NA,0.09574737306805656,blend: book price,10.444150768389301,1.105885645467152,over,-0.32976838852360413,FALSE,NA,price > 6,FALSE,-0.5387411371602528
Cairns Taipans v Tasmania JackJumpers,Reyne Smith,Cairns Taipans,Player Points,9.5,TAB,1.45,NA,8.256249999999998,20.32192545736321,0.33475,NA,0.4620295651727259,blend: book price,2.1643636584731505,1.8588382098006364,over,-0.33005713049954744,FALSE,-0.5146125,rest,FALSE,-0.3429628594137699
South East Melbourne Phoenix v Melbourne United,Jordan Hunter,South East Melbourne Phoenix,Player Points,14.5,Sportsbet,4.4,NA,8.538249999999998,16.24806469641585,0.13975,NA,0.15215369288729108,blend: book price,6.572301868090425,1.1794590500788305,over,-0.33052375129591915,FALSE,-0.3850999999999999,rest,FALSE,-0.3429628594137699
Brisbane Bullets v Illawarra Hawks,Tyrell Harrison,Brisbane Bullets,Player Rebounds,7.5,Sportsbet,1.46,NA,7.151750000000002,27.622759933796313,0.42425,NA,0.458445730672712,blend: book price,2.181283264504666,1.846537007717043,over,-0.3306692332178405,FALSE,-0.380595,rest,FALSE,-0.3429628594137699
Cairns Taipans v Tasmania JackJumpers,Nick Marshall,Tasmania JackJumpers,Player Rebounds,3.5,TAB,1.22,NA,3.7020000000000013,27.94522393186349,0.48075,NA,0.5485618814008062,blend: book price,1.822948392707132,2.215143025810461,over,-0.3307545046910164,FALSE,-0.413485,rest,FALSE,-0.3429628594137699
Perth Wildcats v Adelaide 36ers,Elijah Pepper,Perth Wildcats,Player Assists,4.5,BetRight,5.25,NA,2.372,32.473449223538,0.10725,NA,0.12740605765229582,blend: book price,7.8489203608285445,1.1460084140734592,over,-0.331118197325447,FALSE,-0.4369375,rest,FALSE,-0.3429628594137699
South East Melbourne Phoenix v Melbourne United,Luke Travers,Melbourne United,Player Points,19.5,BetRight,4.33,NA,12.285499999999995,28.261818708693287,0.1415,NA,0.15443970435940402,blend: book price,6.475018869971755,1.182647772318118,over,-0.3312760801237806,FALSE,-0.387305,rest,FALSE,-0.3429628594137699
Cairns Taipans v Tasmania JackJumpers,Jack McVeigh,Cairns Taipans,Player PRAs,24.5,BetRight,1.21,NA,23.03225000000001,28.975523788647227,0.38775,NA,0.55217732945319,blend: book price,1.8110124169535895,2.233026744222124,over,-0.33186543136164015,FALSE,-0.5308225,rest,FALSE,-0.3429628594137699
Brisbane Bullets v Illawarra Hawks,Jaylin Williams,Brisbane Bullets,Player Points,9.5,Sportsbet,1.74,NA,7.764249999999997,20.835093245222705,0.30075,NA,0.3838526660123837,blend: book price,2.6051662227291614,1.6229884393528817,over,-0.3320963611384523,FALSE,-0.476695,rest,FALSE,-0.3429628594137699
Cairns Taipans v Tasmania JackJumpers,Malique Lewis,Cairns Taipans,Player Steals,0.5,Sportsbet,1.3,NA,0.8005000000000004,27.57509697673598,0.5455,NA,0.5136213804324133,blend: book price,1.9469594493089613,2.056011427659067,over,-0.33229220543786264,FALSE,-0.29084999999999994,rest,FALSE,-0.3429628594137699
South East Melbourne Phoenix v Melbourne United,Luke Travers,Melbourne United,Player Points,24.5,Sportsbet,12.5,NA,12.285499999999995,28.261818708693287,0.052,NA,0.05340169807295935,blend: book price,18.725996290113535,1.0564143184751618,over,-0.3324787740880081,FALSE,NA,price > 6,FALSE,-0.5387411371602528
Cairns Taipans v Tasmania JackJumpers,Jack McVeigh,Cairns Taipans,Player Points,17.5,BetRight,1.38,NA,15.347999999999994,28.975523788647227,0.337,NA,0.48352774343080224,blend: book price,2.0681336564157466,1.9362124243473637,over,-0.33273171406549296,FALSE,-0.53494,rest,FALSE,-0.3429628594137699
South East Melbourne Phoenix v Melbourne United,Joe Ingles,Melbourne United,Player Rebounds,7.5,TAB,6,NA,4.154000000000002,22.38714552634611,0.10875,NA,0.11107554519405681,blend: book price,9.002881761713882,1.1249549886872054,over,-0.33354672883565917,FALSE,-0.34750000000000003,rest,FALSE,-0.3429628594137699
South East Melbourne Phoenix v Melbourne United,Nathan Sobey,South East Melbourne Phoenix,Player Threes,2.5,TAB,1.75,NA,2.2815,28.095023263042446,0.37975,NA,0.3807232736002532,blend: book price,2.6265796428562096,1.6147869883850505,over,-0.3337342711995569,FALSE,-0.33543750000000006,rest,TRUE,-0.3429628594137699
Cairns Taipans v Tasmania JackJumpers,Keanu Pinder,Cairns Taipans,Player Rebounds,13.5,Pointsbet,15,NA,6.883999999999996,25.975269438688255,0.0425,NA,0.0443376409851052,blend: book price,22.554199496900168,1.0463946712631946,over,-0.3349353852234219,FALSE,NA,price > 6,FALSE,-0.5387411371602528
South East Melbourne Phoenix v Melbourne United,Dash Daniels,South East Melbourne Phoenix,Player Threes,1.5,TAB,2.5,NA,1.0817500000000004,24.18613403048899,0.28725,NA,0.2660063086658318,blend: book price,3.7593093374948547,1.3624095299542922,over,-0.3349842283354205,FALSE,-0.281875,rest,FALSE,-0.3429628594137699
Brisbane Bullets v Illawarra Hawks,Milton Doyle,Illawarra Hawks,Player Steals,1.5,Sportsbet,3.15,NA,0.9464999999999998,27.119966222884155,0.24,NA,0.21092077627135916,blend: book price,4.7411166300348455,1.267299872976878,over,-0.33559955474521863,FALSE,-0.244,rest,FALSE,-0.3429628594137699
South East Melbourne Phoenix v Melbourne United,Joe Ingles,Melbourne United,Player Assists,3.5,Sportsbet,1.44,NA,3.198000000000003,22.38714552634611,0.377,NA,0.46114930398726767,blend: book price,2.1684950868485102,1.855801630024008,over,-0.33594500225833457,FALSE,-0.45711999999999997,rest,FALSE,-0.3429628594137699
Perth Wildcats v Adelaide 36ers,Isaac White,Adelaide 36ers,Player Points,9.5,BetRight,2.3,NA,6.904499999999996,15.999257515431703,0.24125,NA,0.2885087919140012,blend: book price,3.4660988781862856,1.4054987449389942,over,-0.3364297785977973,FALSE,-0.4451250000000001,rest,FALSE,-0.3429628594137699
South East Melbourne Phoenix v Melbourne United,Nathan Sobey,South East Melbourne Phoenix,Player Threes,2.5,Sportsbet,1.73,NA,2.2815,28.095023263042446,0.37975,NA,0.3834204088116882,blend: book price,2.6081032126047745,1.6218506325724076,over,-0.33668269275577944,FALSE,-0.3430325000000001,rest,TRUE,-0.3429628594137699
South East Melbourne Phoenix v Melbourne United,Cole Anthony,Melbourne United,Player Rebounds,2.5,BetRight,1.4,NA,2.4782499999999983,19.50273010843019,0.432,NA,0.4734602838271406,blend: book price,2.1121095774214886,1.8991919684016902,over,-0.33715560264200317,FALSE,-0.3952,rest,FALSE,-0.3429628594137699
Perth Wildcats v Adelaide 36ers,Anthony Dell'Orso,Perth Wildcats,Player Rebounds,3.5,TAB,2,NA,2.825499999999999,20.24341828770149,0.31725,NA,0.33134634934188495,blend: book price,3.0179900940094395,1.49554257127851,over,-0.3373073013162301,FALSE,-0.36550000000000005,rest,FALSE,-0.3429628594137699
Cairns Taipans v Tasmania JackJumpers,Kyrin Galloway,Cairns Taipans,Player Rebounds,5.5,TAB,4.75,NA,3.131999999999998,16.492581016209076,0.1365,NA,0.1394849193469125,blend: book price,7.169233811670372,1.1620946831530838,over,-0.3374466331021656,FALSE,-0.35162499999999997,rest,FALSE,-0.3429628594137699
Cairns Taipans v Tasmania JackJumpers,David Johnson,Tasmania JackJumpers,Player Threes,2.5,BetRight,1.82,NA,2.0229999999999992,24.54132940151298,0.32025,0.49530831099195705,0.363778294520481,blend: two-way consensus,2.748927066465477,1.5717791320028953,over,-0.3379235039727245,FALSE,-0.417145,rest,FALSE,-0.3429628594137699
Brisbane Bullets v Illawarra Hawks,Tyler Harvey,Illawarra Hawks,Player Points,19.5,Sportsbet,2.65,NA,14.227999999999996,26.537541962438,0.21375,NA,0.2498238345707251,blend: book price,4.002820634461521,1.3330202238933675,over,-0.33796683838757846,FALSE,-0.4335625000000001,rest,FALSE,-0.3429628594137699
Cairns Taipans v Tasmania JackJumpers,Kyrin Galloway,Cairns Taipans,Player Threes,1.5,Sportsbet,3.15,NA,0.91425,16.492581016209076,0.23375,NA,0.21015472089457576,blend: book price,4.758398934571879,1.2660707437950331,over,-0.3380126291820864,FALSE,-0.26368749999999996,rest,FALSE,-0.3429628594137699
South East Melbourne Phoenix v Melbourne United,Cole Anthony,Melbourne United,Player Assists,1.5,Sportsbet,1.03,NA,1.5650000000000013,19.50273010843019,0.42375,NA,0.6419281040566188,blend: book price,1.5578068535721856,2.7927352337032376,over,-0.33881405282168264,FALSE,-0.5635375,rest,FALSE,-0.3429628594137699
Perth Wildcats v Adelaide 36ers,Bryce Cotton,Adelaide 36ers,Player Points,29.5,TAB,2,NA,23.66425,36.060843575363826,0.2665,NA,0.33036278616659315,blend: book price,3.026975318871801,1.4933459182702788,over,-0.3392744276668137,FALSE,-0.46699999999999997,rest,FALSE,-0.3429628594137699
Cairns Taipans v Tasmania JackJumpers,Kyrin Galloway,Cairns Taipans,Player Points,9.5,Sportsbet,3.35,NA,6.007500000000005,16.492581016209076,0.17375,NA,0.19709023491633548,blend: book price,5.073818093648823,1.2454699687153492,over,-0.33974771303027607,FALSE,-0.4179375000000001,rest,FALSE,-0.3429628594137699
Cairns Taipans v Tasmania JackJumpers,Nick Marshall,Tasmania JackJumpers,Player Points,14.5,Pointsbet,3.5,NA,9.486749999999988,27.94522393186349,0.167,NA,0.188552278277064,blend: book price,5.303568904803006,1.2323652814955393,over,-0.34006702603027605,FALSE,-0.4155,rest,FALSE,-0.3429628594137699
Cairns Taipans v Tasmania JackJumpers,Nick Marshall,Tasmania JackJumpers,Player Points,14.5,TAB,3.5,NA,9.486749999999988,27.94522393186349,0.167,NA,0.188552278277064,blend: book price,5.303568904803006,1.2323652814955393,over,-0.34006702603027605,FALSE,-0.4155,rest,FALSE,-0.3429628594137699
South East Melbourne Phoenix v Melbourne United,Cole Anthony,Melbourne United,Player Threes,1.5,TAB,1.15,NA,1.612749999999998,19.50273010843019,0.423,NA,0.5732776677825705,blend: book price,1.7443554078566939,2.343444259885761,over,-0.340730682050044,FALSE,-0.5135500000000001,rest,FALSE,-0.3429628594137699
South East Melbourne Phoenix v Melbourne United,Nathan Sobey,South East Melbourne Phoenix,Player Assists,5.5,TAB,2.5,NA,3.8450000000000006,28.095023263042446,0.2195,NA,0.26368725036397056,blend: book price,3.7923714499646395,1.358118544727516,over,-0.34078187409007366,FALSE,-0.45125000000000004,rest,TRUE,-0.3429628594137699
Perth Wildcats v Adelaide 36ers,Bryce Cotton,Adelaide 36ers,Player Threes,7.5,Sportsbet,23,NA,3.1090000000000013,36.060843575363826,0.034,NA,0.02865678527525237,blend: book price,34.89574948462859,1.0295022241786833,over,-0.3408939386691955,FALSE,NA,price > 6,FALSE,-0.5387411371602528
Cairns Taipans v Tasmania JackJumpers,Jaylon Brown,Cairns Taipans,Player Threes,1.5,BetRight,1.7,NA,1.2829999999999993,26.27110691744886,0.3325,0.5194594594594594,0.3875467570455537,blend: two-way consensus,2.580333809585862,1.6327777042636693,over,-0.34117051302255874,FALSE,-0.43474999999999997,rest,FALSE,-0.3429628594137699
Perth Wildcats v Adelaide 36ers,Bryce Cotton,Adelaide 36ers,Player Points,29.5,BetRight,1.98,NA,23.66425,36.060843575363826,0.2665,NA,0.3325055541880313,blend: book price,3.007468559260522,1.4981398066669414,over,-0.3416390027076981,FALSE,-0.47233,rest,FALSE,-0.3429628594137699
Perth Wildcats v Adelaide 36ers,Dylan Windler,Perth Wildcats,Player Points,14.5,Sportsbet,2.6,NA,10.44475,25.848881798879656,0.21475,NA,0.253187676742596,blend: book price,3.9496393065633004,1.3390245030213968,over,-0.3417120404692503,FALSE,-0.44165,rest,FALSE,-0.3429628594137699
South East Melbourne Phoenix v Melbourne United,Cole Anthony,Melbourne United,Player Threes,1.5,Sportsbet,1.16,NA,1.612749999999998,19.50273010843019,0.423,NA,0.5665916464222485,blend: book price,1.764939540345353,2.3072928607514815,over,-0.34275369015019186,FALSE,-0.50932,rest,FALSE,-0.3429628594137699
Cairns Taipans v Tasmania JackJumpers,Kyrin Galloway,Cairns Taipans,Player Rebounds,4.5,BetRight,2.63,NA,3.131999999999998,16.492581016209076,0.2415,NA,0.24959780026297623,blend: book price,4.006445565411234,1.3326186948151897,over,-0.34355778530837255,FALSE,-0.36485500000000004,rest,FALSE,-0.3429628594137699
Brisbane Bullets v Illawarra Hawks,Sam Froling,Illawarra Hawks,Player Points,14.5,Sportsbet,2.35,NA,10.616999999999997,18.3576638963734,0.232,NA,0.27933254554590486,blend: book price,3.5799623636611377,1.3876025534655216,over,-0.3435685179671235,FALSE,-0.4548,rest,FALSE,-0.3429628594137699
South East Melbourne Phoenix v Melbourne United,Joe Ingles,Melbourne United,Player PRAs,21.5,BetRight,2.4,NA,16.41425,22.38714552634611,0.219,NA,0.2728473790132952,blend: book price,3.66505261518848,1.3752271134539222,over,-0.34516629036809154,FALSE,-0.47440000000000004,rest,FALSE,-0.3429628594137699
Cairns Taipans v Tasmania JackJumpers,Jack McVeigh,Cairns Taipans,Player Rebounds,9.5,Sportsbet,7.25,NA,5.556999999999999,28.975523788647227,0.0875,NA,0.09031130364881323,blend: book price,11.072811039121135,1.0992771527348388,over,-0.345243048546104,FALSE,NA,price > 6,FALSE,-0.5387411371602528
South East Melbourne Phoenix v Melbourne United,Josh Oduro,Melbourne United,Player Points,11.5,BetRight,1.38,NA,9.762250000000002,20.49608489122735,0.32175,NA,0.47441896351583346,blend: book price,2.1078415428194104,1.9026561663819193,over,-0.3453018303481499,FALSE,-0.5559850000000001,rest,FALSE,-0.3429628594137699
South East Melbourne Phoenix v Melbourne United,Nathan Sobey,South East Melbourne Phoenix,Player Threes,2.5,BetRight,1.67,NA,2.2815,28.095023263042446,0.37975,NA,0.39202581848105017,blend: book price,2.5508524001674604,1.6448066881748515,over,-0.3453168831366462,FALSE,-0.3658175,rest,TRUE,-0.3429628594137699
Perth Wildcats v Adelaide 36ers,Jo Lual-Acuil Jr,Perth Wildcats,Player Blocks,0.5,Sportsbet,1.22,NA,0.8669999999999998,31.112404931629083,0.553,NA,0.5366151409633192,blend: book price,1.8635329562353067,2.1580333938378455,over,-0.3453295280247506,FALSE,-0.32533999999999996,rest,FALSE,-0.3429628594137699
South East Melbourne Phoenix v Melbourne United,Dash Daniels,South East Melbourne Phoenix,Player Rebounds,5.5,TAB,1.8,NA,4.661999999999999,24.18613403048899,0.343,NA,0.3636718368293271,blend: book price,2.7497317601453553,1.5715161733801568,over,-0.3453906937072112,FALSE,-0.38259999999999994,rest,FALSE,-0.3429628594137699
South East Melbourne Phoenix v Melbourne United,Joe Ingles,Melbourne United,Player PRAs,23.5,BetRight,3.3,NA,16.41425,22.38714552634611,0.158,NA,0.19831888639487627,blend: book price,5.042384102585581,1.247378768227488,over,-0.3455476748969083,FALSE,-0.4786,rest,FALSE,-0.3429628594137699
Cairns Taipans v Tasmania JackJumpers,Taran Armstrong,Tasmania JackJumpers,Player Assists,5.5,Pointsbet,1.71,NA,3.7075,29.88892484187663,0.19875,0.5517069120792526,0.38243474889035994,blend: two-way consensus,2.6148251509610847,1.6192620912578903,over,-0.34603657939748456,FALSE,-0.6601375,rest,FALSE,-0.3429628594137699
South East Melbourne Phoenix v Melbourne United,Skylar Mays,South East Melbourne Phoenix,Player Assists,3.5,TAB,1.2,NA,3.4407500000000004,26.884292778390584,0.427,NA,0.5449543506351399,blend: book price,1.8350160868236176,2.1975817182205164,over,-0.34605477923783223,FALSE,-0.48760000000000003,rest,FALSE,-0.3429628594137699
Cairns Taipans v Tasmania JackJumpers,Malique Lewis,Cairns Taipans,Player Threes,2.5,Sportsbet,4.2,NA,1.3849999999999996,27.57509697673598,0.1765,NA,0.15565776762648914,blend: book price,6.424350132012457,1.1843538812324041,over,-0.3462373759687456,FALSE,-0.25870000000000004,rest,FALSE,-0.3429628594137699
Cairns Taipans v Tasmania JackJumpers,Malique Lewis,Cairns Taipans,Player Threes,2.5,TAB,4.2,NA,1.3849999999999996,27.57509697673598,0.1765,NA,0.15565776762648914,blend: book price,6.424350132012457,1.1843538812324041,over,-0.3462373759687456,FALSE,-0.25870000000000004,rest,FALSE,-0.3429628594137699
Brisbane Bullets v Illawarra Hawks,Jaylin Williams,Brisbane Bullets,Player Assists,1.5,Sportsbet,1.44,NA,1.3712499999999974,20.835093245222705,0.368,NA,0.45362202990620804,blend: book price,2.20447847342591,1.830234846087112,over,-0.3467842769350604,FALSE,-0.47008000000000005,rest,FALSE,-0.3429628594137699
Brisbane Bullets v Illawarra Hawks,Tyler Harvey,Illawarra Hawks,Player Points,24.5,Sportsbet,5.8,NA,14.227999999999996,26.537541962438,0.10325,NA,0.11256051448069662,blend: book price,8.884110068380092,1.1268373971604717,over,-0.3471490160119596,FALSE,-0.40115,rest,FALSE,-0.3429628594137699
South East Melbourne Phoenix v Melbourne United,Joe Ingles,Melbourne United,Player Assists,3.5,TAB,1.4,NA,3.198000000000003,22.38714552634611,0.377,NA,0.466320575397065,blend: book price,2.1444475169222694,1.8737840619282147,over,-0.347151194444109,FALSE,-0.47220000000000006,rest,FALSE,-0.3429628594137699
South East Melbourne Phoenix v Melbourne United,Dash Daniels,South East Melbourne Phoenix,Player Threes,1.5,BetRight,2.4,NA,1.0817500000000004,24.18613403048899,0.28725,NA,0.27173858888007835,blend: book price,3.680007333965043,1.3731333072587193,over,-0.347827386687812,FALSE,-0.3106,rest,FALSE,-0.3429628594137699
South East Melbourne Phoenix v Melbourne United,Skylar Mays,South East Melbourne Phoenix,Player Assists,3.5,Sportsbet,1.19,NA,3.4407500000000004,26.884292778390584,0.427,NA,0.5477280885061233,blend: book price,1.8257234218668714,2.2110592645405505,over,-0.34820357467771323,FALSE,-0.49187000000000003,rest,FALSE,-0.3429628594137699
Cairns Taipans v Tasmania JackJumpers,Nick Marshall,Tasmania JackJumpers,Player Points,14.5,Sportsbet,3.4,NA,9.486749999999988,27.94522393186349,0.167,NA,0.19156007812909626,blend: book price,5.220294383708069,1.2369502951880271,over,-0.3486957343610727,FALSE,-0.43220000000000003,rest,FALSE,-0.3429628594137699
Cairns Taipans v Tasmania JackJumpers,Keanu Pinder,Cairns Taipans,Player Rebounds,9.5,Sportsbet,3.05,NA,6.883999999999996,25.975269438688255,0.20675,NA,0.21352511309232317,blend: book price,4.683289874046918,1.2714964160290962,over,-0.3487484050684144,FALSE,-0.36941250000000003,rest,FALSE,-0.3429628594137699
Cairns Taipans v Tasmania JackJumpers,Nick Marshall,Tasmania JackJumpers,Player Rebounds,5.5,Sportsbet,2.12,NA,3.7020000000000013,27.94522393186349,0.19825,0.4367085082534445,0.3071884582019445,blend: two-way consensus,3.25533063922149,1.443393967434055,over,-0.3487604686118776,FALSE,-0.57971,rest,FALSE,-0.3429628594137699
South East Melbourne Phoenix v Melbourne United,Angus Glover,South East Melbourne Phoenix,Player Threes,5.5,Sportsbet,14,NA,2.28225,22.489781259576617,0.05475,NA,0.04651460571647392,blend: book price,21.49862359568133,1.0487837632284092,over,-0.3487955199693651,FALSE,NA,price > 6,FALSE,-0.5387411371602528
Cairns Taipans v Tasmania JackJumpers,Will Magnay,Tasmania JackJumpers,Player Rebounds,13.5,Pointsbet,17,NA,6.924249999999999,26.254847578198834,0.03625,NA,0.03830085357458039,blend: book price,26.109078693318796,1.039826232264989,over,-0.34888548923213336,FALSE,NA,price > 6,FALSE,-0.5387411371602528
Perth Wildcats v Adelaide 36ers,Dylan Windler,Perth Wildcats,Player Threes,2.5,Sportsbet,3.1,NA,1.6062499999999988,25.848881798879656,0.23,NA,0.2098372636358295,blend: book price,4.765597790750313,1.2655620848451647,over,-0.34950448272892853,FALSE,-0.2869999999999999,rest,FALSE,-0.3429628594137699
Brisbane Bullets v Illawarra Hawks,Tyler Harvey,Illawarra Hawks,Player Steals,1.5,Sportsbet,3.1,NA,0.9297500000000009,26.537541962438,0.239,NA,0.20977578387667276,blend: book price,4.7669944619913815,1.2654636236102563,over,-0.3496950699823145,FALSE,-0.2591,rest,FALSE,-0.3429628594137699
Perth Wildcats v Adelaide 36ers,Kristian Doolittle,Perth Wildcats,Player PRAs,29.5,BetRight,1.55,NA,26.22125,33.94564352393243,0.3215,NA,0.4193620597044149,blend: book price,2.38457432392631,1.722243640315565,over,-0.34998880745815686,FALSE,-0.501675,rest,FALSE,-0.3429628594137699
Cairns Taipans v Tasmania JackJumpers,Jaylon Brown,Cairns Taipans,Player Assists,5.5,TAB,2.25,NA,3.9592500000000004,26.27110691744886,0.23875,NA,0.2887988430834032,blend: book price,3.4626177491687757,1.4060719534477233,over,-0.35020260306234285,FALSE,-0.46281250000000007,rest,FALSE,-0.3429628594137699
Brisbane Bullets v Illawarra Hawks,Wani Swaka Lo Buluk,Illawarra Hawks,Player Rebounds,3.5,Sportsbet,2.7,NA,2.3955000000000015,25.10199900062852,0.23175,NA,0.24046617870128267,blend: book price,4.158588976632105,1.3165970651446604,over,-0.3507413175065367,FALSE,-0.3742749999999999,rest,FALSE,-0.3429628594137699
Perth Wildcats v Adelaide 36ers,Flynn Cameron,Adelaide 36ers,Player Assists,2.5,BetRight,1.1,NA,2.4804999999999975,21.472414740279152,0.43675,NA,0.5897268549636708,blend: book price,1.695700291725062,2.4374005759296073,over,-0.35130045953996203,FALSE,-0.5195749999999999,rest,FALSE,-0.3429628594137699
Cairns Taipans v Tasmania JackJumpers,David Johnson,Tasmania JackJumpers,Player Assists,5.5,TAB,6,NA,2.6985,24.54132940151298,0.09025,NA,0.10809531965951935,blend: book price,9.251094341085428,1.1211960448713583,over,-0.3514280820428839,FALSE,-0.4585,rest,FALSE,-0.3429628594137699
South East Melbourne Phoenix v Melbourne United,Angus Glover,South East Melbourne Phoenix,Player Threes,3.5,BetRight,3.3,NA,2.28225,22.489781259576617,0.2165,NA,0.19651546023455085,blend: book price,5.08865815853089,1.2445790186478474,over,-0.3514989812259822,FALSE,-0.2855500000000001,rest,FALSE,-0.3429628594137699
Perth Wildcats v Adelaide 36ers,Kristian Doolittle,Perth Wildcats,Player Threes,1.5,Sportsbet,1.61,NA,1.3304999999999996,33.94564352393243,0.3815,NA,0.4025215101765505,blend: book price,2.484339283039529,1.6737004210737236,over,-0.3519403686157536,FALSE,-0.38578499999999993,rest,FALSE,-0.3429628594137699
South East Melbourne Phoenix v Melbourne United,Jordan Hunter,South East Melbourne Phoenix,Player Threes,0.5,TAB,1.1,NA,0.5172499999999995,16.24806469641585,0.3775,NA,0.5889830751609143,blend: book price,1.69784165653112,2.432989834643678,over,-0.3521186173229942,FALSE,-0.5847499999999999,rest,FALSE,-0.3429628594137699
Perth Wildcats v Adelaide 36ers,Dylan Windler,Perth Wildcats,Player Points,14.5,TAB,2.5,NA,10.44475,25.848881798879656,0.21475,NA,0.259073232435383,blend: book price,3.8599124679907484,1.3496610512357945,over,-0.3523169189115425,FALSE,-0.463125,rest,FALSE,-0.3429628594137699
South East Melbourne Phoenix v Melbourne United,Luke Travers,Melbourne United,Player PRAs,24.5,BetRight,1.6,NA,21.138250000000006,28.261818708693287,0.31125,NA,0.4047866395087638,blend: book price,2.4704372684176734,1.6800698142506225,over,-0.3523413767859779,FALSE,-0.502,rest,FALSE,-0.3429628594137699
Cairns Taipans v Tasmania JackJumpers,Keanu Pinder,Cairns Taipans,Player Blocks,0.5,Sportsbet,1.52,NA,0.67325,25.975269438688255,0.463,NA,0.4258181752081651,blend: book price,2.3484201901695267,1.7416085929967255,over,-0.35275637368358903,FALSE,-0.29623999999999995,rest,FALSE,-0.3429628594137699
Cairns Taipans v Tasmania JackJumpers,Kyrin Galloway,Cairns Taipans,Player Points,7.5,BetRight,1.62,NA,6.007500000000005,16.492581016209076,0.293,NA,0.39935215484637776,blend: book price,2.504055600713307,1.6648690377707742,over,-0.353049509148868,FALSE,-0.5253399999999999,rest,FALSE,-0.3429628594137699
Perth Wildcats v Adelaide 36ers,Kristian Doolittle,Perth Wildcats,Player Threes,1.5,TAB,1.6,NA,1.3304999999999996,33.94564352393243,0.3815,NA,0.40420285326263955,blend: book price,2.4740052969151813,1.6784236136008561,over,-0.35327543477977663,FALSE,-0.38959999999999995,rest,FALSE,-0.3429628594137699
South East Melbourne Phoenix v Melbourne United,Cole Anthony,Melbourne United,Player Assists,1.5,TAB,1.05,NA,1.5650000000000013,19.50273010843019,0.42375,NA,0.615925899090727,blend: book price,1.6235719288249935,2.603664234668671,over,-0.35327780595473657,FALSE,-0.5550625,rest,FALSE,-0.3429628594137699
Perth Wildcats v Adelaide 36ers,Bryce Cotton,Adelaide 36ers,Player Points,34.5,BetRight,3.5,NA,23.66425,36.060843575363826,0.1605,NA,0.18474270885134858,blend: book price,5.412933512870812,1.2266066318659432,over,-0.35340051902028,FALSE,-0.43825000000000003,rest,FALSE,-0.3429628594137699
Cairns Taipans v Tasmania JackJumpers,Nick Marshall,Tasmania JackJumpers,Player Rebounds,5.5,Pointsbet,2.1,NA,3.7020000000000013,27.94522393186349,0.19825,0.4367085082534445,0.3071884582019445,blend: two-way consensus,3.25533063922149,1.443393967434055,over,-0.3549042377759165,FALSE,-0.5836749999999999,rest,FALSE,-0.3429628594137699
Cairns Taipans v Tasmania JackJumpers,Keanu Pinder,Cairns Taipans,Player Rebounds,9.5,TAB,3,NA,6.883999999999996,25.975269438688255,0.20675,NA,0.2146582840680657,blend: book price,4.6585670072854555,1.273331060496817,over,-0.35602514779580297,FALSE,-0.37975000000000003,rest,FALSE,-0.3429628594137699
Brisbane Bullets v Illawarra Hawks,Nate Hinton,Brisbane Bullets,Player Points,14.5,Sportsbet,1.68,NA,11.737749999999998,28.00915210516743,0.28375,NA,0.3831476314497217,blend: book price,2.6099600204137614,1.6211334364334085,over,-0.35631197916446755,FALSE,-0.5233,rest,FALSE,-0.3429628594137699
South East Melbourne Phoenix v Melbourne United,Jordan Hunter,South East Melbourne Phoenix,Player Threes,0.5,BetRight,1.11,NA,0.5172499999999995,16.24806469641585,0.3775,NA,0.5791972193069737,blend: book price,1.7265276259380684,2.376410151931708,over,-0.35709108656925914,FALSE,-0.580975,rest,FALSE,-0.3429628594137699
Cairns Taipans v Tasmania JackJumpers,Kyrin Galloway,Cairns Taipans,Player Points,9.5,TAB,3.15,NA,6.007500000000005,16.492581016209076,0.17375,NA,0.2039145904799988,blend: book price,4.90401396803475,1.256146624522297,over,-0.3576690399880038,FALSE,-0.4526875,rest,FALSE,-0.3429628594137699
Perth Wildcats v Adelaide 36ers,Bryce Cotton,Adelaide 36ers,Player Threes,4.5,BetRight,3.1,NA,3.1090000000000013,36.060843575363826,0.225,NA,0.20719255600157632,blend: book price,4.826428223571854,1.2613403261662466,over,-0.35770307639511334,FALSE,-0.3025,rest,FALSE,-0.3429628594137699
Perth Wildcats v Adelaide 36ers,Jo Lual-Acuil Jr,Perth Wildcats,Player Rebounds,7.5,TAB,1.9,NA,6.338,31.112404931629083,0.3175,NA,0.33792490555673915,blend: book price,2.9592373440261133,1.5104026845185896,over,-0.3579426794421956,FALSE,-0.39675000000000005,rest,FALSE,-0.3429628594137699
Perth Wildcats v Adelaide 36ers,Nick Rakocevic,Adelaide 36ers,Player Rebounds,11.5,BetRight,3.8,NA,7.932250000000002,24.432875676252536,0.163,NA,0.1688988124664959,blend: book price,5.920704742659856,1.2032229227920421,over,-0.35818451262731554,FALSE,-0.38060000000000005,rest,FALSE,-0.3429628594137699
Perth Wildcats v Adelaide 36ers,Matt Kenyon,Adelaide 36ers,Player Threes,0.5,Sportsbet,1.54,NA,0.5059999999999998,17.35960324566636,0.3845,NA,0.41670837039050423,blend: book price,2.3997598105909983,1.714408280930559,over,-0.35826910959862346,FALSE,-0.40786999999999995,rest,FALSE,-0.3429628594137699
Cairns Taipans v Tasmania JackJumpers,Malique Lewis,Cairns Taipans,Player Blocks,1.5,Sportsbet,3.6,NA,0.8589999999999995,27.57509697673598,0.20825,NA,0.17823355757928788,blend: book price,5.610615720079235,1.2168907713659587,over,-0.3583591927145636,FALSE,-0.25029999999999997,rest,FALSE,-0.3429628594137699
Brisbane Bullets v Illawarra Hawks,Arnas Velicka,Brisbane Bullets,Player Assists,9.5,Sportsbet,1.5,NA,8.363250000000004,31.485242480604562,0.34525,NA,0.42749994873170666,blend: book price,2.339181567078004,1.7467247344076924,over,-0.35875007690244,FALSE,-0.482125,rest,FALSE,-0.3429628594137699
Cairns Taipans v Tasmania JackJumpers,Malique Lewis,Cairns Taipans,Player Points,14.5,Pointsbet,3.2,NA,9.546000000000006,27.57509697673598,0.17075,NA,0.20034617124620827,blend: book price,4.991360672279011,1.2505411267253415,over,-0.3588922520121335,FALSE,-0.4535999999999999,rest,FALSE,-0.3429628594137699
Brisbane Bullets v Illawarra Hawks,Kelan Martin,Illawarra Hawks,Player Steals,1.5,Sportsbet,3.3,NA,0.8692499999999996,25.31577048270224,0.2225,NA,0.19407034922639613,blend: book price,5.15277065242683,1.2408030887560841,over,-0.35956784755289284,FALSE,-0.26575000000000004,rest,FALSE,-0.3429628594137699
Perth Wildcats v Adelaide 36ers,Kristian Doolittle,Perth Wildcats,Player Threes,1.5,BetRight,1.55,NA,1.3304999999999996,33.94564352393243,0.3815,NA,0.4130898259678403,blend: book price,2.4207809951675054,1.7038382434740431,over,-0.3597107697498475,FALSE,-0.408675,rest,FALSE,-0.3429628594137699
Perth Wildcats v Adelaide 36ers,Bryce Cotton,Adelaide 36ers,Player Threes,5.5,Sportsbet,6,NA,3.1090000000000013,36.060843575363826,0.12175,NA,0.10669581526931222,blend: book price,9.3724388109869885,1.1194395113031725,over,-0.3598251083841266,FALSE,-0.2695000000000001,rest,FALSE,-0.3429628594137699
Perth Wildcats v Adelaide 36ers,Anthony Dell'Orso,Perth Wildcats,Player Rebounds,5.5,Sportsbet,5.8,NA,2.825499999999999,20.24341828770149,0.10625,NA,0.11037055438432927,blend: book price,9.060387578718032,1.1240635131045456,over,-0.35985078457089026,FALSE,-0.38375000000000004,rest,FALSE,-0.3429628594137699
Perth Wildcats v Adelaide 36ers,Jo Lual-Acuil Jr,Perth Wildcats,Player Rebounds,7.5,Sportsbet,1.89,NA,6.338,31.112404931629083,0.3175,NA,0.3386070567865091,blend: book price,2.9532757216885104,1.5119604922624799,over,-0.36003266267349787,FALSE,-0.399925,rest,FALSE,-0.3429628594137699
South East Melbourne Phoenix v Melbourne United,Joe Ingles,Melbourne United,Player Points,14.5,BetRight,3.5,NA,9.062249999999997,22.38714552634611,0.15725,NA,0.18281419484694122,blend: book price,5.470034757625013,1.223711907003451,over,-0.36015031803570574,FALSE,-0.44962499999999994,rest,FALSE,-0.3429628594137699
Perth Wildcats v Adelaide 36ers,Dylan Windler,Perth Wildcats,Player Threes,2.5,TAB,3,NA,1.6062499999999988,25.848881798879656,0.23,NA,0.21327694978040923,blend: book price,4.688739223950848,1.27109533618073,over,-0.3601691506587723,FALSE,-0.30999999999999994,rest,FALSE,-0.3429628594137699
Cairns Taipans v Tasmania JackJumpers,Jaylon Brown,Cairns Taipans,Player Points,14.5,Sportsbet,2.25,NA,10.618000000000004,26.27110691744886,0.22775,NA,0.284219322477544,blend: book price,3.518409625647494,1.3970759918545401,over,-0.360506524425526,FALSE,-0.4875625,rest,FALSE,-0.3429628594137699
Perth Wildcats v Adelaide 36ers,Kristian Doolittle,Perth Wildcats,Player Points,19.5,TAB,2,NA,15.189499999999995,33.94564352393243,0.24875,NA,0.31959795927488627,blend: book price,3.1289311179233774,1.4697192838138557,over,-0.36080408145022747,FALSE,-0.5025,rest,FALSE,-0.3429628594137699
Cairns Taipans v Tasmania JackJumpers,Jack McVeigh,Cairns Taipans,Player Rebounds,9.5,TAB,7,NA,5.556999999999999,28.975523788647227,0.0875,NA,0.09123020245760216,blend: book price,10.961282262469325,1.100388682265099,over,-0.3613885827967849,FALSE,NA,price > 6,FALSE,-0.5387411371602528
South East Melbourne Phoenix v Melbourne United,Luke Travers,Melbourne United,Player Assists,4.5,BetRight,3,NA,2.8287500000000003,28.261818708693287,0.17575,NA,0.21286996876656974,blend: book price,4.6977035125916995,1.2704381237150908,over,-0.36139009370029074,FALSE,-0.47275,rest,FALSE,-0.3429628594137699
South East Melbourne Phoenix v Melbourne United,Jordan Hunter,South East Melbourne Phoenix,Player Blocks,0.5,Sportsbet,1.52,NA,0.6505000000000001,16.24806469641585,0.4545,NA,0.4193598467962145,blend: book price,2.3845869070196035,1.7222370765823236,over,-0.36257303286975395,FALSE,-0.30916,rest,FALSE,-0.3429628594137699
Perth Wildcats v Adelaide 36ers,Kristian Doolittle,Perth Wildcats,Player Points,19.5,Sportsbet,1.98,NA,15.189499999999995,33.94564352393243,0.24875,NA,0.3217044490041629,blend: book price,3.108443178499716,1.4742835899953255,over,-0.36302519097175745,FALSE,-0.507475,rest,FALSE,-0.3429628594137699
Cairns Taipans v Tasmania JackJumpers,Jack McVeigh,Cairns Taipans,Player Assists,3.5,TAB,1.9,NA,2.1272499999999996,28.975523788647227,0.17575,0.5020107238605898,0.335054161526906,blend: two-way consensus,2.9845920893589515,1.5038818835174401,over,-0.3633970930988787,FALSE,-0.666075,rest,FALSE,-0.3429628594137699
Brisbane Bullets v Illawarra Hawks,Sam Froling,Illawarra Hawks,Player Assists,1.5,Sportsbet,1.62,NA,1.167750000000001,18.3576638963734,0.318,NA,0.3927250490314303,blend: book price,2.546310713987507,1.646700556980089,over,-0.3637854205690829,FALSE,-0.48483999999999994,rest,FALSE,-0.3429628594137699
South East Melbourne Phoenix v Melbourne United,Skylar Mays,South East Melbourne Phoenix,Player Rebounds,7.5,TAB,6,NA,4.172250000000001,26.884292778390584,0.10175,NA,0.10602495261317911,blend: book price,9.431742013112657,1.1185994541157505,over,-0.36385028432092537,FALSE,-0.38950000000000007,rest,FALSE,-0.3429628594137699
Cairns Taipans v Tasmania JackJumpers,Jaylon Brown,Cairns Taipans,Player Steals,0.5,Sportsbet,1.3,NA,0.7932499999999997,26.27110691744886,0.523,NA,0.48904959109891316,blend: book price,2.0447824069394716,1.9571370970241981,over,-0.36423553157141286,FALSE,-0.32009999999999994,rest,FALSE,-0.3429628594137699
South East Melbourne Phoenix v Melbourne United,Luke Travers,Melbourne United,Player Blocks,0.5,Sportsbet,1.23,NA,0.8367499999999999,28.261818708693287,0.53025,NA,0.5168083006256613,blend: book price,1.9349534417101555,2.0695719758738633,over,-0.36432579023043665,FALSE,-0.34779250000000006,rest,FALSE,-0.3429628594137699
Cairns Taipans v Tasmania JackJumpers,Taran Armstrong,Tasmania JackJumpers,Player Assists,5.5,Sportsbet,1.66,NA,3.7075,29.88892484187663,0.19875,0.5517069120792526,0.38243474889035994,blend: two-way consensus,2.6148251509610847,1.6192620912578903,over,-0.3651583168420025,FALSE,-0.670075,rest,FALSE,-0.3429628594137699
Brisbane Bullets v Illawarra Hawks,Max Mackinnon,Brisbane Bullets,Player Assists,3.5,Sportsbet,4,NA,1.7510000000000006,28.711766117223874,0.131,NA,0.15851829937509962,blend: book price,6.308419936008234,1.1883799722054336,over,-0.3659268024996015,FALSE,-0.476,rest,FALSE,-0.3429628594137699
Cairns Taipans v Tasmania JackJumpers,Jaylon Brown,Cairns Taipans,Player Points,14.5,BetRight,2.2,NA,10.618000000000004,26.27110691744886,0.22775,NA,0.28821117202921553,blend: book price,3.4696781285724465,1.404911064494883,over,-0.3659354215357258,FALSE,-0.4989499999999999,rest,FALSE,-0.3429628594137699
Cairns Taipans v Tasmania JackJumpers,Jaylon Brown,Cairns Taipans,Player Points,14.5,Pointsbet,2.2,NA,10.618000000000004,26.27110691744886,0.22775,NA,0.28821117202921553,blend: book price,3.4696781285724465,1.404911064494883,over,-0.3659354215357258,FALSE,-0.4989499999999999,rest,FALSE,-0.3429628594137699
Perth Wildcats v Adelaide 36ers,Isaac White,Adelaide 36ers,Player Points,11.5,BetRight,3.4,NA,6.904499999999996,15.999257515431703,0.15825,NA,0.18635392638034753,blend: book price,5.366133246685688,1.2290356119477333,over,-0.36639665030681845,FALSE,-0.46194999999999997,rest,FALSE,-0.3429628594137699
Perth Wildcats v Adelaide 36ers,Dylan Windler,Perth Wildcats,Player Rebounds,5.5,TAB,1.4,NA,5.07425,25.848881798879656,0.40225,NA,0.45209947422508134,blend: book price,2.2119025944766793,1.8251488234760465,over,-0.3670607360848862,FALSE,-0.43685000000000007,rest,FALSE,-0.3429628594137699
South East Melbourne Phoenix v Melbourne United,Nathan Sobey,South East Melbourne Phoenix,Player Rebounds,7.5,TAB,6,NA,4.252500000000001,28.095023263042446,0.101,NA,0.10547835844165677,blend: book price,9.480617775760416,1.1179159380178922,over,-0.3671298493500593,FALSE,-0.3939999999999999,rest,TRUE,-0.3429628594137699
Cairns Taipans v Tasmania JackJumpers,Taran Armstrong,Tasmania JackJumpers,Player Threes,1.5,BetRight,1.98,NA,1.0359999999999996,29.88892484187663,0.2695,0.4666666666666667,0.31940622761557713,blend: two-way consensus,3.130809337892919,1.469305245765848,over,-0.36757566932115726,FALSE,-0.46638999999999997,rest,FALSE,-0.3429628594137699
Cairns Taipans v Tasmania JackJumpers,Taran Armstrong,Tasmania JackJumpers,Player Threes,1.5,Sportsbet,1.98,NA,1.0359999999999996,29.88892484187663,0.2695,0.4666666666666667,0.31940622761557713,blend: two-way consensus,3.130809337892919,1.469305245765848,over,-0.36757566932115726,FALSE,-0.46638999999999997,rest,FALSE,-0.3429628594137699
Cairns Taipans v Tasmania JackJumpers,Keanu Pinder,Cairns Taipans,Player Threes,1.5,TAB,2.9,NA,1.0175000000000005,25.975269438688255,0.26875,0.31373722860791825,0.21802920031791048,blend: two-way consensus,4.58654161250828,1.278820130376416,over,-0.36771531907805965,FALSE,-0.22062500000000007,rest,FALSE,-0.3429628594137699
Cairns Taipans v Tasmania JackJumpers,Malique Lewis,Cairns Taipans,Player Points,14.5,BetRight,3.1,NA,9.546000000000006,27.57509697673598,0.17075,NA,0.20393735504863608,blend: book price,4.903466555999584,1.256182545861194,over,-0.3677941993492281,FALSE,-0.47067499999999995,rest,FALSE,-0.3429628594137699
Cairns Taipans v Tasmania JackJumpers,Malique Lewis,Cairns Taipans,Player Points,14.5,Sportsbet,3.1,NA,9.546000000000006,27.57509697673598,0.17075,NA,0.20393735504863608,blend: book price,4.903466555999584,1.256182545861194,over,-0.3677941993492281,FALSE,-0.47067499999999995,rest,FALSE,-0.3429628594137699
Perth Wildcats v Adelaide 36ers,Flynn Cameron,Adelaide 36ers,Player Rebounds,4.5,BetRight,2,NA,3.5222500000000005,21.472414740279152,0.296,NA,0.31598330289758364,blend: book price,3.1647241826702457,1.46195261641438,over,-0.3680333942048327,FALSE,-0.40800000000000003,rest,FALSE,-0.3429628594137699
Brisbane Bullets v Illawarra Hawks,Nate Hinton,Brisbane Bullets,Player Steals,0.5,Sportsbet,1.11,NA,1.0295000000000007,28.00915210516743,0.60475,NA,0.5692898353396211,blend: book price,1.7565744861814199,2.3217469241491298,over,-0.3680882827730205,FALSE,-0.32872749999999995,rest,FALSE,-0.3429628594137699
Cairns Taipans v Tasmania JackJumpers,Jack McVeigh,Cairns Taipans,Player Points,19.5,Sportsbet,1.74,NA,15.347999999999994,28.975523788647227,0.26675,NA,0.36314437703328656,blend: book price,2.753725689406277,1.5702146042797316,over,-0.3681287839620814,FALSE,-0.535855,rest,FALSE,-0.3429628594137699
Brisbane Bullets v Illawarra Hawks,Tyler Harvey,Illawarra Hawks,Player Threes,3.5,Sportsbet,3.1,NA,2.2927500000000016,26.537541962438,0.21825,NA,0.2035954597547386,blend: book price,4.911700885690921,1.2556432685479657,over,-0.3688540747603103,FALSE,-0.32342499999999996,rest,FALSE,-0.3429628594137699
Cairns Taipans v Tasmania JackJumpers,Keanu Pinder,Cairns Taipans,Player Rebounds,9.5,BetRight,2.9,NA,6.883999999999996,25.975269438688255,0.20675,NA,0.2170261355293034,blend: book price,4.607739973626253,1.2771818388548852,over,-0.3706242069650202,FALSE,-0.40042500000000003,rest,FALSE,-0.3429628594137699
Cairns Taipans v Tasmania JackJumpers,Jack McVeigh,Cairns Taipans,Player Points,19.5,Pointsbet,1.71,NA,15.347999999999994,28.975523788647227,0.26675,NA,0.36773800206527635,blend: book price,2.7193273319152156,1.5816228134325456,over,-0.3711680164683775,FALSE,-0.5438575000000001,rest,FALSE,-0.3429628594137699
Cairns Taipans v Tasmania JackJumpers,Malique Lewis,Cairns Taipans,Player Threes,2.5,Pointsbet,3.9,NA,1.3849999999999996,27.57509697673598,0.1765,NA,0.16120480679233412,blend: book price,6.203288970707998,1.1921861356594872,over,-0.37130125350989696,FALSE,-0.3116500000000001,rest,FALSE,-0.3429628594137699
Perth Wildcats v Adelaide 36ers,Dylan Windler,Perth Wildcats,Player Rebounds,5.5,Sportsbet,1.38,NA,5.07425,25.848881798879656,0.40225,NA,0.45556714504306867,blend: book price,2.195066107994819,1.8367737929392736,over,-0.37131733984056525,FALSE,-0.44489500000000004,rest,FALSE,-0.3429628594137699
Cairns Taipans v Tasmania JackJumpers,Jaylon Brown,Cairns Taipans,Player Points,14.5,TAB,2.15,NA,10.618000000000004,26.27110691744886,0.22775,NA,0.2924082558116465,blend: book price,3.41987608121484,1.4132443011288307,over,-0.3713222500049601,FALSE,-0.5103375,rest,FALSE,-0.3429628594137699
Perth Wildcats v Adelaide 36ers,Anthony Dell'Orso,Perth Wildcats,Player Points,7.5,BetRight,1.46,NA,6.054999999999999,20.24341828770149,0.28725,NA,0.43044198642747616,blend: book price,2.3231934419308486,1.755747397403033,over,-0.37155469981588485,FALSE,-0.580615,rest,FALSE,-0.3429628594137699
Perth Wildcats v Adelaide 36ers,Kristian Doolittle,Perth Wildcats,Player Points,19.5,BetRight,1.9,NA,15.189499999999995,33.94564352393243,0.24875,NA,0.3306629016999625,blend: book price,3.024227982210662,1.4940155006195985,over,-0.3717404867700713,FALSE,-0.527375,rest,FALSE,-0.3429628594137699
Cairns Taipans v Tasmania JackJumpers,Jack McVeigh,Cairns Taipans,Player Points,19.5,TAB,1.7,NA,15.347999999999994,28.975523788647227,0.26675,NA,0.36931804002717794,blend: book price,2.7076933472472953,1.585585229111505,over,-0.37215933195379747,FALSE,-0.546525,rest,FALSE,-0.3429628594137699
Perth Wildcats v Adelaide 36ers,Kristian Doolittle,Perth Wildcats,Player Assists,5.5,Sportsbet,2.5,NA,3.813750000000001,33.94564352393243,0.20525,NA,0.25086297147367537,blend: book price,3.9862399545280693,1.3348692721372537,over,-0.37284257131581156,FALSE,-0.48687500000000006,rest,FALSE,-0.3429628594137699
Perth Wildcats v Adelaide 36ers,Kristian Doolittle,Perth Wildcats,Player Assists,5.5,TAB,2.5,NA,3.813750000000001,33.94564352393243,0.20525,NA,0.25086297147367537,blend: book price,3.9862399545280693,1.3348692721372537,over,-0.37284257131581156,FALSE,-0.48687500000000006,rest,FALSE,-0.3429628594137699
South East Melbourne Phoenix v Melbourne United,Jordan Hunter,South East Melbourne Phoenix,Player Assists,1.5,Sportsbet,2.9,NA,0.7497500000000005,16.24806469641585,0.17725,NA,0.21612513869606798,blend: book price,4.626949026074556,1.2757138280165738,over,-0.3732370977814029,FALSE,-0.48597500000000005,rest,FALSE,-0.3429628594137699
Cairns Taipans v Tasmania JackJumpers,Jack McVeigh,Cairns Taipans,Player Assists,3.5,Pointsbet,1.87,NA,2.1272499999999996,28.975523788647227,0.17575,0.5020107238605898,0.335054161526906,blend: two-way consensus,2.9845920893589515,1.5038818835174401,over,-0.3734487179446858,FALSE,-0.6713475,rest,FALSE,-0.3429628594137699
Cairns Taipans v Tasmania JackJumpers,Malique Lewis,Cairns Taipans,Player Points,19.5,Pointsbet,9,NA,9.546000000000006,27.57509697673598,0.063,NA,0.06954383599769234,blend: book price,14.379419622943761,1.0747416575742303,over,-0.37410547602076893,FALSE,NA,price > 6,FALSE,-0.5387411371602528
South East Melbourne Phoenix v Melbourne United,Skylar Mays,South East Melbourne Phoenix,Player PRAs,24.5,BetRight,1.42,NA,21.03925,26.884292778390584,0.31425,NA,0.4403709375791609,blend: book price,2.270812886738786,1.786897906399299,over,-0.37467326863759154,FALSE,-0.5537650000000001,rest,FALSE,-0.3429628594137699
Cairns Taipans v Tasmania JackJumpers,Will Magnay,Tasmania JackJumpers,Player Points,29.5,Pointsbet,21,NA,13.014500000000002,26.254847578198834,0.02775,NA,0.029735012638507287,blend: book price,33.63038758910716,1.0306462801665839,over,-0.375564734591347,FALSE,NA,price > 6,FALSE,-0.5387411371602528
Cairns Taipans v Tasmania JackJumpers,Keanu Pinder,Cairns Taipans,Player Threes,2.5,Pointsbet,7,NA,1.0175000000000005,25.975269438688255,0.1005,NA,0.08919453169648026,blend: book price,11.211449636877923,1.097929288745505,over,-0.37563827812463824,FALSE,NA,price > 6,FALSE,-0.5387411371602528
Brisbane Bullets v Illawarra Hawks,Nate Hinton,Brisbane Bullets,Player Rebounds,5.5,Sportsbet,1.35,NA,5.138999999999998,28.00915210516743,0.4035,NA,0.4620422846659336,blend: book price,2.1643040760284986,1.858882160243784,over,-0.37624291570098956,FALSE,-0.455275,rest,FALSE,-0.3429628594137699
South East Melbourne Phoenix v Melbourne United,Joe Ingles,Melbourne United,Player Points,14.5,Sportsbet,3.3,NA,9.062249999999997,22.38714552634611,0.15725,NA,0.18885230223241367,blend: book price,5.295143284879505,1.2328211036685017,over,-0.3767874026330349,FALSE,-0.48107500000000003,rest,FALSE,-0.3429628594137699
Cairns Taipans v Tasmania JackJumpers,Jack McVeigh,Cairns Taipans,Player Points,19.5,BetRight,1.65,NA,15.347999999999994,28.975523788647227,0.26675,NA,0.37761794785821007,blend: book price,2.6481792130693034,1.6067301371540543,over,-0.37693038603395346,FALSE,-0.5598625,rest,FALSE,-0.3429628594137699
Perth Wildcats v Adelaide 36ers,Nick Rakocevic,Adelaide 36ers,Player Steals,1.5,Sportsbet,3.7,NA,0.78125,24.432875676252536,0.195,NA,0.16816945102887512,blend: book price,5.946383209803649,1.202167918979269,over,-0.37777303119316197,FALSE,-0.27849999999999997,rest,FALSE,-0.3429628594137699
Cairns Taipans v Tasmania JackJumpers,Taran Armstrong,Tasmania JackJumpers,Player PRAs,24.5,BetRight,1.3,NA,21.751749999999994,29.88892484187663,0.32325,NA,0.47845851057796907,blend: book price,2.0900453809297246,1.917392998030116,over,-0.37800393624864015,FALSE,-0.5797749999999999,rest,FALSE,-0.3429628594137699
Cairns Taipans v Tasmania JackJumpers,Keanu Pinder,Cairns Taipans,Player Threes,1.5,Sportsbet,2.85,NA,1.0175000000000005,25.975269438688255,0.26875,0.31373722860791825,0.21802920031791048,blend: two-way consensus,4.58654161250828,1.278820130376416,over,-0.3786167790939551,FALSE,-0.23406250000000006,rest,FALSE,-0.3429628594137699
Cairns Taipans v Tasmania JackJumpers,Jaylon Brown,Cairns Taipans,Player Assists,7.5,TAB,4.8,NA,3.9592500000000004,26.27110691744886,0.1065,NA,0.1294464472754373,blend: book price,7.725202360109514,1.148694410436107,over,-0.378657053077901,FALSE,-0.4888,rest,FALSE,-0.3429628594137699
Cairns Taipans v Tasmania JackJumpers,Taran Armstrong,Tasmania JackJumpers,Player Rebounds,9.5,Pointsbet,15,NA,4.5025,29.88892484187663,0.0385,NA,0.04137227144236775,blend: book price,24.170778280641816,1.0431578079893613,over,-0.3794159283644838,FALSE,NA,price > 6,FALSE,-0.5387411371602528
South East Melbourne Phoenix v Melbourne United,Luke Travers,Melbourne United,Player Rebounds,6.5,BetRight,1.4,NA,6.023999999999999,28.261818708693287,0.38975,NA,0.44302759790185636,blend: book price,2.2571957249072536,1.795421094892581,over,-0.37976136293740115,FALSE,-0.45435000000000003,rest,FALSE,-0.3429628594137699
South East Melbourne Phoenix v Melbourne United,Dash Daniels,South East Melbourne Phoenix,Player Points,11.5,BetRight,1.35,NA,9.112000000000002,24.18613403048899,0.282,NA,0.45937367071248597,blend: book price,2.176877047500362,1.8497064346050072,over,-0.3798455445381439,FALSE,-0.6193,rest,FALSE,-0.3429628594137699
South East Melbourne Phoenix v Melbourne United,Sam Waardenburg,Melbourne United,Player Threes,1.5,Sportsbet,2.6,NA,0.9554999999999996,24.340010909179398,0.246,NA,0.23843786344683832,blend: book price,4.193964773648285,1.3130904912447598,over,-0.38006155503822037,FALSE,-0.36039999999999994,rest,FALSE,-0.3429628594137699
Perth Wildcats v Adelaide 36ers,Angus Brandt,Perth Wildcats,Player Points,4.5,TAB,1.1,NA,2.8465,8.747833008902774,0.21775,NA,0.5633565298993466,blend: book price,1.77507483614092,2.2901979955625666,over,-0.3803078171107187,FALSE,-0.760475,rest,FALSE,-0.3429628594137699
South East Melbourne Phoenix v Melbourne United,Angus Glover,South East Melbourne Phoenix,Player Points,14.5,Sportsbet,2.3,NA,10.237250000000001,22.489781259576617,0.2095,NA,0.26915757159090226,blend: book price,3.715295817573801,1.3682839982030137,over,-0.3809375853409248,FALSE,-0.5181500000000001,rest,FALSE,-0.3429628594137699
South East Melbourne Phoenix v Melbourne United,Joe Ingles,Melbourne United,Player Points,14.5,TAB,3.25,NA,9.062249999999997,22.38714552634611,0.15725,NA,0.1904691662626769,blend: book price,5.250193612024822,1.2352833991305148,over,-0.38097520964630005,FALSE,-0.4889375,rest,FALSE,-0.3429628594137699
South East Melbourne Phoenix v Melbourne United,Skylar Mays,South East Melbourne Phoenix,Player Points,19.5,TAB,2.5,NA,13.426249999999998,26.884292778390584,0.19525,NA,0.24711119718876512,blend: book price,4.0467611802961425,1.3282173891630065,over,-0.3822220070280872,FALSE,-0.511875,rest,FALSE,-0.3429628594137699
Perth Wildcats v Adelaide 36ers,Bryce Cotton,Adelaide 36ers,Player Threes,6.5,Sportsbet,11,NA,3.1090000000000013,36.060843575363826,0.06325,NA,0.056089049036491714,blend: book price,17.82879220058441,1.0594219708747294,over,-0.3830204605985912,FALSE,NA,price > 6,FALSE,-0.5387411371602528
South East Melbourne Phoenix v Melbourne United,Skylar Mays,South East Melbourne Phoenix,Player Points,17.5,BetRight,1.7,NA,13.426249999999998,26.884292778390584,0.2565,NA,0.3628085452854391,blend: book price,2.756274660546519,1.569387022693147,over,-0.3832254730147535,FALSE,-0.56395,rest,FALSE,-0.3429628594137699
Cairns Taipans v Tasmania JackJumpers,Jack McVeigh,Cairns Taipans,Player Assists,3.5,Sportsbet,1.84,NA,2.1272499999999996,28.975523788647227,0.17575,0.5020107238605898,0.335054161526906,blend: two-way consensus,2.9845920893589515,1.5038818835174401,over,-0.38350034279049294,FALSE,-0.67662,rest,FALSE,-0.3429628594137699
Perth Wildcats v Adelaide 36ers,Bryce Cotton,Adelaide 36ers,Player Assists,6.5,BetRight,1.57,NA,5.391500000000002,36.060843575363826,0.31275,NA,0.39253236121144475,blend: book price,2.5475606569449996,1.6461782260438662,over,-0.3837241928980317,FALSE,-0.5089825,rest,FALSE,-0.3429628594137699
Cairns Taipans v Tasmania JackJumpers,Jack McVeigh,Cairns Taipans,Player Threes,2.5,Sportsbet,2.2,NA,1.7632500000000004,28.975523788647227,0.25875,0.41558441558441556,0.27964147462208255,blend: two-way consensus,3.5760074622386955,1.3881976332207298,over,-0.38478875583141836,FALSE,-0.43074999999999997,rest,FALSE,-0.3429628594137699
Cairns Taipans v Tasmania JackJumpers,Jack McVeigh,Cairns Taipans,Player Threes,2.5,TAB,2.2,NA,1.7632500000000004,28.975523788647227,0.25875,0.41558441558441556,0.27964147462208255,blend: two-way consensus,3.5760074622386955,1.3881976332207298,over,-0.38478875583141836,FALSE,-0.43074999999999997,rest,FALSE,-0.3429628594137699
Cairns Taipans v Tasmania JackJumpers,David Johnson,Tasmania JackJumpers,Player Rebounds,5.5,Pointsbet,2.6,NA,3.889500000000001,24.54132940151298,0.22225,NA,0.23656524951415586,blend: book price,4.227163550241393,1.3098696376653114,over,-0.38493035126319475,FALSE,-0.42215,rest,FALSE,-0.3429628594137699
Perth Wildcats v Adelaide 36ers,Isaac White,Adelaide 36ers,Player Points,14.5,TAB,6.5,NA,6.904499999999996,15.999257515431703,0.08275,NA,0.09457960942885403,blend: book price,10.573103505489032,1.104459332276792,over,-0.3852325387124488,FALSE,NA,price > 6,FALSE,-0.5387411371602528
Perth Wildcats v Adelaide 36ers,John Jenkins,Adelaide 36ers,Player Points,11.5,BetRight,1.57,NA,8.900500000000003,18.879220038729155,0.265,NA,0.39137272631700487,blend: book price,2.5551090629397053,1.6430417157428474,over,-0.38554481968230236,FALSE,-0.58395,rest,TRUE,-0.3429628594137699
Cairns Taipans v Tasmania JackJumpers,Nick Marshall,Tasmania JackJumpers,Player Rebounds,5.5,TAB,2,NA,3.7020000000000013,27.94522393186349,0.19825,0.4367085082534445,0.3071884582019445,blend: two-way consensus,3.25533063922149,1.443393967434055,over,-0.38562308359611097,FALSE,-0.6034999999999999,rest,FALSE,-0.3429628594137699
Brisbane Bullets v Illawarra Hawks,Tyler Harvey,Illawarra Hawks,Player Points,29.5,Sportsbet,13,NA,14.227999999999996,26.537541962438,0.04275,NA,0.04724189886288908,blend: book price,21.16765041350933,1.0495843580931048,over,-0.38585531478244195,FALSE,NA,price > 6,FALSE,-0.5387411371602528
Cairns Taipans v Tasmania JackJumpers,Keanu Pinder,Cairns Taipans,Player Rebounds,11.5,Sportsbet,6.25,NA,6.883999999999996,25.975269438688255,0.09275,NA,0.09820524675748202,blend: book price,10.182755331489583,1.1088997761457056,over,-0.3862172077657374,FALSE,NA,price > 6,FALSE,-0.5387411371602528
South East Melbourne Phoenix v Melbourne United,Dash Daniels,South East Melbourne Phoenix,Player Threes,2.5,TAB,6,NA,1.0817500000000004,24.18613403048899,0.113,NA,0.1022439183745863,blend: book price,9.780532826767715,1.1138883049274038,over,-0.3865364897524822,FALSE,-0.32199999999999995,rest,FALSE,-0.3429628594137699
Perth Wildcats v Adelaide 36ers,Angus Brandt,Perth Wildcats,Player Points,4.5,BetRight,1.11,NA,2.8465,8.747833008902774,0.21775,NA,0.5521038383043462,blend: book price,1.811253482807254,2.232660347465763,over,-0.38716473948217567,FALSE,-0.7582975,rest,FALSE,-0.3429628594137699
Perth Wildcats v Adelaide 36ers,Dylan Windler,Perth Wildcats,Player Points,19.5,Sportsbet,6.25,NA,10.44475,25.848881798879656,0.08525,NA,0.09801179260208928,blend: book price,10.202853895957448,1.108661944577787,over,-0.387426296236942,FALSE,NA,price > 6,FALSE,-0.5387411371602528
Cairns Taipans v Tasmania JackJumpers,Taran Armstrong,Tasmania JackJumpers,Player Steals,1.5,Sportsbet,2.85,NA,0.9437499999999994,29.88892484187663,0.245,NA,0.21488849385827147,blend: book price,4.653576289941073,1.2737044256481445,over,-0.38756779250392626,FALSE,-0.30174999999999996,rest,FALSE,-0.3429628594137699
Perth Wildcats v Adelaide 36ers,Bryce Cotton,Adelaide 36ers,Player PRAs,39.5,BetRight,1.8,NA,32.548,36.060843575363826,0.25125,NA,0.34001230399780547,blend: book price,2.94107003847265,1.5151797617703995,over,-0.38797785280395014,FALSE,-0.54775,rest,FALSE,-0.3429628594137699
South East Melbourne Phoenix v Melbourne United,Joe Ingles,Melbourne United,Player Points,19.5,Sportsbet,9,NA,9.062249999999997,22.38714552634611,0.06025,NA,0.06793442391147642,blend: book price,14.720077722349924,1.0728858844852611,over,-0.38859018479671226,FALSE,NA,price > 6,FALSE,-0.5387411371602528
South East Melbourne Phoenix v Melbourne United,Joe Ingles,Melbourne United,Player Points,19.5,TAB,9,NA,9.062249999999997,22.38714552634611,0.06025,NA,0.06793442391147642,blend: book price,14.720077722349924,1.0728858844852611,over,-0.38859018479671226,FALSE,NA,price > 6,FALSE,-0.5387411371602528
Cairns Taipans v Tasmania JackJumpers,Kyrin Galloway,Cairns Taipans,Player Blocks,1.5,Sportsbet,3.4,NA,0.8352499999999998,16.492581016209076,0.207,NA,0.17964661231915588,blend: book price,5.566484038248514,1.2189868598300309,over,-0.38920151811487,FALSE,-0.2962,rest,FALSE,-0.3429628594137699
Brisbane Bullets v Illawarra Hawks,Sam Froling,Illawarra Hawks,Player Points,19.5,Sportsbet,5.3,NA,10.616999999999997,18.3576638963734,0.0985,NA,0.11507839740468077,blend: book price,8.689728242247188,1.130043607328803,over,-0.39008449375519194,FALSE,-0.47795,rest,FALSE,-0.3429628594137699
Perth Wildcats v Adelaide 36ers,Matt Kenyon,Adelaide 36ers,Player Assists,1.5,Sportsbet,2.9,NA,0.7255000000000003,17.35960324566636,0.17075,NA,0.21015043488898602,blend: book price,4.7584959818344394,1.2660638736433933,over,-0.3905637388219405,FALSE,-0.504825,rest,FALSE,-0.3429628594137699
Cairns Taipans v Tasmania JackJumpers,Nick Marshall,Tasmania JackJumpers,Player Assists,7.5,Pointsbet,19,NA,2.9335,27.94522393186349,0.0265,NA,0.03203305020470184,blend: book price,31.217757709917336,1.033093123904154,over,-0.391372046110665,FALSE,NA,price > 6,FALSE,-0.5387411371602528
South East Melbourne Phoenix v Melbourne United,Sam Waardenburg,Melbourne United,Player Threes,1.5,TAB,2.5,NA,0.9554999999999996,24.340010909179398,0.246,NA,0.24342646237752152,blend: book price,4.108016812277111,1.3217485812978416,over,-0.3914338440561962,FALSE,-0.385,rest,FALSE,-0.3429628594137699
South East Melbourne Phoenix v Melbourne United,Skylar Mays,South East Melbourne Phoenix,Player Points,19.5,Sportsbet,2.4,NA,13.426249999999998,26.884292778390584,0.19525,NA,0.25330639447210024,blend: book price,3.9477882194171863,1.3392373961646784,over,-0.3920646532669595,FALSE,-0.5314,rest,FALSE,-0.3429628594137699
Cairns Taipans v Tasmania JackJumpers,Reyne Smith,Cairns Taipans,Player Threes,2.5,Sportsbet,2.35,NA,1.6395000000000013,20.32192545736321,0.24275,0.3943138036402285,0.25852176586792036,blend: two-way consensus,3.868146253151092,1.3486572551526441,over,-0.39247385021038717,FALSE,-0.4295375,rest,FALSE,-0.3429628594137699
Cairns Taipans v Tasmania JackJumpers,Taran Armstrong,Tasmania JackJumpers,Player Threes,1.5,TAB,1.9,NA,1.0359999999999996,29.88892484187663,0.2695,0.4666666666666667,0.31940622761557713,blend: two-way consensus,3.130809337892919,1.469305245765848,over,-0.39312816753040347,FALSE,-0.48795,rest,FALSE,-0.3429628594137699
Perth Wildcats v Adelaide 36ers,John Jenkins,Adelaide 36ers,Player Threes,2.5,TAB,1.35,NA,2.2465000000000015,18.879220038729155,0.36375,NA,0.4494383029824655,blend: book price,2.2249995012975434,1.816326862942214,over,-0.3932582909736715,FALSE,-0.5089374999999999,rest,TRUE,-0.3429628594137699
Brisbane Bullets v Illawarra Hawks,Wani Swaka Lo Buluk,Illawarra Hawks,Player Steals,1.5,Sportsbet,4.1,NA,0.7447499999999998,25.10199900062852,0.17325,NA,0.1479519993959589,blend: book price,6.758948875869761,1.173642798634668,over,-0.3933968024765685,FALSE,-0.2896750000000001,rest,FALSE,-0.3429628594137699
Perth Wildcats v Adelaide 36ers,Nick Rakocevic,Adelaide 36ers,Player Blocks,1.5,Sportsbet,3.5,NA,0.8117499999999995,24.432875676252536,0.1995,NA,0.1732945550159317,blend: book price,5.770521756486035,1.2096206769501456,over,-0.3934690574442391,FALSE,-0.30174999999999996,rest,FALSE,-0.3429628594137699
Cairns Taipans v Tasmania JackJumpers,David Johnson,Tasmania JackJumpers,Player PRAs,24.5,BetRight,1.6,NA,19.898749999999993,24.54132940151298,0.265,0.482573726541555,0.3788416662377645,blend: two-way consensus,2.63962517621383,1.6098954898394329,over,-0.3938533340195768,FALSE,-0.576,rest,FALSE,-0.3429628594137699
South East Melbourne Phoenix v Melbourne United,Nathan Sobey,South East Melbourne Phoenix,Player Assists,6.5,BetRight,3.6,NA,3.8450000000000006,28.095023263042446,0.137,NA,0.16835375314195308,blend: book price,5.939873518333842,1.2024343328404261,over,-0.39392648868896885,FALSE,-0.5067999999999999,rest,TRUE,-0.3429628594137699
Perth Wildcats v Adelaide 36ers,John Jenkins,Adelaide 36ers,Player Threes,2.5,BetRight,1.33,NA,2.2465000000000015,18.879220038729155,0.36375,NA,0.4555996097897489,blend: book price,2.194909693758259,1.8368833270192795,over,-0.3940525189796339,FALSE,-0.5162125,rest,TRUE,-0.3429628594137699
Cairns Taipans v Tasmania JackJumpers,Taran Armstrong,Tasmania JackJumpers,Player Points,17.5,BetRight,1.68,NA,13.541749999999997,29.88892484187663,0.248,NA,0.3605118328447,blend: book price,2.7738340572881457,1.5637505920530184,over,-0.39434012082090397,FALSE,-0.5833600000000001,rest,FALSE,-0.3429628594137699
Brisbane Bullets v Illawarra Hawks,Arnas Velicka,Brisbane Bullets,Player Assists,11.5,Sportsbet,2.4,NA,8.363250000000004,31.485242480604562,0.20375,NA,0.2523297600121389,blend: book price,3.963068010495047,1.3374880348537554,over,-0.39440857597086665,FALSE,-0.5110000000000001,rest,FALSE,-0.3429628594137699
Brisbane Bullets v Illawarra Hawks,Milton Doyle,Illawarra Hawks,Player Threes,2.5,Sportsbet,2.55,NA,1.6582499999999993,27.119966222884155,0.2395,NA,0.23725985968870406,blend: book price,4.214787959969488,1.3110625062840822,over,-0.39498735779380467,FALSE,-0.38927500000000004,rest,FALSE,-0.3429628594137699
Cairns Taipans v Tasmania JackJumpers,Reyne Smith,Cairns Taipans,Player Points,11.5,BetRight,1.85,NA,8.256249999999998,20.32192545736321,0.2235,0.47720803864067624,0.3269343148069295,blend: two-way consensus,3.058718386873976,1.4857390920369793,over,-0.3951715176071804,FALSE,-0.586525,rest,FALSE,-0.3429628594137699
South East Melbourne Phoenix v Melbourne United,Luke Travers,Melbourne United,Player Assists,5.5,TAB,5,NA,2.8287500000000003,28.261818708693287,0.09875,NA,0.12096021390769879,blend: book price,8.267181147373556,1.1376049364561955,over,-0.395198930461506,FALSE,-0.50625,rest,FALSE,-0.3429628594137699
Perth Wildcats v Adelaide 36ers,Anthony Dell'Orso,Perth Wildcats,Player Steals,0.5,Sportsbet,1.45,NA,0.6367500000000005,20.24341828770149,0.4525,NA,0.41700263919640507,blend: book price,2.3980663573906247,1.7152736311217853,over,-0.3953461731652127,FALSE,-0.34387500000000004,rest,FALSE,-0.3429628594137699
South East Melbourne Phoenix v Melbourne United,Cole Anthony,Melbourne United,Player Points,17.5,BetRight,1.14,NA,12.783499999999997,19.50273010843019,0.22675,NA,0.5302796788432319,blend: book price,1.8857973252556655,2.1289264163349926,over,-0.39548116611871564,FALSE,-0.7415050000000001,rest,FALSE,-0.3429628594137699
Cairns Taipans v Tasmania JackJumpers,Jaylon Brown,Cairns Taipans,Player Points,17.5,BetRight,3.6,NA,10.618000000000004,26.27110691744886,0.13725,NA,0.16791486211334156,blend: book price,5.955398988595815,1.2018000976917025,over,-0.39550649639197033,FALSE,-0.5059,rest,FALSE,-0.3429628594137699
South East Melbourne Phoenix v Melbourne United,Cole Anthony,Melbourne United,Player Rebounds,3.5,Sportsbet,2.2,NA,2.4782499999999983,19.50273010843019,0.25375,NA,0.2746693348644087,blend: book price,3.6407413317313084,1.378681542180576,over,-0.3957274632983008,FALSE,-0.44175,rest,FALSE,-0.3429628594137699
South East Melbourne Phoenix v Melbourne United,Angus Glover,South East Melbourne Phoenix,Player Points,14.5,TAB,2.15,NA,10.237250000000001,22.489781259576617,0.2095,NA,0.2808566469860679,blend: book price,3.560535279229499,1.3905433399460576,over,-0.39615820897995413,FALSE,-0.549575,rest,FALSE,-0.3429628594137699
Cairns Taipans v Tasmania JackJumpers,Jaylon Brown,Cairns Taipans,Player Points,19.5,Pointsbet,5.5,NA,10.618000000000004,26.27110691744886,0.09325,NA,0.10971361286546663,blend: book price,9.114639231015236,1.1232340676561279,over,-0.39657512923993354,FALSE,-0.48712500000000003,rest,FALSE,-0.3429628594137699
Cairns Taipans v Tasmania JackJumpers,Jack McVeigh,Cairns Taipans,Player Assists,2.5,BetRight,1.32,NA,2.1272499999999996,28.975523788647227,0.35175,NA,0.4570715584067219,blend: book price,2.1878412288129225,1.8418633532356485,over,-0.39666554290312706,FALSE,-0.53569,rest,FALSE,-0.3429628594137699
Cairns Taipans v Tasmania JackJumpers,Malique Lewis,Cairns Taipans,Player Threes,2.5,BetRight,3.6,NA,1.3849999999999996,27.57509697673598,0.1765,NA,0.1675437449518646,blend: book price,5.968590473415169,1.2012643234234293,over,-0.3968425181732874,FALSE,-0.36460000000000004,rest,FALSE,-0.3429628594137699
Perth Wildcats v Adelaide 36ers,Bryce Cotton,Adelaide 36ers,Player PRAs,49.5,BetRight,4.75,NA,32.548,36.060843575363826,0.092,NA,0.12670841842246272,blend: book price,7.892135443328375,1.1450929118010886,over,-0.3981350124933021,FALSE,-0.563,rest,FALSE,-0.3429628594137699
Perth Wildcats v Adelaide 36ers,Bryce Cotton,Adelaide 36ers,Player PRAs,44.5,BetRight,2.75,NA,32.548,36.060843575363826,0.1625,NA,0.2188581364377438,blend: book price,4.569169857134643,1.2801771952660184,over,-0.39814012479620453,FALSE,-0.553125,rest,FALSE,-0.3429628594137699
Brisbane Bullets v Illawarra Hawks,Kelan Martin,Illawarra Hawks,Player Points,14.5,Sportsbet,1.75,NA,10.781500000000003,25.31577048270224,0.23875,NA,0.343756388581991,blend: book price,2.9090368447406623,1.5238243582123463,over,-0.3984263199815158,FALSE,-0.5821875000000001,rest,FALSE,-0.3429628594137699
Cairns Taipans v Tasmania JackJumpers,Malique Lewis,Cairns Taipans,Player Points,14.5,TAB,2.75,NA,9.546000000000006,27.57509697673598,0.17075,NA,0.21847161730208473,blend: book price,4.577253614675638,1.2795440602526789,over,-0.399203052419267,FALSE,-0.5304374999999999,rest,FALSE,-0.3429628594137699
Perth Wildcats v Adelaide 36ers,Dylan Windler,Perth Wildcats,Player Points,19.5,TAB,6,NA,10.44475,25.848881798879656,0.08525,NA,0.10009586692073101,blend: book price,9.99042248959121,1.1112294779425287,over,-0.39942479847561396,FALSE,-0.48849999999999993,rest,FALSE,-0.3429628594137699
Brisbane Bullets v Illawarra Hawks,Milton Doyle,Illawarra Hawks,Player Points,19.5,Sportsbet,2.75,NA,13.070000000000006,27.119966222884155,0.1705,NA,0.21831220735752446,blend: book price,4.580595891105278,1.2792831222546353,over,-0.3996414297668077,FALSE,-0.531125,rest,FALSE,-0.3429628594137699
South East Melbourne Phoenix v Melbourne United,D'Shawn Schwartz,South East Melbourne Phoenix,Player Rebounds,4.5,BetRight,1.7,NA,3.670999999999998,20.73353339436755,0.317,NA,0.35305646590756845,blend: book price,2.832408117578008,1.5457299552469532,over,-0.39980400795713367,FALSE,-0.46109999999999995,rest,FALSE,-0.3429628594137699
Cairns Taipans v Tasmania JackJumpers,Keanu Pinder,Cairns Taipans,Player Threes,2.5,TAB,6.5,NA,1.0175000000000005,25.975269438688255,0.1005,NA,0.09222771030557828,blend: book price,10.842728250399992,1.1015978471171712,over,-0.4005198830137412,FALSE,NA,price > 6,FALSE,-0.5387411371602528
Cairns Taipans v Tasmania JackJumpers,Malique Lewis,Cairns Taipans,Player Points,19.5,Sportsbet,8.25,NA,9.546000000000006,27.57509697673598,0.063,NA,0.07265533003342431,blend: book price,13.763615133810013,1.0783477086637518,over,-0.40059352722424946,FALSE,NA,price > 6,FALSE,-0.5387411371602528
South East Melbourne Phoenix v Melbourne United,Josh Oduro,Melbourne United,Player Rebounds,4.5,BetRight,1.13,NA,4.251250000000001,20.49608489122735,0.4035,NA,0.5294666119201327,blend: book price,1.8886932197168362,2.12524769832117,over,-0.40170272853025013,FALSE,-0.544045,rest,FALSE,-0.3429628594137699
South East Melbourne Phoenix v Melbourne United,Sam Waardenburg,Melbourne United,Player Threes,1.5,BetRight,2.4,NA,0.9554999999999996,24.340010909179398,0.246,NA,0.24883712037027916,blend: book price,4.018693025027623,1.3312691922329032,over,-0.40279091111133003,FALSE,-0.4096000000000001,rest,FALSE,-0.3429628594137699
South East Melbourne Phoenix v Melbourne United,Nathan Sobey,South East Melbourne Phoenix,Player Threes,3.5,Sportsbet,2.85,NA,2.2815,28.095023263042446,0.21175,NA,0.2088134845060562,blend: book price,4.788962754802347,1.2639244734545207,over,-0.4048815691577399,FALSE,-0.39651250000000005,rest,TRUE,-0.3429628594137699
Cairns Taipans v Tasmania JackJumpers,Nick Marshall,Tasmania JackJumpers,Player Points,19.5,Pointsbet,10,NA,9.486749999999988,27.94522393186349,0.05175,NA,0.05950256921633757,blend: book price,16.805997004334913,1.0632671257451043,over,-0.40497430783662425,FALSE,NA,price > 6,FALSE,-0.5387411371602528
Perth Wildcats v Adelaide 36ers,Flynn Cameron,Adelaide 36ers,Player Points,11.5,BetRight,1.45,NA,8.573500000000003,21.472414740279152,0.251,NA,0.40925103909705235,blend: book price,2.4434879926177873,1.6927664137936365,over,-0.40658599330927414,FALSE,-0.63605,rest,FALSE,-0.3429628594137699
Perth Wildcats v Adelaide 36ers,Flynn Cameron,Adelaide 36ers,Player Rebounds,5.5,TAB,3,NA,3.5222500000000005,21.472414740279152,0.18275,NA,0.19708340919040532,blend: book price,5.073993818697771,1.245459380770402,over,-0.4087497724287841,FALSE,-0.45175,rest,FALSE,-0.3429628594137699
Cairns Taipans v Tasmania JackJumpers,Jaylon Brown,Cairns Taipans,Player Points,24.5,Pointsbet,13,NA,10.618000000000004,26.27110691744886,0.03975,NA,0.04546871216044829,blend: book price,21.993145450683482,1.0476345958898428,over,-0.4089067419141723,FALSE,NA,price > 6,FALSE,-0.5387411371602528
Brisbane Bullets v Illawarra Hawks,Tyler Harvey,Illawarra Hawks,Player Threes,4.5,Sportsbet,5.8,NA,2.2927500000000016,26.537541962438,0.10925,NA,0.1018653372870111,blend: book price,9.816882038906384,1.1134187795172132,over,-0.4091810437353357,FALSE,-0.36635000000000006,rest,FALSE,-0.3429628594137699
South East Melbourne Phoenix v Melbourne United,Nathan Sobey,South East Melbourne Phoenix,Player Steals,1.5,Sportsbet,2.12,NA,1.139,28.095023263042446,0.312,NA,0.2785521001293342,blend: book price,3.5899926783380605,1.3861014775693024,over,-0.40946954772581146,FALSE,-0.33855999999999997,rest,TRUE,-0.3429628594137699
Perth Wildcats v Adelaide 36ers,Kristian Doolittle,Perth Wildcats,Player Points,24.5,Sportsbet,4,NA,15.189499999999995,33.94564352393243,0.119,NA,0.14735944889055994,blend: book price,6.786127442310633,1.1728271646226756,over,-0.41056220443776026,FALSE,-0.524,rest,FALSE,-0.3429628594137699
Perth Wildcats v Adelaide 36ers,Kristian Doolittle,Perth Wildcats,Player Points,24.5,TAB,4,NA,15.189499999999995,33.94564352393243,0.119,NA,0.14735944889055994,blend: book price,6.786127442310633,1.1728271646226756,over,-0.41056220443776026,FALSE,-0.524,rest,FALSE,-0.3429628594137699
Cairns Taipans v Tasmania JackJumpers,Jack McVeigh,Cairns Taipans,Player Rebounds,9.5,BetRight,6.25,NA,5.556999999999999,28.975523788647227,0.0875,NA,0.0942949790552647,blend: book price,10.605018528228495,1.1041122406022505,over,-0.41065638090459566,FALSE,NA,price > 6,FALSE,-0.5387411371602528
South East Melbourne Phoenix v Melbourne United,Josh Oduro,Melbourne United,Player Points,14.5,Sportsbet,2.25,NA,9.762250000000002,20.49608489122735,0.1925,NA,0.2619010638561685,blend: book price,3.81823573099032,1.3548319216180695,over,-0.4107226063236209,FALSE,-0.566875,rest,FALSE,-0.3429628594137699
South East Melbourne Phoenix v Melbourne United,Joe Ingles,Melbourne United,Player Threes,1.5,Sportsbet,1.51,NA,1.2334999999999998,22.38714552634611,0.3295,NA,0.3900037890606181,blend: book price,2.564077652703447,1.6393544452678157,over,-0.4110942785184667,FALSE,-0.502455,rest,FALSE,-0.3429628594137699
South East Melbourne Phoenix v Melbourne United,D'Shawn Schwartz,South East Melbourne Phoenix,Player Points,11.5,BetRight,1.5,NA,8.517749999999998,20.73353339436755,0.2435,NA,0.3920276136470913,blend: book price,2.550840719348443,1.644811544811727,over,-0.411958579529363,FALSE,-0.63475,rest,FALSE,-0.3429628594137699
South East Melbourne Phoenix v Melbourne United,Joe Ingles,Melbourne United,Player Threes,1.5,TAB,1.5,NA,1.2334999999999998,22.38714552634611,0.3295,NA,0.3919968134997838,blend: book price,2.5510411451356134,1.6447282221598098,over,-0.41200477975032423,FALSE,-0.5057499999999999,rest,FALSE,-0.3429628594137699
Cairns Taipans v Tasmania JackJumpers,Nick Marshall,Tasmania JackJumpers,Player Points,19.5,Sportsbet,9.75,NA,9.486749999999988,27.94522393186349,0.05175,NA,0.06026167034566099,blend: book price,16.594296080145128,1.0641260108735022,over,-0.4124487141298053,FALSE,NA,price > 6,FALSE,-0.5387411371602528
Cairns Taipans v Tasmania JackJumpers,Jack McVeigh,Cairns Taipans,Player Threes,2.5,BetRight,2.1,NA,1.7632500000000004,28.975523788647227,0.25875,0.41558441558441556,0.27964147462208255,blend: two-way consensus,3.5760074622386955,1.3881976332207298,over,-0.41275290329362657,FALSE,-0.45662500000000006,rest,FALSE,-0.3429628594137699
South East Melbourne Phoenix v Melbourne United,Angus Glover,South East Melbourne Phoenix,Player Points,14.5,BetRight,1.98,NA,10.237250000000001,22.489781259576617,0.2095,NA,0.2965777416817172,blend: book price,3.37179720342326,1.4216212071405943,over,-0.4127760714702,FALSE,-0.5851900000000001,rest,FALSE,-0.3429628594137699
Brisbane Bullets v Illawarra Hawks,Max Mackinnon,Brisbane Bullets,Player Threes,1.5,Sportsbet,1.54,NA,1.2622499999999994,28.711766117223874,0.3245,NA,0.38124851725516357,blend: book price,2.6229610208050094,1.6161577432734568,over,-0.4128772834270481,FALSE,-0.50027,rest,FALSE,-0.3429628594137699
Cairns Taipans v Tasmania JackJumpers,Keanu Pinder,Cairns Taipans,Player Threes,2.5,BetRight,6.25,NA,1.0175000000000005,25.975269438688255,0.1005,NA,0.09388713126343748,blend: book price,10.651086965199783,1.1036152718969205,over,-0.4132054296035158,FALSE,NA,price > 6,FALSE,-0.5387411371602528
Brisbane Bullets v Illawarra Hawks,Milton Doyle,Illawarra Hawks,Player Steals,2.5,Sportsbet,8.5,NA,0.9464999999999998,27.119966222884155,0.08475,NA,0.06889531517895027,blend: book price,14.514775023564042,1.0739930926157797,over,-0.41438982097892274,FALSE,NA,price > 6,FALSE,-0.5387411371602528
South East Melbourne Phoenix v Melbourne United,Dash Daniels,South East Melbourne Phoenix,Player Threes,2.5,BetRight,5.5,NA,1.0817500000000004,24.18613403048899,0.113,NA,0.10640454382043306,blend: book price,9.398094894214172,1.1190746249710688,over,-0.4147750089876182,FALSE,-0.37849999999999995,rest,FALSE,-0.3429628594137699
Cairns Taipans v Tasmania JackJumpers,Keanu Pinder,Cairns Taipans,Player Steals,2.5,Sportsbet,5.9,NA,1.1674999999999998,25.975269438688255,0.11925,NA,0.09907615590886587,blend: book price,10.093245855439115,1.1099717324152025,over,-0.4154506801376914,FALSE,-0.29642499999999994,rest,FALSE,-0.3429628594137699
Perth Wildcats v Adelaide 36ers,Anthony Dell'Orso,Perth Wildcats,Player Rebounds,4.5,BetRight,3,NA,2.825499999999999,20.24341828770149,0.17975,NA,0.1948471759161026,blend: book price,5.13222732276387,1.2420002390698928,over,-0.4154584722516922,FALSE,-0.46075,rest,FALSE,-0.3429628594137699
Cairns Taipans v Tasmania JackJumpers,David Johnson,Tasmania JackJumpers,Player Points,19.5,Pointsbet,2.35,NA,13.310750000000002,24.54132940151298,0.18275,NA,0.2484736141627723,blend: book price,4.024572200028093,1.3306252699111338,over,-0.4160870067174851,FALSE,-0.5705374999999999,rest,FALSE,-0.3429628594137699
Cairns Taipans v Tasmania JackJumpers,David Johnson,Tasmania JackJumpers,Player Points,19.5,Sportsbet,2.35,NA,13.310750000000002,24.54132940151298,0.18275,NA,0.2484736141627723,blend: book price,4.024572200028093,1.3306252699111338,over,-0.4160870067174851,FALSE,-0.5705374999999999,rest,FALSE,-0.3429628594137699
South East Melbourne Phoenix v Melbourne United,Skylar Mays,South East Melbourne Phoenix,Player Points,19.5,BetRight,2.15,NA,13.426249999999998,26.884292778390584,0.19525,NA,0.2715251783531462,blend: book price,3.6828997077368566,1.372731040640928,over,-0.41622086654073565,FALSE,-0.5802125,rest,FALSE,-0.3429628594137699
Perth Wildcats v Adelaide 36ers,Dylan Windler,Perth Wildcats,Player Threes,3.5,Sportsbet,6.5,NA,1.6062499999999988,25.848881798879656,0.0955,NA,0.08959431354577439,blend: book price,11.161422644184809,1.0984114168868158,over,-0.41763696195246647,FALSE,NA,price > 6,FALSE,-0.5387411371602528
Cairns Taipans v Tasmania JackJumpers,Jaylon Brown,Cairns Taipans,Player Points,19.5,Sportsbet,5.1,NA,10.618000000000004,26.27110691744886,0.09325,NA,0.11414221296338738,blend: book price,8.761000632787479,1.1288493645748918,over,-0.41787471388672437,FALSE,-0.524425,rest,FALSE,-0.3429628594137699
Cairns Taipans v Tasmania JackJumpers,David Johnson,Tasmania JackJumpers,Player Steals,1.5,Sportsbet,2.9,NA,0.9017499999999993,24.54132940151298,0.23025,NA,0.20049826707623306,blend: book price,4.987574279730717,1.2507790275113146,over,-0.4185550254789242,FALSE,-0.332275,rest,FALSE,-0.3429628594137699
South East Melbourne Phoenix v Melbourne United,Joe Ingles,Melbourne United,Player Threes,1.5,BetRight,1.4,NA,1.2334999999999998,22.38714552634611,0.3295,NA,0.41468974331273073,blend: book price,2.411441363395063,1.7084956031007998,over,-0.419434359362177,FALSE,-0.5387,rest,FALSE,-0.3429628594137699
South East Melbourne Phoenix v Melbourne United,Josh Oduro,Melbourne United,Player Points,14.5,TAB,2.15,NA,9.762250000000002,20.49608489122735,0.1925,NA,0.2696892431076624,blend: book price,3.707971398773183,1.3692801188568826,over,-0.4201681273185258,FALSE,-0.586125,rest,FALSE,-0.3429628594137699
Cairns Taipans v Tasmania JackJumpers,Keanu Pinder,Cairns Taipans,Player Rebounds,11.5,BetRight,5.75,NA,6.883999999999996,25.975269438688255,0.09275,NA,0.10064937822498699,blend: book price,9.935481148871542,1.1119133914938972,over,-0.42126607520632486,FALSE,-0.46668750000000003,rest,FALSE,-0.3429628594137699
Perth Wildcats v Adelaide 36ers,Anthony Dell'Orso,Perth Wildcats,Player Rebounds,5.5,TAB,5,NA,2.825499999999999,20.24341828770149,0.10625,NA,0.11534865651865076,blend: book price,8.66936841902714,1.1303888332602556,over,-0.4232567174067462,FALSE,-0.46875,rest,FALSE,-0.3429628594137699
South East Melbourne Phoenix v Melbourne United,Luke Travers,Melbourne United,Player PRAs,29.5,BetRight,2.8,NA,21.138250000000006,28.261818708693287,0.14675,NA,0.20577245866906238,blend: book price,4.859736849469587,1.2590850203006514,over,-0.4238371157266254,FALSE,-0.5891000000000001,rest,FALSE,-0.3429628594137699
Perth Wildcats v Adelaide 36ers,Kristian Doolittle,Perth Wildcats,Player Points,24.5,BetRight,3.8,NA,15.189499999999995,33.94564352393243,0.119,NA,0.15155723997321907,blend: book price,6.598167135906572,1.178629893628222,over,-0.4240824881017675,FALSE,-0.5478000000000001,rest,FALSE,-0.3429628594137699
South East Melbourne Phoenix v Melbourne United,Joe Ingles,Melbourne United,Player Assists,7.5,Sportsbet,7.75,NA,3.198000000000003,22.38714552634611,0.06,NA,0.07425096917973781,blend: book price,13.467837673328146,1.0802063698775333,over,-0.424554988857032,FALSE,NA,price > 6,FALSE,-0.5387411371602528
Perth Wildcats v Adelaide 36ers,Kristian Doolittle,Perth Wildcats,Player PRAs,34.5,BetRight,2.5,NA,26.22125,33.94564352393243,0.16325,NA,0.22977671003297276,blend: book price,4.352051171141326,1.2983248014258428,over,-0.4255582249175681,FALSE,-0.5918749999999999,rest,FALSE,-0.3429628594137699
Cairns Taipans v Tasmania JackJumpers,Malique Lewis,Cairns Taipans,Player Threes,3.5,Pointsbet,8.5,NA,1.3849999999999996,27.57509697673598,0.07175,NA,0.06752511626128271,blend: book price,14.809304379878219,1.0724149437575665,over,-0.42603651177909696,FALSE,NA,price > 6,FALSE,-0.5387411371602528
Cairns Taipans v Tasmania JackJumpers,David Johnson,Tasmania JackJumpers,Player Assists,7.5,Pointsbet,21,NA,2.6985,24.54132940151298,0.02225,NA,0.02731728177054061,blend: book price,36.60686331823893,1.0280844732393986,over,-0.42633708281864724,FALSE,NA,price > 6,FALSE,-0.5387411371602528
Brisbane Bullets v Illawarra Hawks,Milton Doyle,Illawarra Hawks,Player Threes,3.5,Sportsbet,5.25,NA,1.6582499999999993,27.119966222884155,0.114,NA,0.10926721327430922,blend: book price,9.151876121243763,1.1226711477366544,over,-0.4263471303098766,FALSE,-0.40149999999999997,rest,FALSE,-0.3429628594137699
Cairns Taipans v Tasmania JackJumpers,Taran Armstrong,Tasmania JackJumpers,Player Assists,5.5,TAB,1.5,NA,3.7075,29.88892484187663,0.19875,0.5517069120792526,0.38243474889035994,blend: two-way consensus,2.6148251509610847,1.6192620912578903,over,-0.42634787666446006,FALSE,-0.701875,rest,FALSE,-0.3429628594137699
Cairns Taipans v Tasmania JackJumpers,Keanu Pinder,Cairns Taipans,Player Threes,1.5,BetRight,2.63,NA,1.0175000000000005,25.975269438688255,0.26875,0.31373722860791825,0.21802920031791048,blend: two-way consensus,4.58654161250828,1.278820130376416,over,-0.4265832031638954,FALSE,-0.29318750000000005,rest,FALSE,-0.3429628594137699
South East Melbourne Phoenix v Melbourne United,Luke Travers,Melbourne United,Player Rebounds,7.5,Sportsbet,1.81,NA,6.023999999999999,28.261818708693287,0.28,NA,0.316563588234981,blend: book price,3.1589230005117113,1.4631939164865901,over,-0.42701990529468437,FALSE,-0.49319999999999997,rest,FALSE,-0.3429628594137699
South East Melbourne Phoenix v Melbourne United,Nathan Sobey,South East Melbourne Phoenix,Player Threes,3.5,BetRight,2.63,NA,2.2815,28.095023263042446,0.21175,NA,0.217791946277742,blend: book price,4.591538011808467,1.2784322473302918,over,-0.4272071812895385,FALSE,-0.44309750000000003,rest,TRUE,-0.3429628594137699
Perth Wildcats v Adelaide 36ers,Zylan Cheatham,Adelaide 36ers,Player Rebounds,9.5,Sportsbet,1.74,NA,7.921000000000002,34.99983282334774,0.2895,NA,0.32911101839122825,blend: book price,3.0384883644681184,1.4905595820071897,over,-0.4273468279992628,FALSE,-0.49627,rest,FALSE,-0.3429628594137699
Brisbane Bullets v Illawarra Hawks,Jaylin Williams,Brisbane Bullets,Player Blocks,0.5,Sportsbet,1.73,NA,0.5054999999999998,20.835093245222705,0.35725,NA,0.3309164282465479,blend: book price,3.0219110163214813,1.4945816071665348,over,-0.42751457913347213,FALSE,-0.38195749999999995,rest,FALSE,-0.3429628594137699
South East Melbourne Phoenix v Melbourne United,Cole Anthony,Melbourne United,Player Rebounds,5.5,TAB,7,NA,2.4782499999999983,19.50273010843019,0.07475,NA,0.08173433280578751,blend: book price,12.234760665094598,1.0890094617775803,over,-0.42785967035948747,FALSE,NA,price > 6,FALSE,-0.5387411371602528
South East Melbourne Phoenix v Melbourne United,Luke Travers,Melbourne United,Player Rebounds,7.5,TAB,1.8,NA,6.023999999999999,28.261818708693287,0.28,NA,0.31729708106972965,blend: book price,3.151620546361845,1.4647659652120772,over,-0.4288652540744866,FALSE,-0.4959999999999999,rest,FALSE,-0.3429628594137699
Brisbane Bullets v Illawarra Hawks,Tyrell Harrison,Brisbane Bullets,Player Points,19.5,Sportsbet,1.73,NA,14.150249999999993,27.622759933796313,0.214,NA,0.3299464684351157,blend: book price,3.030794676308684,1.4924180724255542,over,-0.4291926096072498,FALSE,-0.62978,rest,FALSE,-0.3429628594137699
Cairns Taipans v Tasmania JackJumpers,David Johnson,Tasmania JackJumpers,Player Points,19.5,TAB,2.2,NA,13.310750000000002,24.54132940151298,0.18275,NA,0.2591498570521524,blend: book price,3.8587711811809178,1.349800643921041,over,-0.4298703144852647,FALSE,-0.59795,rest,FALSE,-0.3429628594137699
Perth Wildcats v Adelaide 36ers,Bryce Cotton,Adelaide 36ers,Player Assists,7.5,TAB,2.1,NA,5.391500000000002,36.060843575363826,0.2135,NA,0.2714882032204396,blend: book price,3.6834012975069585,1.37266136858809,over,-0.4298747732370768,FALSE,-0.55165,rest,FALSE,-0.3429628594137699
South East Melbourne Phoenix v Melbourne United,Cole Anthony,Melbourne United,Player Rebounds,3.5,TAB,2,NA,2.4782499999999983,19.50273010843019,0.25375,NA,0.28468650457922123,blend: book price,3.5126357727354955,1.3979884433911822,over,-0.43062699084155753,FALSE,-0.49250000000000005,rest,FALSE,-0.3429628594137699
Cairns Taipans v Tasmania JackJumpers,Reyne Smith,Cairns Taipans,Player Threes,2.5,BetRight,2.2,NA,1.6395000000000013,20.32192545736321,0.24275,0.3943138036402285,0.25852176586792036,blend: two-way consensus,3.868146253151092,1.3486572551526441,over,-0.43125211509057515,FALSE,-0.46595,rest,FALSE,-0.3429628594137699
Cairns Taipans v Tasmania JackJumpers,Reyne Smith,Cairns Taipans,Player Threes,2.5,TAB,2.2,NA,1.6395000000000013,20.32192545736321,0.24275,0.3943138036402285,0.25852176586792036,blend: two-way consensus,3.868146253151092,1.3486572551526441,over,-0.43125211509057515,FALSE,-0.46595,rest,FALSE,-0.3429628594137699
South East Melbourne Phoenix v Melbourne United,Dash Daniels,South East Melbourne Phoenix,Player Rebounds,6.5,BetRight,2.3,NA,4.661999999999999,24.18613403048899,0.2225,NA,0.24713411522747095,blend: book price,4.046385902972419,1.3282578215137748,over,-0.4315915349768169,FALSE,-0.4882500000000001,rest,FALSE,-0.3429628594137699
Cairns Taipans v Tasmania JackJumpers,Taran Armstrong,Tasmania JackJumpers,Player Points,19.5,BetRight,2.15,NA,13.541749999999997,29.88892484187663,0.18425,NA,0.2641074516825664,blend: book price,3.78633769562061,1.3588940427327731,over,-0.4321689788824823,FALSE,-0.6038625,rest,FALSE,-0.3429628594137699
Cairns Taipans v Tasmania JackJumpers,Nick Marshall,Tasmania JackJumpers,Player Rebounds,4.5,BetRight,1.52,NA,3.7020000000000013,27.94522393186349,0.319,NA,0.37330064629395576,blend: book price,2.67880597027563,1.5956614508797689,over,-0.4325830176331872,FALSE,-0.51512,rest,FALSE,-0.3429628594137699
South East Melbourne Phoenix v Melbourne United,Nathan Sobey,South East Melbourne Phoenix,Player Threes,4.5,Sportsbet,5,NA,2.2815,28.095023263042446,0.117,NA,0.1134391499499477,blend: book price,8.815298778607085,1.1279541612327495,over,-0.4328042502502615,FALSE,-0.4149999999999999,rest,TRUE,-0.3429628594137699
Cairns Taipans v Tasmania JackJumpers,David Johnson,Tasmania JackJumpers,Player Threes,3.5,Sportsbet,3.2,NA,2.0229999999999992,24.54132940151298,0.17575,NA,0.17719921473178213,blend: book price,5.643365866568041,1.2153610180063434,over,-0.4329625128582971,FALSE,-0.4376,rest,FALSE,-0.3429628594137699
Brisbane Bullets v Illawarra Hawks,William Hickey,Illawarra Hawks,Player Blocks,1.5,Sportsbet,2.85,NA,0.8927500000000004,33.74068844496633,0.2235,NA,0.1989590190862219,blend: book price,5.0261606867222985,1.2483755810586141,over,-0.43296679560426754,FALSE,-0.36302499999999993,rest,FALSE,-0.3429628594137699
Cairns Taipans v Tasmania JackJumpers,Jaylon Brown,Cairns Taipans,Player Threes,2.5,Sportsbet,3.5,NA,1.2829999999999993,26.27110691744886,0.16225,NA,0.1619706959132408,blend: book price,6.173956309576194,1.1932756946843859,over,-0.43310256430365723,FALSE,-0.432125,rest,FALSE,-0.3429628594137699
South East Melbourne Phoenix v Melbourne United,Tanner Krebs,South East Melbourne Phoenix,Player Assists,3.5,TAB,5,NA,1.5997499999999998,25.634747615826885,0.09075,NA,0.11335946933313867,blend: book price,8.821495071234136,1.1278527942410648,over,-0.43320265333430663,FALSE,-0.54625,rest,FALSE,-0.3429628594137699
South East Melbourne Phoenix v Melbourne United,D'Shawn Schwartz,South East Melbourne Phoenix,Player Rebounds,5.5,Sportsbet,2.5,NA,3.670999999999998,20.73353339436755,0.20425,NA,0.2262938992099891,blend: book price,4.419032079481964,1.2924804379581942,over,-0.4342652519750272,FALSE,-0.489375,rest,FALSE,-0.3429628594137699
South East Melbourne Phoenix v Melbourne United,D'Shawn Schwartz,South East Melbourne Phoenix,Player Rebounds,5.5,TAB,2.5,NA,3.670999999999998,20.73353339436755,0.20425,NA,0.2262938992099891,blend: book price,4.419032079481964,1.2924804379581942,over,-0.4342652519750272,FALSE,-0.489375,rest,FALSE,-0.3429628594137699
Cairns Taipans v Tasmania JackJumpers,Taran Armstrong,Tasmania JackJumpers,Player Assists,4.5,BetRight,1.33,NA,3.7075,29.88892484187663,0.317,NA,0.42508880462085685,blend: book price,2.352449627300618,1.7393990724785222,over,-0.4346318898542604,FALSE,-0.57839,rest,FALSE,-0.3429628594137699
Cairns Taipans v Tasmania JackJumpers,Kyrin Galloway,Cairns Taipans,Player Points,9.5,BetRight,2.3,NA,6.007500000000005,16.492581016209076,0.17375,NA,0.24579048259711384,blend: book price,4.068505783599216,1.3258915154551365,over,-0.43468189002663826,FALSE,-0.6003750000000001,rest,FALSE,-0.3429628594137699
Perth Wildcats v Adelaide 36ers,Flynn Cameron,Adelaide 36ers,Player Threes,2.5,TAB,2.5,NA,1.5425000000000004,21.472414740279152,0.21525,NA,0.22588218914471828,blend: book price,4.4270865435933935,1.291793039737909,over,-0.43529452713820427,FALSE,-0.46187500000000004,rest,FALSE,-0.3429628594137699
South East Melbourne Phoenix v Melbourne United,Josh Oduro,Melbourne United,Player Points,14.5,BetRight,1.98,NA,9.762250000000002,20.49608489122735,0.1925,NA,0.28503299595120374,blend: book price,3.5083657478420327,1.3986659444940626,over,-0.43563466801661666,FALSE,-0.61885,rest,FALSE,-0.3429628594137699
Perth Wildcats v Adelaide 36ers,Kristian Doolittle,Perth Wildcats,Player Assists,7.5,Sportsbet,6.75,NA,3.813750000000001,33.94564352393243,0.067,NA,0.08352709105752196,blend: book price,11.972163609903975,1.0911397273640138,over,-0.43619213536172674,FALSE,NA,price > 6,FALSE,-0.5387411371602528
Cairns Taipans v Tasmania JackJumpers,Taran Armstrong,Tasmania JackJumpers,Player Points,19.5,Sportsbet,2.1,NA,13.541749999999997,29.88892484187663,0.18425,NA,0.2682634762875606,blend: book price,3.72767852649485,1.3666121173322543,over,-0.4366466997961227,FALSE,-0.613075,rest,FALSE,-0.3429628594137699
Perth Wildcats v Adelaide 36ers,Kristian Doolittle,Perth Wildcats,Player Points,29.5,Sportsbet,9.75,NA,15.189499999999995,33.94564352393243,0.04775,NA,0.0577767714288651,blend: book price,17.307993771012324,1.061319621165021,over,-0.4366764785685653,FALSE,NA,price > 6,FALSE,-0.5387411371602528
Cairns Taipans v Tasmania JackJumpers,David Johnson,Tasmania JackJumpers,Player Rebounds,7.5,Pointsbet,6.5,NA,3.889500000000001,24.54132940151298,0.07875,NA,0.08661836831222745,blend: book price,11.544895378257031,1.094832614656561,over,-0.4369806059705216,FALSE,NA,price > 6,FALSE,-0.5387411371602528
Perth Wildcats v Adelaide 36ers,Kristian Doolittle,Perth Wildcats,Player Steals,1.5,Sportsbet,3.05,NA,0.8492499999999997,33.94564352393243,0.2135,NA,0.18456894964084886,blend: book price,5.418029424482783,1.2263452557510004,over,-0.43706470359541105,FALSE,-0.34882500000000005,rest,FALSE,-0.3429628594137699
Perth Wildcats v Adelaide 36ers,Zylan Cheatham,Adelaide 36ers,Player Blocks,0.5,Sportsbet,1.53,NA,0.5232499999999997,34.99983282334774,0.38675,NA,0.36716353531109436,blend: book price,2.7235820113582605,1.5801870716972468,over,-0.43823979097402566,FALSE,-0.40827250000000004,rest,FALSE,-0.3429628594137699
South East Melbourne Phoenix v Melbourne United,Luke Travers,Melbourne United,Player PRAs,34.5,BetRight,6,NA,21.138250000000006,28.261818708693287,0.063,NA,0.09356526865134235,blend: book price,10.687726486698367,1.1032233931638182,over,-0.4386083880919459,FALSE,-0.622,rest,FALSE,-0.3429628594137699
Perth Wildcats v Adelaide 36ers,Bryce Cotton,Adelaide 36ers,Player Assists,7.5,Sportsbet,2.05,NA,5.391500000000002,36.060843575363826,0.2135,NA,0.2735002811745118,blend: book price,3.6563033708982986,1.3764630241243203,over,-0.4393244235922509,FALSE,-0.5623250000000001,rest,FALSE,-0.3429628594137699
South East Melbourne Phoenix v Melbourne United,Luke Travers,Melbourne United,Player Steals,1.5,Sportsbet,2.3,NA,1.0355,28.261818708693287,0.276,NA,0.24333137255869458,blend: book price,4.109622156340681,1.3215824784245724,over,-0.44033784311500246,FALSE,-0.36519999999999997,rest,FALSE,-0.3429628594137699
Cairns Taipans v Tasmania JackJumpers,Taran Armstrong,Tasmania JackJumpers,Player Points,19.5,Pointsbet,2.05,NA,13.541749999999997,29.88892484187663,0.18425,NA,0.27265697162347524,blend: book price,3.6676120696482566,1.374867099822298,over,-0.44105320817187577,FALSE,-0.6222875000000001,rest,FALSE,-0.3429628594137699
Cairns Taipans v Tasmania JackJumpers,David Johnson,Tasmania JackJumpers,Player Threes,3.5,Pointsbet,3.1,NA,2.0229999999999992,24.54132940151298,0.17575,NA,0.18008420194783772,blend: book price,5.552957945137547,1.219637433960482,over,-0.44173897396170303,FALSE,-0.455175,rest,FALSE,-0.3429628594137699
South East Melbourne Phoenix v Melbourne United,Skylar Mays,South East Melbourne Phoenix,Player Points,24.5,TAB,5,NA,13.426249999999998,26.884292778390584,0.08725,NA,0.11145791077147617,blend: book price,8.971996631538474,1.1254390896308013,over,-0.4427104461426191,FALSE,-0.56375,rest,FALSE,-0.3429628594137699
Brisbane Bullets v Illawarra Hawks,Nate Hinton,Brisbane Bullets,Player Points,19.5,Sportsbet,3.25,NA,11.737749999999998,28.00915210516743,0.1275,NA,0.1713391582668056,blend: book price,5.836377452274055,1.2067663266294077,over,-0.4431477356328818,FALSE,-0.5856250000000001,rest,FALSE,-0.3429628594137699
Perth Wildcats v Adelaide 36ers,Zylan Cheatham,Adelaide 36ers,Player Rebounds,9.5,BetRight,1.65,NA,7.921000000000002,34.99983282334774,0.2895,NA,0.33696705818377753,blend: book price,2.9676491387315753,1.5082206884936,over,-0.4440043539967671,FALSE,-0.522325,rest,FALSE,-0.3429628594137699
Perth Wildcats v Adelaide 36ers,Zylan Cheatham,Adelaide 36ers,Player Rebounds,9.5,TAB,1.65,NA,7.921000000000002,34.99983282334774,0.2895,NA,0.33696705818377753,blend: book price,2.9676491387315753,1.5082206884936,over,-0.4440043539967671,FALSE,-0.522325,rest,FALSE,-0.3429628594137699
South East Melbourne Phoenix v Melbourne United,Skylar Mays,South East Melbourne Phoenix,Player PRAs,29.5,BetRight,2.25,NA,21.03925,26.884292778390584,0.16925,NA,0.24697827652356458,blend: book price,4.048939097299873,1.3279829370437723,over,-0.44429887782197974,FALSE,-0.6191875,rest,FALSE,-0.3429628594137699
Cairns Taipans v Tasmania JackJumpers,Taran Armstrong,Tasmania JackJumpers,Player Points,19.5,TAB,2,NA,13.541749999999997,29.88892484187663,0.18425,NA,0.2773128919222519,blend: book price,3.6060350208325778,1.3837246974833513,over,-0.4453742161554962,FALSE,-0.6315,rest,FALSE,-0.3429628594137699
Cairns Taipans v Tasmania JackJumpers,David Johnson,Tasmania JackJumpers,Player Points,17.5,BetRight,1.55,NA,13.310750000000002,24.54132940151298,0.24675,0.49530831099195705,0.35777982324041196,blend: two-way consensus,2.7950150764316435,1.5570983849271758,over,-0.44544127397736144,FALSE,-0.6175375000000001,rest,FALSE,-0.3429628594137699
Perth Wildcats v Adelaide 36ers,Flynn Cameron,Adelaide 36ers,Player Threes,2.5,BetRight,2.4,NA,1.5425000000000004,21.472414740279152,0.21525,NA,0.23102196406207404,blend: book price,4.328592755497944,1.3004272596424624,over,-0.44554728625102236,FALSE,-0.48340000000000005,rest,FALSE,-0.3429628594137699
South East Melbourne Phoenix v Melbourne United,Joe Ingles,Melbourne United,Player Assists,5.5,Sportsbet,2.9,NA,3.198000000000003,22.38714552634611,0.1505,NA,0.19116493309750712,blend: book price,5.231084926490843,1.2363460004640878,over,-0.4456216940172294,FALSE,-0.56355,rest,FALSE,-0.3429628594137699
Brisbane Bullets v Illawarra Hawks,Tyler Harvey,Illawarra Hawks,Player Threes,5.5,Sportsbet,11,NA,2.2927500000000016,26.537541962438,0.05225,NA,0.0503412464465181,blend: book price,19.8644266995333,1.0530098272228299,over,-0.4462462890883009,FALSE,NA,price > 6,FALSE,-0.5387411371602528
South East Melbourne Phoenix v Melbourne United,Josh Oduro,Melbourne United,Player Points,19.5,TAB,5.5,NA,9.762250000000002,20.49608489122735,0.07875,NA,0.10052580477209187,blend: book price,9.947694547356875,1.1117606322731923,over,-0.4471080737534947,FALSE,-0.566875,rest,FALSE,-0.3429628594137699
Brisbane Bullets v Illawarra Hawks,Jaylin Williams,Brisbane Bullets,Player Threes,1.5,Sportsbet,1.88,NA,1.001,20.835093245222705,0.2565,NA,0.29377133823963897,blend: book price,3.404008049227277,1.4159719849196974,over,-0.44770988410947876,FALSE,-0.51778,rest,FALSE,-0.3429628594137699
Cairns Taipans v Tasmania JackJumpers,Jack McVeigh,Cairns Taipans,Player Points,24.5,Sportsbet,3.2,NA,15.347999999999994,28.975523788647227,0.127,NA,0.17253179994823437,blend: book price,5.796032964937683,1.2085056560934195,over,-0.44789824016565005,FALSE,-0.5935999999999999,rest,FALSE,-0.3429628594137699
South East Melbourne Phoenix v Melbourne United,Joe Ingles,Melbourne United,Player Assists,4.5,BetRight,1.73,NA,3.198000000000003,22.38714552634611,0.24425,NA,0.3185974242953522,blend: book price,3.138757327406894,1.4675612268795524,over,-0.4488264559690407,FALSE,-0.5774475,rest,FALSE,-0.3429628594137699
Cairns Taipans v Tasmania JackJumpers,Jack McVeigh,Cairns Taipans,Player Points,29.5,Sportsbet,7.25,NA,15.347999999999994,28.975523788647227,0.0605,NA,0.07597258417636293,blend: book price,13.162642956551244,1.0822189719432127,over,-0.44919876472136877,FALSE,NA,price > 6,FALSE,-0.5387411371602528
Cairns Taipans v Tasmania JackJumpers,Jaylon Brown,Cairns Taipans,Player Threes,2.5,Pointsbet,3.3,NA,1.2829999999999993,26.27110691744886,0.16225,NA,0.16681154576881277,blend: book price,5.994788882215135,1.2002086621840382,over,-0.44952189896291794,FALSE,-0.46457499999999996,rest,FALSE,-0.3429628594137699
South East Melbourne Phoenix v Melbourne United,Sam Waardenburg,Melbourne United,Player Threes,2.5,Sportsbet,6.25,NA,0.9554999999999996,24.340010909179398,0.08975,NA,0.08806592959759005,blend: book price,11.355129101224696,1.096570500495424,over,-0.4495879400150622,FALSE,NA,price > 6,FALSE,-0.5387411371602528
Perth Wildcats v Adelaide 36ers,Kristian Doolittle,Perth Wildcats,Player Assists,6.5,BetRight,3.6,NA,3.813750000000001,33.94564352393243,0.1205,NA,0.15273068263394218,blend: book price,6.547472863699258,1.18026226077529,over,-0.45016954251780816,FALSE,-0.5662,rest,FALSE,-0.3429628594137699
Brisbane Bullets v Illawarra Hawks,Jaylin Williams,Brisbane Bullets,Player Points,14.5,Sportsbet,4.1,NA,7.764249999999997,20.835093245222705,0.1015,NA,0.1340469547838678,blend: book price,7.460072491854529,1.154797024531984,over,-0.45040748538614206,FALSE,-0.58385,rest,FALSE,-0.3429628594137699
Cairns Taipans v Tasmania JackJumpers,David Johnson,Tasmania JackJumpers,Player Threes,3.5,BetRight,3,NA,2.0229999999999992,24.54132940151298,0.17575,NA,0.1831492174334291,blend: book price,5.4600287897133875,1.2242137993159148,over,-0.45055234769971264,FALSE,-0.47275,rest,FALSE,-0.3429628594137699
South East Melbourne Phoenix v Melbourne United,Nathan Sobey,South East Melbourne Phoenix,Player Threes,5.5,Sportsbet,10,NA,2.2815,28.095023263042446,0.0565,NA,0.05487973641191175,blend: book price,18.22166186248205,1.058066405436663,over,-0.4512026358808825,FALSE,NA,price > 6,TRUE,-0.5387411371602528
Brisbane Bullets v Illawarra Hawks,Kelan Martin,Illawarra Hawks,Player Threes,1.5,Sportsbet,1.46,NA,1.1047499999999997,25.31577048270224,0.28925,NA,0.3752164759578955,blend: book price,2.6651281702038423,1.6005543704648164,over,-0.45218394510147264,FALSE,-0.5776950000000001,rest,FALSE,-0.3429628594137699
South East Melbourne Phoenix v Melbourne United,Skylar Mays,South East Melbourne Phoenix,Player Points,24.5,Sportsbet,4.8,NA,13.426249999999998,26.884292778390584,0.08725,NA,0.11391270761065177,blend: book price,8.778651837668125,1.1285569814498573,over,-0.45321900346887156,FALSE,-0.5812,rest,FALSE,-0.3429628594137699
South East Melbourne Phoenix v Melbourne United,Skylar Mays,South East Melbourne Phoenix,Player Assists,4.5,BetRight,1.48,NA,3.4407500000000004,26.884292778390584,0.2765,NA,0.36895262445781446,blend: book price,2.710375082626194,1.5846670769224205,over,-0.4539501158024346,FALSE,-0.59078,rest,FALSE,-0.3429628594137699
Cairns Taipans v Tasmania JackJumpers,David Johnson,Tasmania JackJumpers,Player Points,19.5,BetRight,1.91,NA,13.310750000000002,24.54132940151298,0.18275,NA,0.2853697310683374,blend: book price,3.504225890588691,1.3993249984988059,over,-0.45494381365947556,FALSE,-0.6509475,rest,FALSE,-0.3429628594137699
South East Melbourne Phoenix v Melbourne United,Skylar Mays,South East Melbourne Phoenix,Player Points,24.5,BetRight,4.75,NA,13.426249999999998,26.884292778390584,0.08725,NA,0.11455420698748643,blend: book price,8.72949170787972,1.129374613207821,over,-0.4558675168094395,FALSE,-0.5855625,rest,FALSE,-0.3429628594137699
South East Melbourne Phoenix v Melbourne United,Josh Oduro,Melbourne United,Player Points,19.5,Sportsbet,5.3,NA,9.762250000000002,20.49608489122735,0.07875,NA,0.10251061115366338,blend: book price,9.755087680640205,1.114219301562366,over,-0.4566937608855841,FALSE,-0.582625,rest,FALSE,-0.3429628594137699
South East Melbourne Phoenix v Melbourne United,D'Shawn Schwartz,South East Melbourne Phoenix,Player Threes,1.5,Sportsbet,1.62,NA,1.0577500000000006,20.73353339436755,0.272,NA,0.3353234110701605,blend: book price,2.9821955968077862,1.504491081309253,over,-0.4567760740663399,FALSE,-0.5593599999999999,rest,FALSE,-0.3429628594137699
South East Melbourne Phoenix v Melbourne United,Cole Anthony,Melbourne United,Player Rebounds,5.5,Sportsbet,6.5,NA,2.4782499999999983,19.50273010843019,0.07475,NA,0.08353327948706754,blend: book price,11.971276671291447,1.0911470952707538,over,-0.457033683334061,FALSE,NA,price > 6,FALSE,-0.5387411371602528
Brisbane Bullets v Illawarra Hawks,Milton Doyle,Illawarra Hawks,Player Points,24.5,Sportsbet,6,NA,13.070000000000006,27.119966222884155,0.07,NA,0.09037316184210906,blend: book price,11.065231973924957,1.0993519078934897,over,-0.4577610289473457,FALSE,-0.58,rest,FALSE,-0.3429628594137699
Perth Wildcats v Adelaide 36ers,Kristian Doolittle,Perth Wildcats,Player PRAs,39.5,BetRight,4.6,NA,26.22125,33.94564352393243,0.07825,NA,0.11780315719964994,blend: book price,8.488736836698054,1.1335338685023042,over,-0.4581054768816103,FALSE,-0.64005,rest,FALSE,-0.3429628594137699
Perth Wildcats v Adelaide 36ers,Flynn Cameron,Adelaide 36ers,Player Rebounds,6.5,BetRight,4.75,NA,3.5222500000000005,21.472414740279152,0.10225,NA,0.11408197999122369,blend: book price,8.765626263472372,1.128772614863499,over,-0.4581105950416875,FALSE,-0.5143125,rest,FALSE,-0.3429628594137699
Brisbane Bullets v Illawarra Hawks,Tyler Harvey,Illawarra Hawks,Player Steals,2.5,Sportsbet,8.25,NA,0.9297500000000009,26.537541962438,0.08125,NA,0.06567478311631697,blend: book price,15.226544383540551,1.0702911383847333,over,-0.45818303929038495,FALSE,NA,price > 6,FALSE,-0.5387411371602528
South East Melbourne Phoenix v Melbourne United,D'Shawn Schwartz,South East Melbourne Phoenix,Player Threes,1.5,TAB,1.6,NA,1.0577500000000006,20.73353339436755,0.272,NA,0.33841936889715074,blend: book price,2.954913612831394,1.5115315548658197,over,-0.4585290097645588,FALSE,-0.5648,rest,FALSE,-0.3429628594137699
Cairns Taipans v Tasmania JackJumpers,David Johnson,Tasmania JackJumpers,Player Threes,4.5,Sportsbet,6,NA,2.0229999999999992,24.54132940151298,0.08975,NA,0.08973621051142898,blend: book price,11.143773447761514,1.0985826433476464,over,-0.46158273693142615,FALSE,-0.4615,rest,FALSE,-0.3429628594137699
South East Melbourne Phoenix v Melbourne United,Sam Waardenburg,Melbourne United,Player Threes,2.5,TAB,6,NA,0.9554999999999996,24.340010909179398,0.08975,NA,0.08973621051142898,blend: book price,11.143773447761514,1.0985826433476464,over,-0.46158273693142615,FALSE,-0.4615,rest,FALSE,-0.3429628594137699
Cairns Taipans v Tasmania JackJumpers,Jaylon Brown,Cairns Taipans,Player Threes,2.5,TAB,3.15,NA,1.2829999999999993,26.27110691744886,0.16225,NA,0.17081105117316903,blend: book price,5.854422141493617,1.205997742028327,over,-0.4619451888045176,FALSE,-0.48891249999999997,rest,FALSE,-0.3429628594137699
Cairns Taipans v Tasmania JackJumpers,Jack McVeigh,Cairns Taipans,Player Points,24.5,BetRight,3,NA,15.347999999999994,28.975523788647227,0.127,NA,0.1791424720870409,blend: book price,5.5821491595478525,1.2182382033365924,over,-0.46257258373887733,FALSE,-0.619,rest,FALSE,-0.3429628594137699
Cairns Taipans v Tasmania JackJumpers,Jack McVeigh,Cairns Taipans,Player Points,24.5,Pointsbet,3,NA,15.347999999999994,28.975523788647227,0.127,NA,0.1791424720870409,blend: book price,5.5821491595478525,1.2182382033365924,over,-0.46257258373887733,FALSE,-0.619,rest,FALSE,-0.3429628594137699
South East Melbourne Phoenix v Melbourne United,Angus Glover,South East Melbourne Phoenix,Player Points,19.5,Sportsbet,5,NA,10.237250000000001,22.489781259576617,0.081,NA,0.10727970759383262,blend: book price,9.3214273456641,1.1201716915212931,over,-0.46360146203083685,FALSE,-0.595,rest,FALSE,-0.3429628594137699
South East Melbourne Phoenix v Melbourne United,Angus Glover,South East Melbourne Phoenix,Player Points,19.5,TAB,5,NA,10.237250000000001,22.489781259576617,0.081,NA,0.10727970759383262,blend: book price,9.3214273456641,1.1201716915212931,over,-0.46360146203083685,FALSE,-0.595,rest,FALSE,-0.3429628594137699
South East Melbourne Phoenix v Melbourne United,D'Shawn Schwartz,South East Melbourne Phoenix,Player Threes,1.5,BetRight,1.53,NA,1.0577500000000006,20.73353339436755,0.272,NA,0.35025619140376973,blend: book price,2.855053028448014,1.5390681477373325,over,-0.4641080271522323,FALSE,-0.5838399999999999,rest,FALSE,-0.3429628594137699
Perth Wildcats v Adelaide 36ers,John Jenkins,Adelaide 36ers,Player Points,14.5,TAB,2.4,NA,8.900500000000003,18.879220038729155,0.1505,NA,0.22317287612074171,blend: book price,4.480831261317691,1.2872876979453014,over,-0.46438509731021993,FALSE,-0.6388,rest,TRUE,-0.3429628594137699
Perth Wildcats v Adelaide 36ers,Anthony Dell'Orso,Perth Wildcats,Player Points,9.5,BetRight,1.92,NA,6.054999999999999,20.24341828770149,0.17475,NA,0.2784781906686544,blend: book price,3.590945479783887,1.3859594915456928,over,-0.4653218739161835,FALSE,-0.66448,rest,FALSE,-0.3429628594137699
Cairns Taipans v Tasmania JackJumpers,Jaylon Brown,Cairns Taipans,Player Threes,2.5,BetRight,3.1,NA,1.2829999999999993,26.27110691744886,0.16225,NA,0.17222429645782925,blend: book price,5.806381681140207,1.208056718409174,over,-0.4661046809807293,FALSE,-0.49702499999999994,rest,FALSE,-0.3429628594137699
Perth Wildcats v Adelaide 36ers,Anthony Dell'Orso,Perth Wildcats,Player Points,9.5,TAB,1.9,NA,6.054999999999999,20.24341828770149,0.17475,NA,0.2805969483272384,blend: book price,3.563830633089344,1.3900413650940069,over,-0.466865798178247,FALSE,-0.667975,rest,FALSE,-0.3429628594137699
Cairns Taipans v Tasmania JackJumpers,David Johnson,Tasmania JackJumpers,Player Points,24.5,Pointsbet,5,NA,13.310750000000002,24.54132940151298,0.08,NA,0.10659765843330372,blend: book price,9.381069103179994,1.1193165200869868,over,-0.46701170783348134,FALSE,-0.6,rest,FALSE,-0.3429628594137699
Cairns Taipans v Tasmania JackJumpers,David Johnson,Tasmania JackJumpers,Player Points,24.5,Sportsbet,5,NA,13.310750000000002,24.54132940151298,0.08,NA,0.10659765843330372,blend: book price,9.381069103179994,1.1193165200869868,over,-0.46701170783348134,FALSE,-0.6,rest,FALSE,-0.3429628594137699
Brisbane Bullets v Illawarra Hawks,Tyrell Harrison,Brisbane Bullets,Player Rebounds,9.5,Sportsbet,2.12,NA,7.151750000000002,27.622759933796313,0.21775,NA,0.2511039878575638,blend: book price,3.9824138538462392,1.335298871654033,over,-0.46765954574196467,FALSE,-0.53837,rest,FALSE,-0.3429628594137699
South East Melbourne Phoenix v Melbourne United,Cole Anthony,Melbourne United,Player Points,19.5,BetRight,1.24,NA,12.783499999999997,19.50273010843019,0.181,NA,0.4289249187123968,blend: book price,2.3314103619858026,1.7510832336534448,over,-0.46813310079662795,FALSE,-0.77556,rest,FALSE,-0.3429628594137699
Brisbane Bullets v Illawarra Hawks,Tyler Harvey,Illawarra Hawks,Player Threes,6.5,Sportsbet,23,NA,2.2927500000000016,26.537541962438,0.02325,NA,0.023121758792286194,blend: book price,43.24930508026996,1.0236690283568,over,-0.46819954777741757,FALSE,NA,price > 6,FALSE,-0.5387411371602528
Cairns Taipans v Tasmania JackJumpers,Jaylon Brown,Cairns Taipans,Player Threes,3.5,Pointsbet,7,NA,1.2829999999999993,26.27110691744886,0.0755,NA,0.07585445903920217,blend: book price,13.183140617787444,1.082080641714009,over,-0.46901878672558484,FALSE,NA,price > 6,FALSE,-0.5387411371602528
Perth Wildcats v Adelaide 36ers,Anthony Dell'Orso,Perth Wildcats,Player Points,9.5,Sportsbet,1.87,NA,6.054999999999999,20.24341828770149,0.17475,NA,0.2838842493432983,blend: book price,3.522562460979335,1.3964222949753125,over,-0.46913645372803214,FALSE,-0.6732175,rest,FALSE,-0.3429628594137699
South East Melbourne Phoenix v Melbourne United,Angus Glover,South East Melbourne Phoenix,Player Points,17.5,BetRight,3.1,NA,10.237250000000001,22.489781259576617,0.12025,NA,0.1710131819718655,blend: book price,5.8475024467091465,1.206291798919849,over,-0.46985913588721695,FALSE,-0.6272249999999999,rest,FALSE,-0.3429628594137699
Cairns Taipans v Tasmania JackJumpers,Reyne Smith,Cairns Taipans,Player Points,14.5,Pointsbet,3.2,NA,8.256249999999998,20.32192545736321,0.117,NA,0.16559640619031663,blend: book price,6.038778395049951,1.1984608017257496,over,-0.4700915001909868,FALSE,-0.6255999999999999,rest,FALSE,-0.3429628594137699
Cairns Taipans v Tasmania JackJumpers,Taran Armstrong,Tasmania JackJumpers,Player Points,24.5,BetRight,4.6,NA,13.541749999999997,29.88892484187663,0.08525,NA,0.11517687611292993,blend: book price,8.682298337554395,1.1301693784933564,over,-0.4701863698805224,FALSE,-0.60785,rest,FALSE,-0.3429628594137699
Cairns Taipans v Tasmania JackJumpers,Nick Marshall,Tasmania JackJumpers,Player Threes,2.5,TAB,3.5,NA,1.214000000000001,27.94522393186349,0.14375,NA,0.15134014057963163,blend: book price,6.607632292199593,1.1783283831557632,over,-0.47030950797128934,FALSE,-0.49687500000000007,rest,FALSE,-0.3429628594137699
Cairns Taipans v Tasmania JackJumpers,David Johnson,Tasmania JackJumpers,Player PRAs,29.5,BetRight,2.63,NA,19.898749999999993,24.54132940151298,0.13225,NA,0.20105457333648824,blend: book price,4.973773953037037,1.2516499458243542,over,-0.471226472125036,FALSE,-0.6521825,rest,FALSE,-0.3429628594137699
Cairns Taipans v Tasmania JackJumpers,Jack McVeigh,Cairns Taipans,Player Threes,3.5,Sportsbet,4.2,NA,1.7632500000000004,28.975523788647227,0.12125,NA,0.12576284765820414,blend: book price,7.951473894085007,1.1438543847299631,over,-0.47179603983554264,FALSE,-0.49075,rest,FALSE,-0.3429628594137699
South East Melbourne Phoenix v Melbourne United,Tanner Krebs,South East Melbourne Phoenix,Player Steals,1.5,Sportsbet,3.6,NA,0.7300000000000015,25.634747615826885,0.17275,NA,0.14660617760749947,blend: book price,6.820994969783907,1.1717919368064877,over,-0.4722177606130019,FALSE,-0.3781,rest,FALSE,-0.3429628594137699
Brisbane Bullets v Illawarra Hawks,Jaylin Williams,Brisbane Bullets,Player Points,19.5,Sportsbet,11.5,NA,7.764249999999997,20.835093245222705,0.036,NA,0.04588167540924172,blend: book price,21.795193638429666,1.0480880350232467,over,-0.47236073279372026,FALSE,NA,price > 6,FALSE,-0.5387411371602528
Brisbane Bullets v Illawarra Hawks,Nate Hinton,Brisbane Bullets,Player Points,24.5,Sportsbet,8,NA,11.737749999999998,28.00915210516743,0.05075,NA,0.06592938386022895,blend: book price,15.167743750192045,1.0705828689191563,over,-0.4725649291181684,FALSE,NA,price > 6,FALSE,-0.5387411371602528
South East Melbourne Phoenix v Melbourne United,Cole Anthony,Melbourne United,Player Points,19.5,Sportsbet,1.27,NA,12.783499999999997,19.50273010843019,0.181,NA,0.41517401706078005,blend: book price,2.408628572374276,1.709910347987956,over,-0.47272899833280935,FALSE,-0.77013,rest,FALSE,-0.3429628594137699
Cairns Taipans v Tasmania JackJumpers,Reyne Smith,Cairns Taipans,Player Threes,3.5,Sportsbet,4.6,NA,1.6395000000000013,20.32192545736321,0.11075,NA,0.11441207868588348,blend: book price,8.740335911084038,1.129193359498522,over,-0.473704438044936,FALSE,-0.49055000000000004,rest,FALSE,-0.3429628594137699
Cairns Taipans v Tasmania JackJumpers,Kyrin Galloway,Cairns Taipans,Player Assists,1.5,Sportsbet,2.85,NA,0.6399999999999998,16.492581016209076,0.14275,NA,0.18460757579578765,blend: book price,5.416895789294135,1.2264033492535287,over,-0.4738684089820052,FALSE,-0.5931625,rest,FALSE,-0.3429628594137699
South East Melbourne Phoenix v Melbourne United,Skylar Mays,South East Melbourne Phoenix,Player Points,29.5,Sportsbet,11,NA,13.426249999999998,26.884292778390584,0.03725,NA,0.047759537252484476,blend: book price,20.938226321444926,1.05015491267267,over,-0.47464509022267076,FALSE,NA,price > 6,FALSE,-0.5387411371602528
Perth Wildcats v Adelaide 36ers,Kristian Doolittle,Perth Wildcats,Player Threes,2.5,TAB,3,NA,1.3304999999999996,33.94564352393243,0.162,NA,0.17503438750059103,blend: book price,5.713163077721647,1.2121717376440542,over,-0.474896837498227,FALSE,-0.514,rest,FALSE,-0.3429628594137699
South East Melbourne Phoenix v Melbourne United,Cole Anthony,Melbourne United,Player Points,19.5,TAB,1.3,NA,12.783499999999997,19.50273010843019,0.181,NA,0.4029837162838953,blend: book price,2.481489845846567,1.6749961890076746,over,-0.47612116883093614,FALSE,-0.7646999999999999,rest,FALSE,-0.3429628594137699
Perth Wildcats v Adelaide 36ers,John Jenkins,Adelaide 36ers,Player Points,14.5,BetRight,2.25,NA,8.900500000000003,18.879220038729155,0.1505,NA,0.23271827154331115,blend: book price,4.297041196500508,1.303302245983885,over,-0.4763838890275499,FALSE,-0.661375,rest,TRUE,-0.3429628594137699
Cairns Taipans v Tasmania JackJumpers,Jack McVeigh,Cairns Taipans,Player Points,29.5,BetRight,6.5,NA,15.347999999999994,28.975523788647227,0.0605,NA,0.08038106505551491,blend: book price,12.440740854943305,1.087406926935848,over,-0.4775230771391531,FALSE,NA,price > 6,FALSE,-0.5387411371602528
Cairns Taipans v Tasmania JackJumpers,Jack McVeigh,Cairns Taipans,Player Points,29.5,Pointsbet,6.5,NA,15.347999999999994,28.975523788647227,0.0605,NA,0.08038106505551491,blend: book price,12.440740854943305,1.087406926935848,over,-0.4775230771391531,FALSE,NA,price > 6,FALSE,-0.5387411371602528
Perth Wildcats v Adelaide 36ers,Jo Lual-Acuil Jr,Perth Wildcats,Player Rebounds,9.5,BetRight,3.3,NA,6.338,31.112404931629083,0.13875,NA,0.1580333448778192,blend: book price,6.327778487338435,1.1876954911651298,over,-0.4784899619031967,FALSE,-0.542125,rest,FALSE,-0.3429628594137699
South East Melbourne Phoenix v Melbourne United,Josh Oduro,Melbourne United,Player Steals,0.5,Sportsbet,1.31,NA,0.6185000000000003,20.49608489122735,0.43775,NA,0.39779377210206324,blend: book price,2.513865399942528,1.6605607077339661,over,-0.47889015854629713,FALSE,-0.42654749999999997,rest,FALSE,-0.3429628594137699
Cairns Taipans v Tasmania JackJumpers,Jaylon Brown,Cairns Taipans,Player Points,19.5,TAB,4,NA,10.618000000000004,26.27110691744886,0.09325,NA,0.13015481146468966,blend: book price,7.683158146414702,1.149629857335707,over,-0.47938075414124137,FALSE,-0.627,rest,FALSE,-0.3429628594137699
Cairns Taipans v Tasmania JackJumpers,Reyne Smith,Cairns Taipans,Player Points,14.5,Sportsbet,3.05,NA,8.256249999999998,20.32192545736321,0.117,NA,0.17031986599576138,blend: book price,5.871305699740782,1.2052837702329406,over,-0.4805244087129278,FALSE,-0.64315,rest,FALSE,-0.3429628594137699
Perth Wildcats v Adelaide 36ers,Flynn Cameron,Adelaide 36ers,Player PRAs,19.5,BetRight,1.33,NA,14.576249999999998,21.472414740279152,0.21075,NA,0.38984060827819483,blend: book price,2.5651509328817492,1.6389160169740336,over,-0.48151199099000086,FALSE,-0.7197024999999999,rest,FALSE,-0.3429628594137699
South East Melbourne Phoenix v Melbourne United,Josh Oduro,Melbourne United,Player Points,17.5,BetRight,3.25,NA,9.762250000000002,20.49608489122735,0.1105,NA,0.159492013588577,blend: book price,6.269906420390325,1.1897566902005696,over,-0.4816509558371247,FALSE,-0.640875,rest,FALSE,-0.3429628594137699
Cairns Taipans v Tasmania JackJumpers,Malique Lewis,Cairns Taipans,Player Assists,3.5,Pointsbet,3.7,NA,1.6330000000000005,27.57509697673598,0.1085,NA,0.1400494465923136,blend: book price,7.14033524824284,1.1628575573762308,over,-0.4818170476084396,FALSE,-0.5985499999999999,rest,FALSE,-0.3429628594137699
South East Melbourne Phoenix v Melbourne United,Nathan Sobey,South East Melbourne Phoenix,Player Threes,6.5,Sportsbet,21,NA,2.2815,28.095023263042446,0.02425,NA,0.02462625625484753,blend: book price,40.60706546912326,1.0252480204770429,over,-0.48284861864820183,FALSE,NA,price > 6,TRUE,-0.5387411371602528
Perth Wildcats v Adelaide 36ers,Kristian Doolittle,Perth Wildcats,Player Threes,2.5,Sportsbet,2.9,NA,1.3304999999999996,33.94564352393243,0.162,NA,0.17818699264785703,blend: book price,5.612081921020213,1.2168218208445862,over,-0.4832577213212146,FALSE,-0.5302,rest,FALSE,-0.3429628594137699
South East Melbourne Phoenix v Melbourne United,Josh Oduro,Melbourne United,Player Points,19.5,BetRight,4.75,NA,9.762250000000002,20.49608489122735,0.07875,NA,0.10869641823489246,blend: book price,9.199935161055672,1.12195218381108,over,-0.4836920133842608,FALSE,-0.6259375,rest,FALSE,-0.3429628594137699
Cairns Taipans v Tasmania JackJumpers,Reyne Smith,Cairns Taipans,Player Points,14.5,TAB,3,NA,8.256249999999998,20.32192545736321,0.117,NA,0.17199657926502415,blend: book price,5.814069118544103,1.2077244790997985,over,-0.4840102622049276,FALSE,-0.649,rest,FALSE,-0.3429628594137699
Cairns Taipans v Tasmania JackJumpers,David Johnson,Tasmania JackJumpers,Player Threes,5.5,Sportsbet,12,NA,2.0229999999999992,24.54132940151298,0.04225,NA,0.042978425240309044,blend: book price,23.267488150359444,1.0449085228314743,over,-0.48425889711629144,FALSE,NA,price > 6,FALSE,-0.5387411371602528
South East Melbourne Phoenix v Melbourne United,Nathan Sobey,South East Melbourne Phoenix,Player Assists,7.5,TAB,5,NA,3.8450000000000006,28.095023263042446,0.08025,NA,0.10314345023086431,blend: book price,9.695235109565525,1.1150055159405536,over,-0.48428274884567846,FALSE,-0.59875,rest,TRUE,-0.3429628594137699
Perth Wildcats v Adelaide 36ers,Kristian Doolittle,Perth Wildcats,Player Assists,7.5,TAB,6,NA,3.813750000000001,33.94564352393243,0.067,NA,0.08589118753482958,blend: book price,11.642637955081153,1.0939616666676675,over,-0.4846528747910226,FALSE,-0.598,rest,FALSE,-0.3429628594137699
Cairns Taipans v Tasmania JackJumpers,Jack McVeigh,Cairns Taipans,Player Threes,3.5,Pointsbet,4,NA,1.7632500000000004,28.975523788647227,0.12125,NA,0.128792732154923,blend: book price,7.764413280689734,1.147832481326161,over,-0.48482907138030795,FALSE,-0.515,rest,FALSE,-0.3429628594137699
Cairns Taipans v Tasmania JackJumpers,David Johnson,Tasmania JackJumpers,Player Threes,4.5,Pointsbet,5.5,NA,2.0229999999999992,24.54132940151298,0.08975,NA,0.09344083389054778,blend: book price,10.70195928657222,1.1030719641736724,over,-0.48607541360198725,FALSE,-0.506375,rest,FALSE,-0.3429628594137699
South East Melbourne Phoenix v Melbourne United,Sam Waardenburg,Melbourne United,Player Threes,2.5,BetRight,5.5,NA,0.9554999999999996,24.340010909179398,0.08975,NA,0.09344083389054778,blend: book price,10.70195928657222,1.1030719641736724,over,-0.48607541360198725,FALSE,-0.506375,rest,FALSE,-0.3429628594137699
Cairns Taipans v Tasmania JackJumpers,Kyrin Galloway,Cairns Taipans,Player Points,11.5,BetRight,3.4,NA,6.007500000000005,16.492581016209076,0.1045,NA,0.15110375383937041,blend: book price,6.617969273371207,1.178000261542891,over,-0.4862472369461406,FALSE,-0.6447,rest,FALSE,-0.3429628594137699
South East Melbourne Phoenix v Melbourne United,D'Shawn Schwartz,South East Melbourne Phoenix,Player Points,14.5,TAB,2.5,NA,8.517749999999998,20.73353339436755,0.1335,NA,0.20519590798331028,blend: book price,4.873391530211877,1.258171680347868,over,-0.4870102300417243,FALSE,-0.66625,rest,FALSE,-0.3429628594137699
South East Melbourne Phoenix v Melbourne United,Cole Anthony,Melbourne United,Player Steals,0.5,Sportsbet,1.25,NA,0.6297499999999998,19.50273010843019,0.45125,NA,0.41006603214204507,blend: book price,2.438631638851775,1.6951049684950186,over,-0.48741745982244367,FALSE,-0.4359375,rest,FALSE,-0.3429628594137699
Cairns Taipans v Tasmania JackJumpers,Taran Armstrong,Tasmania JackJumpers,Player Points,24.5,Sportsbet,4.25,NA,13.541749999999997,29.88892484187663,0.08525,NA,0.12026086342831854,blend: book price,8.31525711268529,1.1367005950161224,over,-0.48889133042964616,FALSE,-0.6376875,rest,FALSE,-0.3429628594137699
Perth Wildcats v Adelaide 36ers,Jo Lual-Acuil Jr,Perth Wildcats,Player Rebounds,9.5,Sportsbet,3.2,NA,6.338,31.112404931629083,0.13875,NA,0.15965324824828547,blend: book price,6.263574408738903,1.1899849650343577,over,-0.48910960560548644,FALSE,-0.5559999999999999,rest,FALSE,-0.3429628594137699
Brisbane Bullets v Illawarra Hawks,Kelan Martin,Illawarra Hawks,Player Points,19.5,Sportsbet,3.3,NA,10.781500000000003,25.31577048270224,0.10575,NA,0.15465151173411038,blend: book price,6.466150823790733,1.182944092147554,over,-0.4896500112774358,FALSE,-0.651025,rest,FALSE,-0.3429628594137699
South East Melbourne Phoenix v Melbourne United,D'Shawn Schwartz,South East Melbourne Phoenix,Player Points,14.5,Sportsbet,2.45,NA,8.517749999999998,20.73353339436755,0.1335,NA,0.20785508128083727,blend: book price,4.811044280648975,1.2623952718360207,over,-0.4907550508619487,FALSE,-0.672925,rest,FALSE,-0.3429628594137699
Cairns Taipans v Tasmania JackJumpers,Reyne Smith,Cairns Taipans,Player Points,14.5,BetRight,2.9,NA,8.256249999999998,20.32192545736321,0.117,NA,0.17552132170312237,blend: book price,5.697313524629246,1.212887642001484,over,-0.49098816706094517,FALSE,-0.6607000000000001,rest,FALSE,-0.3429628594137699
Cairns Taipans v Tasmania JackJumpers,Reyne Smith,Cairns Taipans,Player Threes,3.5,Pointsbet,4.3,NA,1.6395000000000013,20.32192545736321,0.11075,NA,0.11819153190896194,blend: book price,8.46084303882497,1.1340331105742565,over,-0.49177641279146367,FALSE,-0.523775,rest,FALSE,-0.3429628594137699
South East Melbourne Phoenix v Melbourne United,D'Shawn Schwartz,South East Melbourne Phoenix,Player Rebounds,6.5,BetRight,3.6,NA,3.670999999999998,20.73353339436755,0.12225,NA,0.14080988397531985,blend: book price,7.101774192039479,1.1638867595763578,over,-0.4930844176888485,FALSE,-0.5599000000000001,rest,FALSE,-0.3429628594137699
Brisbane Bullets v Illawarra Hawks,Wani Swaka Lo Buluk,Illawarra Hawks,Player Rebounds,5.5,Sportsbet,8.75,NA,2.3955000000000015,25.10199900062852,0.05,NA,0.057885392094677565,blend: book price,17.275515701170274,1.0614419855174295,over,-0.49350281917157135,FALSE,NA,price > 6,FALSE,-0.5387411371602528
Cairns Taipans v Tasmania JackJumpers,Taran Armstrong,Tasmania JackJumpers,Player Points,29.5,Sportsbet,10.5,NA,13.541749999999997,29.88892484187663,0.03625,NA,0.04819886018903006,blend: book price,20.747378591072938,1.0506396327688812,over,-0.49391196801518433,FALSE,NA,price > 6,FALSE,-0.5387411371602528
South East Melbourne Phoenix v Melbourne United,Skylar Mays,South East Melbourne Phoenix,Player PRAs,34.5,BetRight,4.2,NA,21.03925,26.884292778390584,0.0755,NA,0.1203157405894461,blend: book price,8.311464444309944,1.1367715055741312,over,-0.49467388952432634,FALSE,-0.6829000000000001,rest,FALSE,-0.3429628594137699
South East Melbourne Phoenix v Melbourne United,Dash Daniels,South East Melbourne Phoenix,Player Points,14.5,TAB,2,NA,9.112000000000002,24.18613403048899,0.15025,NA,0.2521363978210717,blend: book price,3.966107268295507,1.337142223644075,over,-0.49572720435785655,FALSE,-0.6995,rest,FALSE,-0.3429628594137699
Cairns Taipans v Tasmania JackJumpers,Keanu Pinder,Cairns Taipans,Player Blocks,1.5,Sportsbet,3.5,NA,0.67325,25.975269438688255,0.15775,NA,0.14389579074665473,blend: book price,6.949473607331686,1.1680820970056367,over,-0.4963647323867084,FALSE,-0.447875,rest,FALSE,-0.3429628594137699
Cairns Taipans v Tasmania JackJumpers,Will Magnay,Tasmania JackJumpers,Player Steals,2.5,Sportsbet,8,NA,0.936,26.254847578198834,0.07825,NA,0.06291861435293841,blend: book price,15.893547724852244,1.0671431695439053,over,-0.4966510851764927,FALSE,NA,price > 6,FALSE,-0.5387411371602528
Cairns Taipans v Tasmania JackJumpers,Taran Armstrong,Tasmania JackJumpers,Player Points,24.5,Pointsbet,4.1,NA,13.541749999999997,29.88892484187663,0.08525,NA,0.12267443054592092,blend: book price,8.151657974280699,1.139827715978067,over,-0.4970348347617243,FALSE,-0.650475,rest,FALSE,-0.3429628594137699
South East Melbourne Phoenix v Melbourne United,Angus Glover,South East Melbourne Phoenix,Player Points,19.5,BetRight,4.33,NA,10.237250000000001,22.489781259576617,0.081,NA,0.11597760959496978,blend: book price,8.622353948251856,1.1311930680192757,over,-0.4978169504537808,FALSE,-0.64927,rest,FALSE,-0.3429628594137699
South East Melbourne Phoenix v Melbourne United,Cole Anthony,Melbourne United,Player PRAs,24.5,BetRight,1.14,NA,16.826749999999997,19.50273010843019,0.176,NA,0.4401135950040955,blend: book price,2.272140673115754,1.7860765881738367,over,-0.49827050169533116,FALSE,-0.7993600000000001,rest,FALSE,-0.3429628594137699
Cairns Taipans v Tasmania JackJumpers,David Johnson,Tasmania JackJumpers,Player Points,29.5,Pointsbet,12,NA,13.310750000000002,24.54132940151298,0.03125,NA,0.04171090742125391,blend: book price,23.974544353605864,1.0435264345011068,over,-0.49946911094495305,FALSE,NA,price > 6,FALSE,-0.5387411371602528
Brisbane Bullets v Illawarra Hawks,William Hickey,Illawarra Hawks,Player Blocks,2.5,Sportsbet,7,NA,0.8927500000000004,33.74068844496633,0.07825,NA,0.07145508392543203,blend: book price,13.994805478691541,1.0769538260222338,over,-0.4998144125219758,FALSE,NA,price > 6,FALSE,-0.5387411371602528
Perth Wildcats v Adelaide 36ers,Zylan Cheatham,Adelaide 36ers,Player Rebounds,11.5,Sportsbet,2.95,NA,7.921000000000002,34.99983282334774,0.1455,NA,0.16951946326708783,blend: book price,5.899027643949306,1.204122138652367,over,-0.4999175833620909,FALSE,-0.570775,rest,FALSE,-0.3429628594137699
Perth Wildcats v Adelaide 36ers,Dylan Windler,Perth Wildcats,Player Rebounds,7.5,Sportsbet,2.3,NA,5.07425,25.848881798879656,0.184,NA,0.21733420731314865,blend: book price,4.601208490659447,1.27768456133371,over,-0.5001313231797582,FALSE,-0.5768,rest,FALSE,-0.3429628594137699
South East Melbourne Phoenix v Melbourne United,Joe Ingles,Melbourne United,Player Assists,5.5,TAB,2.5,NA,3.198000000000003,22.38714552634611,0.1505,NA,0.19926676348512537,blend: book price,5.01839836463569,1.2488553670538487,over,-0.5018330912871866,FALSE,-0.62375,rest,FALSE,-0.3429628594137699
South East Melbourne Phoenix v Melbourne United,Dash Daniels,South East Melbourne Phoenix,Player Points,14.5,BetRight,1.91,NA,9.112000000000002,24.18613403048899,0.15025,NA,0.26074348685361204,blend: book price,3.8351868806656912,1.352710435710398,over,-0.501979940109601,FALSE,-0.7130225,rest,FALSE,-0.3429628594137699
Perth Wildcats v Adelaide 36ers,John Jenkins,Adelaide 36ers,Player Threes,3.5,BetRight,1.82,NA,2.2465000000000015,18.879220038729155,0.21525,NA,0.2735955019953901,blend: book price,3.6550308492164074,1.3766434579451818,over,-0.5020561863683899,FALSE,-0.6082449999999999,rest,TRUE,-0.3429628594137699
Brisbane Bullets v Illawarra Hawks,Nate Hinton,Brisbane Bullets,Player Rebounds,7.5,Sportsbet,2.25,NA,5.138999999999998,28.00915210516743,0.18575,NA,0.22055768024496886,blend: book price,4.5339613605353515,1.2829685720866266,over,-0.5037452194488201,FALSE,-0.5820624999999999,rest,FALSE,-0.3429628594137699
South East Melbourne Phoenix v Melbourne United,Chris Goulding,Melbourne United,Player Assists,3.5,TAB,5,NA,1.4562500000000018,26.822970870898306,0.07625,NA,0.09917121962732983,blend: book price,10.083570654448398,1.1100888668169582,over,-0.5041439018633509,FALSE,-0.61875,rest,FALSE,-0.3429628594137699
Perth Wildcats v Adelaide 36ers,Anthony Dell'Orso,Perth Wildcats,Player Assists,3.5,TAB,4.5,NA,1.439749999999998,20.24341828770149,0.0845,NA,0.11013676874183627,blend: book price,9.079619925513056,1.1237681981602001,over,-0.5043845406617368,FALSE,-0.61975,rest,FALSE,-0.3429628594137699
Perth Wildcats v Adelaide 36ers,Dylan Windler,Perth Wildcats,Player Rebounds,7.5,TAB,2.25,NA,5.07425,25.848881798879656,0.184,NA,0.21915931489652846,blend: book price,4.562890701096275,1.2806709730647385,over,-0.506891541482811,FALSE,-0.5860000000000001,rest,FALSE,-0.3429628594137699
Brisbane Bullets v Illawarra Hawks,Tyrell Harrison,Brisbane Bullets,Player Blocks,1.5,Sportsbet,1.76,NA,1.0830000000000009,27.622759933796313,0.291,NA,0.27963578802994904,blend: book price,3.5760801828873916,1.388186674717226,over,-0.5078410130672897,FALSE,-0.48784000000000005,rest,FALSE,-0.3429628594137699
South East Melbourne Phoenix v Melbourne United,Cole Anthony,Melbourne United,Player Rebounds,4.5,BetRight,3,NA,2.4782499999999983,19.50273010843019,0.13975,NA,0.16397320407796293,blend: book price,6.098557417494499,1.1961339096758496,over,-0.5080803877661112,FALSE,-0.58075,rest,FALSE,-0.3429628594137699
South East Melbourne Phoenix v Melbourne United,D'Shawn Schwartz,South East Melbourne Phoenix,Player Rebounds,7.5,Sportsbet,6,NA,3.670999999999998,20.73353339436755,0.07025,NA,0.08193959988917701,blend: book price,12.204111337527838,1.089252950981532,over,-0.5083624006649379,FALSE,-0.5785,rest,FALSE,-0.3429628594137699
South East Melbourne Phoenix v Melbourne United,D'Shawn Schwartz,South East Melbourne Phoenix,Player Rebounds,7.5,TAB,6,NA,3.670999999999998,20.73353339436755,0.07025,NA,0.08193959988917701,blend: book price,12.204111337527838,1.089252950981532,over,-0.5083624006649379,FALSE,-0.5785,rest,FALSE,-0.3429628594137699
South East Melbourne Phoenix v Melbourne United,Cole Anthony,Melbourne United,Player Threes,2.5,TAB,1.6,NA,1.612749999999998,19.50273010843019,0.22475,NA,0.3072004005203032,blend: book price,3.2552040892730183,1.443418848323549,over,-0.508479359167515,FALSE,-0.6404,rest,FALSE,-0.3429628594137699
South East Melbourne Phoenix v Melbourne United,Luke Travers,Melbourne United,Player Threes,1.5,TAB,2.5,NA,0.7450000000000001,28.261818708693287,0.167,NA,0.19650642134045354,blend: book price,5.0888922264146705,1.2445650177668894,over,-0.5087339466488662,FALSE,-0.5825,rest,FALSE,-0.3429628594137699
South East Melbourne Phoenix v Melbourne United,D'Shawn Schwartz,South East Melbourne Phoenix,Player Points,14.5,BetRight,2.2,NA,8.517749999999998,20.73353339436755,0.1335,NA,0.22316422123746657,blend: book price,4.481005039494709,1.287273356014778,over,-0.5090387132775736,FALSE,-0.7062999999999999,rest,FALSE,-0.3429628594137699
Brisbane Bullets v Illawarra Hawks,Tyrell Harrison,Brisbane Bullets,Player Points,24.5,Sportsbet,3.2,NA,14.150249999999993,27.622759933796313,0.10025,NA,0.15332296526916017,blend: book price,6.522180145971537,1.1810878989033897,over,-0.5093665111386874,FALSE,-0.6792,rest,FALSE,-0.3429628594137699
Brisbane Bullets v Illawarra Hawks,Max Mackinnon,Brisbane Bullets,Player Threes,2.5,Sportsbet,2.7,NA,1.2622499999999994,28.711766117223874,0.15625,NA,0.18155093362804203,blend: book price,5.508096158011394,1.221823129975364,over,-0.5098124792042864,FALSE,-0.578125,rest,FALSE,-0.3429628594137699
Cairns Taipans v Tasmania JackJumpers,David Johnson,Tasmania JackJumpers,Player Points,29.5,Sportsbet,11.5,NA,13.310750000000002,24.54132940151298,0.03125,NA,0.042610089878469086,blend: book price,23.46861982343062,1.0445065165487906,over,-0.5099839663976056,FALSE,NA,price > 6,FALSE,-0.5387411371602528
South East Melbourne Phoenix v Melbourne United,Cole Anthony,Melbourne United,Player Threes,2.5,Sportsbet,1.57,NA,1.612749999999998,19.50273010843019,0.22475,NA,0.3118336787699266,blend: book price,3.2068377089499944,1.4531370820538483,over,-0.5104211243312151,FALSE,-0.6471425,rest,FALSE,-0.3429628594137699
Perth Wildcats v Adelaide 36ers,Jo Lual-Acuil Jr,Perth Wildcats,Player Rebounds,9.5,TAB,3,NA,6.338,31.112404931629083,0.13875,NA,0.16317183212292793,blend: book price,6.128508744368545,1.1949884556788695,over,-0.5104845036312162,FALSE,-0.58375,rest,FALSE,-0.3429628594137699
Cairns Taipans v Tasmania JackJumpers,Jack McVeigh,Cairns Taipans,Player Threes,3.5,BetRight,3.6,NA,1.7632500000000004,28.975523788647227,0.12125,NA,0.1357330267325031,blend: book price,7.367403675236372,1.157049882652976,over,-0.5113611037629888,FALSE,-0.5635,rest,FALSE,-0.3429628594137699
Cairns Taipans v Tasmania JackJumpers,Jack McVeigh,Cairns Taipans,Player Threes,4.5,Sportsbet,8.5,NA,1.7632500000000004,28.975523788647227,0.05375,NA,0.0573863167778275,blend: book price,17.425756803168323,1.0608799954841115,over,-0.5122163073884662,FALSE,NA,price > 6,FALSE,-0.5387411371602528
South East Melbourne Phoenix v Melbourne United,Cole Anthony,Melbourne United,Player Threes,2.5,BetRight,1.53,NA,1.612749999999998,19.50273010843019,0.22475,NA,0.3184709202388231,blend: book price,3.1400041148186917,1.4672888211173947,over,-0.5127394920346007,FALSE,-0.6561325,rest,FALSE,-0.3429628594137699
South East Melbourne Phoenix v Melbourne United,Josh Oduro,Melbourne United,Player Rebounds,5.5,TAB,1.3,NA,4.251250000000001,20.49608489122735,0.276,NA,0.3745618158724956,blend: book price,2.6697862879338707,1.5988790345364265,over,-0.5130696393657557,FALSE,-0.6412,rest,FALSE,-0.3429628594137699
Cairns Taipans v Tasmania JackJumpers,Reyne Smith,Cairns Taipans,Player Threes,5.5,Sportsbet,21,NA,1.6395000000000013,20.32192545736321,0.02175,NA,0.023163724000650327,blend: book price,43.17095126724549,1.0237130055156405,over,-0.5135617959863431,FALSE,NA,price > 6,FALSE,-0.5387411371602528
Cairns Taipans v Tasmania JackJumpers,Jaylon Brown,Cairns Taipans,Player Points,29.5,Pointsbet,21,NA,10.618000000000004,26.27110691744886,0.01725,NA,0.023152208931917592,blend: book price,43.192422932111754,1.023700938000385,over,-0.5138036124297305,FALSE,NA,price > 6,FALSE,-0.5387411371602528
Cairns Taipans v Tasmania JackJumpers,David Johnson,Tasmania JackJumpers,Player PRAs,34.5,BetRight,5.25,NA,19.898749999999993,24.54132940151298,0.0555,NA,0.09252461520294411,blend: book price,10.807934708040593,1.1019582643816128,over,-0.5142457701845434,FALSE,-0.7086250000000001,rest,FALSE,-0.3429628594137699
Brisbane Bullets v Illawarra Hawks,Jaylin Williams,Brisbane Bullets,Player Assists,3.5,Sportsbet,4.5,NA,1.3712499999999974,20.835093245222705,0.08225,NA,0.10788429222556563,blend: book price,9.269189975396875,1.1209308291350515,over,-0.5145206849849546,FALSE,-0.629875,rest,FALSE,-0.3429628594137699
South East Melbourne Phoenix v Melbourne United,Josh Oduro,Melbourne United,Player Rebounds,5.5,Sportsbet,1.28,NA,4.251250000000001,20.49608489122735,0.276,NA,0.3789803998383664,blend: book price,2.6386588869147216,1.6102551348455487,over,-0.5149050882068911,FALSE,-0.64672,rest,FALSE,-0.3429628594137699
Cairns Taipans v Tasmania JackJumpers,Jack McVeigh,Cairns Taipans,Player Points,34.5,Pointsbet,13,NA,15.347999999999994,28.975523788647227,0.02725,NA,0.03730473816694861,blend: book price,26.806246314469075,1.0387503082708824,over,-0.515038403829668,FALSE,NA,price > 6,FALSE,-0.5387411371602528
Brisbane Bullets v Illawarra Hawks,Arnas Velicka,Brisbane Bullets,Player Steals,1.5,Sportsbet,2.12,NA,1.0009999999999997,31.485242480604562,0.26225,NA,0.22857747419837043,blend: book price,4.374884285982407,1.2963064553512258,over,-0.5154157546994547,FALSE,-0.44403000000000004,rest,FALSE,-0.3429628594137699
Cairns Taipans v Tasmania JackJumpers,Jack McVeigh,Cairns Taipans,Player Rebounds,11.5,Pointsbet,15,NA,5.556999999999999,28.975523788647227,0.027,NA,0.032284821536803204,blend: book price,30.97430781396906,1.0333619046753755,over,-0.515727676947952,FALSE,NA,price > 6,FALSE,-0.5387411371602528
Brisbane Bullets v Illawarra Hawks,Jaylin Williams,Brisbane Bullets,Player Steals,1.5,Sportsbet,4.5,NA,0.6067500000000001,20.835093245222705,0.12975,NA,0.10755145245710028,blend: book price,9.29787536248175,1.120512776622487,over,-0.5160184639430487,FALSE,-0.41612499999999997,rest,FALSE,-0.3429628594137699
Cairns Taipans v Tasmania JackJumpers,Jack McVeigh,Cairns Taipans,Player PRAs,34.5,BetRight,2.63,NA,23.03225000000001,28.975523788647227,0.11125,NA,0.18397156425712355,blend: book price,5.43562264112933,1.2254474920223142,over,-0.5161547860037651,FALSE,-0.7074125,rest,FALSE,-0.3429628594137699
Perth Wildcats v Adelaide 36ers,Flynn Cameron,Adelaide 36ers,Player Threes,3.5,BetRight,4.6,NA,1.5425000000000004,21.472414740279152,0.09525,NA,0.10516591892825931,blend: book price,9.508783931058185,1.1175256074313826,over,-0.5162367729300072,FALSE,-0.56185,rest,FALSE,-0.3429628594137699
Cairns Taipans v Tasmania JackJumpers,Taran Armstrong,Tasmania JackJumpers,Player Points,24.5,TAB,3.75,NA,13.541749999999997,29.88892484187663,0.08525,NA,0.12898080500356407,blend: book price,7.753091632296507,1.148080324457249,over,-0.5163219812366348,FALSE,-0.6803125,rest,FALSE,-0.3429628594137699
Cairns Taipans v Tasmania JackJumpers,Reyne Smith,Cairns Taipans,Player Threes,3.5,BetRight,3.9,NA,1.6395000000000013,20.32192545736321,0.11075,NA,0.1240031931443721,blend: book price,8.064308463700115,1.1415566725516717,over,-0.5163875467369489,FALSE,-0.568075,rest,FALSE,-0.3429628594137699
Perth Wildcats v Adelaide 36ers,Kristian Doolittle,Perth Wildcats,Player Threes,2.5,BetRight,2.5,NA,1.3304999999999996,33.94564352393243,0.162,NA,0.19329101546703303,blend: book price,5.17354620743123,1.2396043916368877,over,-0.5167724613324174,FALSE,-0.595,rest,FALSE,-0.3429628594137699
Cairns Taipans v Tasmania JackJumpers,Jack McVeigh,Cairns Taipans,Player Points,24.5,TAB,2.25,NA,15.347999999999994,28.975523788647227,0.127,NA,0.21463710638664102,blend: book price,4.659026655897183,1.2732967245232607,over,-0.5170665106300577,FALSE,-0.71425,rest,FALSE,-0.3429628594137699
Perth Wildcats v Adelaide 36ers,Flynn Cameron,Adelaide 36ers,Player Points,14.5,TAB,2.25,NA,8.573500000000003,21.472414740279152,0.127,NA,0.21463710638664102,blend: book price,4.659026655897183,1.2732967245232607,over,-0.5170665106300577,FALSE,-0.71425,rest,FALSE,-0.3429628594137699
South East Melbourne Phoenix v Melbourne United,Luke Travers,Melbourne United,Player Threes,1.5,BetRight,2.4,NA,0.7450000000000001,28.261818708693287,0.167,NA,0.20115146039076023,blend: book price,4.971378274149156,1.2518017501654999,over,-0.5172364950621755,FALSE,-0.5992,rest,FALSE,-0.3429628594137699
South East Melbourne Phoenix v Melbourne United,Angus Glover,South East Melbourne Phoenix,Player Points,24.5,Sportsbet,12.5,NA,10.237250000000001,22.489781259576617,0.028,NA,0.0385871428631566,blend: book price,25.915367809074308,1.040135871469487,over,-0.5176607142105425,FALSE,NA,price > 6,FALSE,-0.5387411371602528
Brisbane Bullets v Illawarra Hawks,Max Mackinnon,Brisbane Bullets,Player Threes,5.5,Sportsbet,26,NA,1.2622499999999994,28.711766117223874,0.01725,NA,0.018538500778705766,blend: book price,53.94179453543779,1.0188886683720293,over,-0.5179989797536501,FALSE,NA,price > 6,FALSE,-0.5387411371602528
Cairns Taipans v Tasmania JackJumpers,David Johnson,Tasmania JackJumpers,Player Points,24.5,TAB,4,NA,13.310750000000002,24.54132940151298,0.08,NA,0.12043956575261051,blend: book price,8.30291934175564,1.136931541100603,over,-0.518241736989558,FALSE,-0.6799999999999999,rest,FALSE,-0.3429628594137699
Brisbane Bullets v Illawarra Hawks,Milton Doyle,Illawarra Hawks,Player Threes,5.5,Sportsbet,23,NA,1.6582499999999993,27.119966222884155,0.0195,NA,0.020942372025183665,blend: book price,47.75008288447354,1.0213903364079835,over,-0.5183254434207757,FALSE,NA,price > 6,FALSE,-0.5387411371602528
Cairns Taipans v Tasmania JackJumpers,Taran Armstrong,Tasmania JackJumpers,Player Points,29.5,Pointsbet,9.5,NA,13.541749999999997,29.88892484187663,0.03625,NA,0.05070082975704823,blend: book price,19.72354308187597,1.0534086949049712,over,-0.5183421173080418,FALSE,NA,price > 6,FALSE,-0.5387411371602528
Cairns Taipans v Tasmania JackJumpers,Jack McVeigh,Cairns Taipans,Player PRAs,39.5,BetRight,5,NA,23.03225000000001,28.975523788647227,0.0575,NA,0.09632367194266246,blend: book price,10.381664027460031,1.1065908987012336,over,-0.5183816402866877,FALSE,-0.7124999999999999,rest,FALSE,-0.3429628594137699
Perth Wildcats v Adelaide 36ers,Jo Lual-Acuil Jr,Perth Wildcats,Player Rebounds,11.5,Sportsbet,7,NA,6.338,31.112404931629083,0.05825,NA,0.0687202176995572,blend: book price,14.551758324922236,1.0737911624472345,over,-0.5189584761030996,FALSE,NA,price > 6,FALSE,-0.5387411371602528
South East Melbourne Phoenix v Melbourne United,Skylar Mays,South East Melbourne Phoenix,Player Steals,1.5,Sportsbet,2.85,NA,0.8187500000000001,26.884292778390584,0.197,NA,0.16801943639415995,blend: book price,5.951692384291072,1.2019511557649332,over,-0.521144606276644,FALSE,-0.43855,rest,FALSE,-0.3429628594137699
South East Melbourne Phoenix v Melbourne United,Skylar Mays,South East Melbourne Phoenix,Player Assists,5.5,Sportsbet,2,NA,3.4407500000000004,26.884292778390584,0.1755,NA,0.23905962236971323,blend: book price,4.183056888015445,1.314163408063836,over,-0.5218807552605735,FALSE,-0.649,rest,FALSE,-0.3429628594137699
South East Melbourne Phoenix v Melbourne United,Skylar Mays,South East Melbourne Phoenix,Player Assists,5.5,TAB,2,NA,3.4407500000000004,26.884292778390584,0.1755,NA,0.23905962236971323,blend: book price,4.183056888015445,1.314163408063836,over,-0.5218807552605735,FALSE,-0.649,rest,FALSE,-0.3429628594137699
Cairns Taipans v Tasmania JackJumpers,David Johnson,Tasmania JackJumpers,Player Threes,6.5,Sportsbet,26,NA,2.0229999999999992,24.54132940151298,0.017,NA,0.01838689462250626,blend: book price,54.386562849822496,1.018731305156562,over,-0.5219407398148372,FALSE,NA,price > 6,FALSE,-0.5387411371602528
South East Melbourne Phoenix v Melbourne United,Dash Daniels,South East Melbourne Phoenix,Player Rebounds,7.5,TAB,3,NA,4.661999999999999,24.18613403048899,0.134,NA,0.15934209700645463,blend: book price,6.2758054449320575,1.189544517976985,over,-0.5219737089806361,FALSE,-0.598,rest,FALSE,-0.3429628594137699
Cairns Taipans v Tasmania JackJumpers,Reyne Smith,Cairns Taipans,Player Threes,4.5,Pointsbet,8,NA,1.6395000000000013,20.32192545736321,0.05475,NA,0.05959653940532304,blend: book price,16.779497769138622,1.0633733731345867,over,-0.5232276847574157,FALSE,NA,price > 6,FALSE,-0.5387411371602528
Perth Wildcats v Adelaide 36ers,Flynn Cameron,Adelaide 36ers,Player Assists,3.5,TAB,1.3,NA,2.4804999999999975,21.472414740279152,0.2475,NA,0.3653077122937869,blend: book price,2.7374182541095173,1.5755666476018073,over,-0.5250999740180771,FALSE,-0.67825,rest,FALSE,-0.3429628594137699
Cairns Taipans v Tasmania JackJumpers,Reyne Smith,Cairns Taipans,Player Points,19.5,Pointsbet,9,NA,8.256249999999998,20.32192545736321,0.03675,NA,0.05248837635698678,blend: book price,19.051837176268247,1.0553960236975017,over,-0.527604612787119,FALSE,NA,price > 6,FALSE,-0.5387411371602528
South East Melbourne Phoenix v Melbourne United,Joe Ingles,Melbourne United,Player Threes,2.5,Sportsbet,2.55,NA,1.2334999999999998,22.38714552634611,0.15225,NA,0.18480852509714346,blend: book price,5.411005793560422,1.2267056646037255,over,-0.5287382610022842,FALSE,-0.6117625,rest,FALSE,-0.3429628594137699
Cairns Taipans v Tasmania JackJumpers,David Johnson,Tasmania JackJumpers,Player Points,24.5,BetRight,3.8,NA,13.310750000000002,24.54132940151298,0.08,NA,0.12398200566218773,blend: book price,8.065686586202581,1.1415290627173778,over,-0.5288683784836867,FALSE,-0.696,rest,FALSE,-0.3429628594137699
South East Melbourne Phoenix v Melbourne United,Jordan Hunter,South East Melbourne Phoenix,Player Blocks,1.5,Sportsbet,3.5,NA,0.6505000000000001,16.24806469641585,0.14475,NA,0.1345120918410726,blend: book price,7.434275880427985,1.155417644282527,over,-0.5292076785562458,FALSE,-0.493375,rest,FALSE,-0.3429628594137699
Cairns Taipans v Tasmania JackJumpers,Jack McVeigh,Cairns Taipans,Player Threes,5.5,Sportsbet,20,NA,1.7632500000000004,28.975523788647227,0.0215,NA,0.023506129448666657,blend: book price,42.54209533661541,1.0240719682504458,over,-0.5298774110266669,FALSE,NA,price > 6,FALSE,-0.5387411371602528
Cairns Taipans v Tasmania JackJumpers,Taran Armstrong,Tasmania JackJumpers,Player PRAs,34.5,BetRight,3.4,NA,21.751749999999994,29.88892484187663,0.08175,NA,0.1382581045539804,blend: book price,7.232849048712135,1.1604402725277978,over,-0.5299224445164666,FALSE,-0.72205,rest,FALSE,-0.3429628594137699
Perth Wildcats v Adelaide 36ers,Flynn Cameron,Adelaide 36ers,Player Points,14.5,BetRight,2.05,NA,8.573500000000003,21.472414740279152,0.127,NA,0.22903969834432455,blend: book price,4.366055348608868,1.2970836473064185,over,-0.5304686183941347,FALSE,-0.73965,rest,FALSE,-0.3429628594137699
Perth Wildcats v Adelaide 36ers,Jo Lual-Acuil Jr,Perth Wildcats,Player Rebounds,11.5,BetRight,6.75,NA,6.338,31.112404931629083,0.05825,NA,0.06946682915578674,blend: book price,14.395359801976765,1.0746527166707704,over,-0.5310989031984394,FALSE,NA,price > 6,FALSE,-0.5387411371602528
Perth Wildcats v Adelaide 36ers,Isaac White,Adelaide 36ers,Player Threes,1.5,Sportsbet,1.88,NA,0.7679999999999996,15.999257515431703,0.188,NA,0.24940832466090357,blend: book price,4.009489263678763,1.332282295228265,over,-0.5311123496375013,FALSE,-0.64656,rest,FALSE,-0.3429628594137699
Cairns Taipans v Tasmania JackJumpers,Taran Armstrong,Tasmania JackJumpers,Player Threes,2.5,Sportsbet,4,NA,1.0359999999999996,29.88892484187663,0.10225,NA,0.11714791998763238,blend: book price,8.536216435644548,1.1326925796969196,over,-0.5314083200494705,FALSE,-0.591,rest,FALSE,-0.3429628594137699
Cairns Taipans v Tasmania JackJumpers,Taran Armstrong,Tasmania JackJumpers,Player Threes,2.5,TAB,4,NA,1.0359999999999996,29.88892484187663,0.10225,NA,0.11714791998763238,blend: book price,8.536216435644548,1.1326925796969196,over,-0.5314083200494705,FALSE,-0.591,rest,FALSE,-0.3429628594137699
Brisbane Bullets v Illawarra Hawks,Jaylin Williams,Brisbane Bullets,Player Threes,2.5,Sportsbet,3.7,NA,1.001,20.835093245222705,0.109,NA,0.12620586324200517,blend: book price,7.9235621413440755,1.144434321464163,over,-0.5330383060045809,FALSE,-0.5967,rest,FALSE,-0.3429628594137699
Cairns Taipans v Tasmania JackJumpers,David Johnson,Tasmania JackJumpers,Player Steals,2.5,Sportsbet,7.75,NA,0.9017499999999993,24.54132940151298,0.07525,NA,0.060177969607080974,blend: book price,16.617376866140276,1.064031239597482,over,-0.5336207355451225,FALSE,NA,price > 6,FALSE,-0.5387411371602528
Cairns Taipans v Tasmania JackJumpers,David Johnson,Tasmania JackJumpers,Player Threes,5.5,Pointsbet,10,NA,2.0229999999999992,24.54132940151298,0.04225,NA,0.04660545666303673,blend: book price,21.456714977177988,1.0488837040118917,over,-0.5339454333696327,FALSE,NA,price > 6,FALSE,-0.5387411371602528
Perth Wildcats v Adelaide 36ers,Anthony Dell'Orso,Perth Wildcats,Player Points,11.5,BetRight,2.63,NA,6.054999999999999,20.24341828770149,0.10525,NA,0.17703596210170297,blend: book price,5.648569861899153,1.215119924989458,over,-0.5343954196725211,FALSE,-0.7231925,rest,FALSE,-0.3429628594137699
Perth Wildcats v Adelaide 36ers,Anthony Dell'Orso,Perth Wildcats,Player Threes,1.5,Sportsbet,1.78,NA,0.7895000000000004,20.24341828770149,0.19125,NA,0.26136760827205463,blend: book price,3.826028812870764,1.3538534339938915,over,-0.5347656572757428,FALSE,-0.659575,rest,FALSE,-0.3429628594137699
Brisbane Bullets v Illawarra Hawks,Tyrell Harrison,Brisbane Bullets,Player Rebounds,11.5,Sportsbet,3.8,NA,7.151750000000002,27.622759933796313,0.102,NA,0.12218041741258187,blend: book price,8.184617643129956,1.1391862517494187,over,-0.535714413832189,FALSE,-0.61240000000000006,rest,FALSE,-0.3429628594137699
Perth Wildcats v Adelaide 36ers,Anthony Dell'Orso,Perth Wildcats,Player Threes,1.5,TAB,1.75,NA,0.7895000000000004,20.24341828770149,0.19125,NA,0.26458055404465264,blend: book price,3.7795672611345137,1.3597682322649887,over,-0.5369840304218578,FALSE,-0.6653125,rest,FALSE,-0.3429628594137699
Cairns Taipans v Tasmania JackJumpers,Taran Armstrong,Tasmania JackJumpers,Player Threes,2.5,BetRight,3.9,NA,1.0359999999999996,29.88892484187663,0.10225,NA,0.11863803587804367,blend: book price,8.428999962777283,1.1346076194656698,over,-0.5373116600756297,FALSE,-0.601225,rest,FALSE,-0.3429628594137699
Cairns Taipans v Tasmania JackJumpers,Taran Armstrong,Tasmania JackJumpers,Player Threes,2.5,Pointsbet,3.9,NA,1.0359999999999996,29.88892484187663,0.10225,NA,0.11863803587804367,blend: book price,8.428999962777283,1.1346076194656698,over,-0.5373116600756297,FALSE,-0.601225,rest,FALSE,-0.3429628594137699
Perth Wildcats v Adelaide 36ers,Isaac White,Adelaide 36ers,Player Threes,1.5,BetRight,1.8,NA,0.7679999999999996,15.999257515431703,0.188,NA,0.25702556148164707,blend: book price,3.8906636142934956,1.3459413247031888,over,-0.5373539893330352,FALSE,-0.6616,rest,FALSE,-0.3429628594137699
Perth Wildcats v Adelaide 36ers,Isaac White,Adelaide 36ers,Player Threes,1.5,TAB,1.8,NA,0.7679999999999996,15.999257515431703,0.188,NA,0.25702556148164707,blend: book price,3.8906636142934956,1.3459413247031888,over,-0.5373539893330352,FALSE,-0.6616,rest,FALSE,-0.3429628594137699
Cairns Taipans v Tasmania JackJumpers,Jack McVeigh,Cairns Taipans,Player Steals,1.5,Sportsbet,5.3,NA,0.5362500000000002,28.975523788647227,0.1065,NA,0.08696996255078587,blend: book price,11.498222727370415,1.095254218353822,over,-0.5390591984808348,FALSE,-0.43555,rest,FALSE,-0.3429628594137699
Perth Wildcats v Adelaide 36ers,Zylan Cheatham,Adelaide 36ers,Player Rebounds,11.5,BetRight,2.6,NA,7.921000000000002,34.99983282334774,0.1455,NA,0.1772515381965366,blend: book price,5.641699982830047,1.2154383100370696,over,-0.5391460006890048,FALSE,-0.6217,rest,FALSE,-0.3429628594137699
Perth Wildcats v Adelaide 36ers,John Jenkins,Adelaide 36ers,Player Points,17.5,BetRight,3.5,NA,8.900500000000003,18.879220038729155,0.082,NA,0.1316096372938814,blend: book price,7.598227763267991,1.1515558473999565,over,-0.5393662694714152,FALSE,-0.713,rest,TRUE,-0.3429628594137699
Cairns Taipans v Tasmania JackJumpers,Taran Armstrong,Tasmania JackJumpers,Player PRAs,39.5,BetRight,7,NA,21.751749999999994,29.88892484187663,0.037,NA,0.0657396194927896,blend: book price,15.211527047394627,1.0703654151074025,over,-0.5398226635504728,FALSE,NA,price > 6,FALSE,-0.5387411371602528
Brisbane Bullets v Illawarra Hawks,Kelan Martin,Illawarra Hawks,Player Points,24.5,Sportsbet,7.25,NA,10.781500000000003,25.31577048270224,0.04275,NA,0.06345662527658312,blend: book price,15.758795801720987,1.0677562054136824,over,-0.5399394667447723,FALSE,NA,price > 6,FALSE,-0.5387411371602528
Perth Wildcats v Adelaide 36ers,John Jenkins,Adelaide 36ers,Player Points,19.5,TAB,5.5,NA,8.900500000000003,18.879220038729155,0.055,NA,0.0835856637857172,blend: book price,11.963774105612549,1.0912094676857746,over,-0.5402788491785554,FALSE,-0.6975,rest,TRUE,-0.3429628594137699
Perth Wildcats v Adelaide 36ers,Elijah Pepper,Perth Wildcats,Player Assists,5.5,TAB,7,NA,2.372,32.473449223538,0.0495,NA,0.06551396592437614,blend: book price,15.263920995934159,1.0701069502758074,over,-0.5414022385293671,FALSE,NA,price > 6,FALSE,-0.5387411371602528
South East Melbourne Phoenix v Melbourne United,Nathan Sobey,South East Melbourne Phoenix,Player Steals,2.5,Sportsbet,4.6,NA,1.139,28.095023263042446,0.121,NA,0.09960160080069233,blend: book price,10.039999276728985,1.110619477876976,over,-0.5418326363168153,FALSE,-0.4434,rest,TRUE,-0.3429628594137699
Perth Wildcats v Adelaide 36ers,Anthony Dell'Orso,Perth Wildcats,Player Threes,1.5,BetRight,1.68,NA,0.7895000000000004,20.24341828770149,0.19125,NA,0.2727167397660765,blend: book price,3.666808281947608,1.3749800864086434,over,-0.5418358771929914,FALSE,-0.6787000000000001,rest,FALSE,-0.3429628594137699
Cairns Taipans v Tasmania JackJumpers,Taran Armstrong,Tasmania JackJumpers,Player Steals,2.5,Sportsbet,7.25,NA,0.9437499999999994,29.88892484187663,0.07875,NA,0.06309905728007202,blend: book price,15.848097310889944,1.0673486965408407,over,-0.5425318347194779,FALSE,NA,price > 6,FALSE,-0.5387411371602528
South East Melbourne Phoenix v Melbourne United,Luke Travers,Melbourne United,Player Rebounds,9.5,BetRight,3,NA,6.023999999999999,28.261818708693287,0.1255,NA,0.15238754820938943,blend: book price,6.562215953667955,1.1797844615041526,over,-0.5428373553718318,FALSE,-0.6234999999999999,rest,FALSE,-0.3429628594137699
Perth Wildcats v Adelaide 36ers,Matt Kenyon,Adelaide 36ers,Player Points,9.5,Sportsbet,4.75,NA,4.143499999999999,17.35960324566636,0.062,NA,0.09620968417440313,blend: book price,10.393964064857132,1.1064513333344552,over,-0.5430040001715851,FALSE,-0.7055,rest,FALSE,-0.3429628594137699
Cairns Taipans v Tasmania JackJumpers,Jack McVeigh,Cairns Taipans,Player Threes,4.5,Pointsbet,7.5,NA,1.7632500000000004,28.975523788647227,0.05375,NA,0.06074701538340017,blend: book price,16.461714105435075,1.0646758821939724,over,-0.5443973846244987,FALSE,NA,price > 6,FALSE,-0.5387411371602528
South East Melbourne Phoenix v Melbourne United,Joe Ingles,Melbourne United,Player Assists,6.5,BetRight,3.6,NA,3.198000000000003,22.38714552634611,0.09375,NA,0.126234949214415,blend: book price,7.921736462233299,1.1444724175004708,over,-0.545554182828106,FALSE,-0.6625,rest,FALSE,-0.3429628594137699
Cairns Taipans v Tasmania JackJumpers,Nick Marshall,Tasmania JackJumpers,Player Steals,1.5,Sportsbet,2.55,NA,0.8482499999999998,27.94522393186349,0.2085,NA,0.17809069619142395,blend: book price,5.615116462485678,1.216679255686953,over,-0.545868724711869,FALSE,-0.4683250000000001,rest,FALSE,-0.3429628594137699
Brisbane Bullets v Illawarra Hawks,Jaylin Williams,Brisbane Bullets,Player Blocks,1.5,Sportsbet,4.7,NA,0.5054999999999998,20.835093245222705,0.1025,NA,0.09607197303167679,blend: book price,10.408862943517155,1.1062827682795628,over,-0.548461726751119,FALSE,-0.51825,rest,FALSE,-0.3429628594137699
Brisbane Bullets v Illawarra Hawks,Max Mackinnon,Brisbane Bullets,Player Threes,3.5,Sportsbet,5.4,NA,1.2622499999999994,28.711766117223874,0.07175,NA,0.08317758054870182,blend: book price,12.022470398913368,1.0907237637125868,over,-0.5508410650370101,FALSE,-0.6125499999999999,rest,FALSE,-0.3429628594137699
Perth Wildcats v Adelaide 36ers,John Jenkins,Adelaide 36ers,Player Threes,4.5,BetRight,2.8,NA,2.2465000000000015,18.879220038729155,0.12875,NA,0.16014702010882223,blend: book price,6.244262299232827,1.1906845887831141,over,-0.5515883436952977,FALSE,-0.6395,rest,TRUE,-0.3429628594137699
South East Melbourne Phoenix v Melbourne United,Joe Ingles,Melbourne United,Player Threes,2.5,TAB,2.25,NA,1.2334999999999998,22.38714552634611,0.15225,NA,0.19890014826777455,blend: book price,5.027648338671542,1.2482838410688644,over,-0.5524746663975073,FALSE,-0.6574375,rest,FALSE,-0.3429628594137699
Perth Wildcats v Adelaide 36ers,Bryce Cotton,Adelaide 36ers,Player Assists,9.5,BetRight,3.9,NA,5.391500000000002,36.060843575363826,0.085,NA,0.11473739250537923,blend: book price,8.71555452119166,1.1296083123064433,over,-0.552524169229021,FALSE,-0.6685,rest,FALSE,-0.3429628594137699
Perth Wildcats v Adelaide 36ers,Bryce Cotton,Adelaide 36ers,Player Assists,9.5,Sportsbet,3.9,NA,5.391500000000002,36.060843575363826,0.085,NA,0.11473739250537923,blend: book price,8.71555452119166,1.1296083123064433,over,-0.552524169229021,FALSE,-0.6685,rest,FALSE,-0.3429628594137699
South East Melbourne Phoenix v Melbourne United,Luke Travers,Melbourne United,Player Rebounds,9.5,Sportsbet,2.9,NA,6.023999999999999,28.261818708693287,0.1255,NA,0.1542033772784706,blend: book price,6.484942273307894,1.18231732444413,over,-0.5528102058924352,FALSE,-0.63605,rest,FALSE,-0.3429628594137699
Cairns Taipans v Tasmania JackJumpers,Reyne Smith,Cairns Taipans,Player Points,19.5,Sportsbet,8,NA,8.256249999999998,20.32192545736321,0.03675,NA,0.05575957894659744,blend: book price,17.934138293220055,1.059052310940461,over,-0.5539233684272205,FALSE,NA,price > 6,FALSE,-0.5387411371602528
Perth Wildcats v Adelaide 36ers,Jo Lual-Acuil Jr,Perth Wildcats,Player Blocks,1.5,Sportsbet,2.12,NA,0.8669999999999998,31.112404931629083,0.21725,NA,0.2101858670534839,blend: book price,4.757693816518786,1.2661206710360513,over,-0.5544059618466142,FALSE,-0.53943,rest,FALSE,-0.3429628594137699
Cairns Taipans v Tasmania JackJumpers,Jaylon Brown,Cairns Taipans,Player Assists,11.5,Pointsbet,21,NA,3.9592500000000004,26.27110691744886,0.016,NA,0.021097035990351894,blend: book price,47.40002341832855,1.021551713260666,over,-0.5569622442026102,FALSE,NA,price > 6,FALSE,-0.5387411371602528
Perth Wildcats v Adelaide 36ers,Zylan Cheatham,Adelaide 36ers,Player Rebounds,13.5,Sportsbet,6,NA,7.921000000000002,34.99983282334774,0.06,NA,0.07346095221098159,blend: book price,13.61267407925746,1.0792853278944692,over,-0.5592342867341105,FALSE,-0.64,rest,FALSE,-0.3429628594137699
South East Melbourne Phoenix v Melbourne United,Joe Ingles,Melbourne United,Player Threes,2.5,BetRight,2.15,NA,1.2334999999999998,22.38714552634611,0.15225,NA,0.20457528214228,blend: book price,4.888176076445591,1.257189998688063,over,-0.5601631433940981,FALSE,-0.6726624999999999,rest,FALSE,-0.3429628594137699
South East Melbourne Phoenix v Melbourne United,Cole Anthony,Melbourne United,Player Assists,2.5,BetRight,1.18,NA,1.5650000000000013,19.50273010843019,0.22875,NA,0.37229358313790567,blend: book price,2.686052205282244,1.5931014454161583,over,-0.5606935718972713,FALSE,-0.730075,rest,FALSE,-0.3429628594137699
South East Melbourne Phoenix v Melbourne United,Dash Daniels,South East Melbourne Phoenix,Player Rebounds,9.5,TAB,7,NA,4.661999999999999,24.18613403048899,0.05075,NA,0.06245314014295759,blend: book price,16.01200512433742,1.0666133532274646,over,-0.5628280189992969,FALSE,NA,price > 6,FALSE,-0.5387411371602528
Brisbane Bullets v Illawarra Hawks,Kelan Martin,Illawarra Hawks,Player Steals,2.5,Sportsbet,8.5,NA,0.8692499999999996,25.31577048270224,0.065,NA,0.05139801964502369,blend: book price,19.456002525124898,1.0541829141298966,over,-0.5631168330172986,FALSE,NA,price > 6,FALSE,-0.5387411371602528
Cairns Taipans v Tasmania JackJumpers,Nick Marshall,Tasmania JackJumpers,Player Points,24.5,Pointsbet,19,NA,9.486749999999988,27.94522393186349,0.0155,NA,0.022993155699506055,blend: book price,43.49120290702343,1.0235342831359266,over,-0.563130041709385,FALSE,NA,price > 6,FALSE,-0.5387411371602528
Brisbane Bullets v Illawarra Hawks,Milton Doyle,Illawarra Hawks,Player Blocks,0.5,Sportsbet,1.61,NA,0.3337500000000006,27.119966222884155,0.26875,NA,0.27108915483052753,blend: book price,3.6888233342464547,1.3719098935446612,over,-0.5635464607228506,FALSE,-0.5673125,rest,FALSE,-0.3429628594137699
Perth Wildcats v Adelaide 36ers,Bryce Cotton,Adelaide 36ers,Player Assists,9.5,TAB,3.75,NA,5.391500000000002,36.060843575363826,0.085,NA,0.1159196250388711,blend: book price,8.626666965707248,1.1311188759777275,over,-0.5653014061042334,FALSE,-0.6812499999999999,rest,FALSE,-0.3429628594137699
South East Melbourne Phoenix v Melbourne United,Luke Travers,Melbourne United,Player Rebounds,9.5,TAB,2.75,NA,6.023999999999999,28.261818708693287,0.1255,NA,0.15715155509258938,blend: book price,6.363284152109265,1.1864529216873063,over,-0.5678332234953792,FALSE,-0.654875,rest,FALSE,-0.3429628594137699
South East Melbourne Phoenix v Melbourne United,D'Shawn Schwartz,South East Melbourne Phoenix,Player Points,19.5,TAB,6,NA,8.517749999999998,20.73353339436755,0.04475,NA,0.0717738959109744,blend: book price,13.93264204635571,1.0773237205835902,over,-0.5693566245341536,FALSE,-0.7315,rest,FALSE,-0.3429628594137699
Cairns Taipans v Tasmania JackJumpers,Nick Marshall,Tasmania JackJumpers,Player Rebounds,6.5,BetRight,3.1,NA,3.7020000000000013,27.94522393186349,0.11125,NA,0.13880313441995584,blend: book price,7.2044482581672105,1.1611746860300838,over,-0.5697102832981369,FALSE,-0.655125,rest,FALSE,-0.3429628594137699
South East Melbourne Phoenix v Melbourne United,Luke Travers,Melbourne United,Player Steals,2.5,Sportsbet,5.7,NA,1.0355,28.261818708693287,0.09325,NA,0.07529034408311104,blend: book price,13.281915658349577,1.0814205232976155,over,-0.5708450387262671,FALSE,-0.468475,rest,FALSE,-0.3429628594137699
South East Melbourne Phoenix v Melbourne United,Joe Ingles,Melbourne United,Player Threes,3.5,Sportsbet,5,NA,1.2334999999999998,22.38714552634611,0.071,NA,0.085800408291972,blend: book price,11.654956193181263,1.0938530372034714,over,-0.57099795854014,FALSE,-0.645,rest,FALSE,-0.3429628594137699
South East Melbourne Phoenix v Melbourne United,D'Shawn Schwartz,South East Melbourne Phoenix,Player Points,17.5,BetRight,3.5,NA,8.517749999999998,20.73353339436755,0.07075,NA,0.12225505538502837,blend: book price,8.179620849629604,1.1392831210650336,over,-0.5721073061524007,FALSE,-0.752375,rest,FALSE,-0.3429628594137699
South East Melbourne Phoenix v Melbourne United,D'Shawn Schwartz,South East Melbourne Phoenix,Player Threes,2.5,Sportsbet,2.9,NA,1.0577500000000006,20.73353339436755,0.11425,NA,0.14721888575506675,blend: book price,6.792606769648666,1.1726338485877665,over,-0.5730652313103064,FALSE,-0.668675,rest,FALSE,-0.3429628594137699
Perth Wildcats v Adelaide 36ers,Matt Kenyon,Adelaide 36ers,Player Threes,1.5,Sportsbet,3.5,NA,0.5059999999999998,17.35960324566636,0.097,NA,0.12178522169546577,blend: book price,8.211176907002596,1.1386736191465396,over,-0.5737517240658698,FALSE,-0.6605,rest,FALSE,-0.3429628594137699
Cairns Taipans v Tasmania JackJumpers,Malique Lewis,Cairns Taipans,Player Points,24.5,Pointsbet,19,NA,9.546000000000006,27.57509697673598,0.01475,NA,0.022402673730567597,blend: book price,44.63752907473442,1.0229160546255354,over,-0.5743491991192157,FALSE,NA,price > 6,FALSE,-0.5387411371602528
Brisbane Bullets v Illawarra Hawks,Tyrell Harrison,Brisbane Bullets,Player Rebounds,13.5,Sportsbet,7.75,NA,7.151750000000002,27.622759933796313,0.044,NA,0.05488081449592031,blend: book price,18.22130391440049,1.0580676123579584,over,-0.5746736876566176,FALSE,NA,price > 6,FALSE,-0.5387411371602528
South East Melbourne Phoenix v Melbourne United,Luke Travers,Melbourne United,Player Blocks,1.5,Sportsbet,2.12,NA,0.8367499999999999,28.261818708693287,0.2045,NA,0.20051818063730464,blend: book price,4.987078961227912,1.2508101820215838,over,-0.5749014570489142,FALSE,-0.56646,rest,FALSE,-0.3429628594137699
South East Melbourne Phoenix v Melbourne United,D'Shawn Schwartz,South East Melbourne Phoenix,Player Points,19.5,Sportsbet,5.75,NA,8.517749999999998,20.73353339436755,0.04475,NA,0.07342690163136832,blend: book price,13.618986744400438,1.0792456653022273,over,-0.5777953156196322,FALSE,-0.7426875,rest,FALSE,-0.3429628594137699
Perth Wildcats v Adelaide 36ers,Bryce Cotton,Adelaide 36ers,Player Rebounds,7.5,TAB,8.5,NA,3.492250000000001,36.060843575363826,0.0395,NA,0.04955138329376345,blend: book price,20.181071314831694,1.0521347313497944,over,-0.5788132420030108,FALSE,NA,price > 6,FALSE,-0.5387411371602528
Brisbane Bullets v Illawarra Hawks,Tyrell Harrison,Brisbane Bullets,Player Points,29.5,Sportsbet,6.5,NA,14.150249999999993,27.622759933796313,0.0395,NA,0.06451063681536916,blend: book price,15.50131961744575,1.068959241391863,over,-0.5806808607001005,FALSE,NA,price > 6,FALSE,-0.5387411371602528
Cairns Taipans v Tasmania JackJumpers,Reyne Smith,Cairns Taipans,Player Assists,3.5,TAB,3.6,NA,1.4437500000000014,20.32192545736321,0.08425,NA,0.11639302153692972,blend: book price,8.591580378233546,1.131724878111965,over,-0.580985122467053,FALSE,-0.6967,rest,FALSE,-0.3429628594137699
Brisbane Bullets v Illawarra Hawks,Kelan Martin,Illawarra Hawks,Player Threes,2.5,Sportsbet,2.35,NA,1.1047499999999997,25.31577048270224,0.13,NA,0.17809748870308975,blend: book price,5.614902305933814,1.2166893107822034,over,-0.5814709015477391,FALSE,-0.6944999999999999,rest,FALSE,-0.3429628594137699
South East Melbourne Phoenix v Melbourne United,D'Shawn Schwartz,South East Melbourne Phoenix,Player Threes,2.5,TAB,2.75,NA,1.0577500000000006,20.73353339436755,0.11425,NA,0.151636468191151,blend: book price,6.594719673498414,1.1787399652456034,over,-0.5829997124743347,FALSE,-0.6858124999999999,rest,FALSE,-0.3429628594137699
South East Melbourne Phoenix v Melbourne United,Dash Daniels,South East Melbourne Phoenix,Player Points,17.5,BetRight,3,NA,9.112000000000002,24.18613403048899,0.0755,NA,0.1385508858087012,blend: book price,7.217564825826603,1.160834672096411,over,-0.5843473425738964,FALSE,-0.7735000000000001,rest,FALSE,-0.3429628594137699
Cairns Taipans v Tasmania JackJumpers,Malique Lewis,Cairns Taipans,Player Steals,1.5,Sportsbet,2.55,NA,0.8005000000000004,27.57509697673598,0.19275,NA,0.16299197438792032,blend: book price,6.135271406799475,1.1947316744886993,over,-0.5843704653108033,FALSE,-0.5084875,rest,FALSE,-0.3429628594137699
Perth Wildcats v Adelaide 36ers,Kristian Doolittle,Perth Wildcats,Player Threes,3.5,Sportsbet,6,NA,1.3304999999999996,33.94564352393243,0.05525,NA,0.06842885626455691,blend: book price,14.613717875596809,1.0734553197839178,over,-0.5894268624126585,FALSE,-0.6685,rest,FALSE,-0.3429628594137699
South East Melbourne Phoenix v Melbourne United,D'Shawn Schwartz,South East Melbourne Phoenix,Player Threes,2.5,BetRight,2.63,NA,1.0577500000000006,20.73353339436755,0.11425,NA,0.15553941413418032,blend: book price,6.429238566742463,1.1841878907524226,over,-0.5909313408271057,FALSE,-0.6995225,rest,FALSE,-0.3429628594137699
South East Melbourne Phoenix v Melbourne United,Joe Ingles,Melbourne United,Player Threes,5.5,Sportsbet,23,NA,1.2334999999999998,22.38714552634611,0.0145,NA,0.017730982757973326,blend: book price,56.39845312862406,1.01805104553512,over,-0.5921873965666136,FALSE,NA,price > 6,FALSE,-0.5387411371602528
Perth Wildcats v Adelaide 36ers,Kristian Doolittle,Perth Wildcats,Player Steals,2.5,Sportsbet,8.25,NA,0.8492499999999997,33.94564352393243,0.06275,NA,0.049377182853820784,blend: book price,20.252269210263794,1.0519419289787864,over,-0.5926382414559785,FALSE,NA,price > 6,FALSE,-0.5387411371602528
Cairns Taipans v Tasmania JackJumpers,Jaylon Brown,Cairns Taipans,Player Rebounds,9.5,Pointsbet,21,NA,3.548250000000001,26.27110691744886,0.01475,NA,0.019248999073442016,blend: book price,51.950753189016844,1.0196267952367692,over,-0.5957710194577177,FALSE,NA,price > 6,FALSE,-0.5387411371602528
Cairns Taipans v Tasmania JackJumpers,Jaylon Brown,Cairns Taipans,Player Steals,1.5,Sportsbet,2.5,NA,0.7932499999999997,26.27110691744886,0.191,NA,0.16115082834038796,blend: book price,6.205366800149285,1.1921094206024676,over,-0.5971229291490301,FALSE,-0.5225,rest,FALSE,-0.3429628594137699
Cairns Taipans v Tasmania JackJumpers,Taran Armstrong,Tasmania JackJumpers,Player Points,34.5,Pointsbet,17,NA,13.541749999999997,29.88892484187663,0.01475,NA,0.023671212510406388,blend: book price,42.245406717563704,1.0242451239927806,over,-0.5975893873230914,FALSE,NA,price > 6,FALSE,-0.5387411371602528
Cairns Taipans v Tasmania JackJumpers,Nick Marshall,Tasmania JackJumpers,Player Rebounds,7.5,TAB,5,NA,3.7020000000000013,27.94522393186349,0.063,NA,0.08036902780412207,blend: book price,12.442604163848188,1.0873926936282043,over,-0.5981548609793896,FALSE,-0.685,rest,FALSE,-0.3429628594137699
South East Melbourne Phoenix v Melbourne United,Josh Oduro,Melbourne United,Player Rebounds,6.5,BetRight,1.5,NA,4.251250000000001,20.49608489122735,0.18625,NA,0.26694328455153354,blend: book price,3.746114091912844,1.3641509298338863,over,-0.5995850731726997,FALSE,-0.7206250000000001,rest,FALSE,-0.3429628594137699
Cairns Taipans v Tasmania JackJumpers,David Johnson,Tasmania JackJumpers,Player Points,34.5,Pointsbet,19,NA,13.310750000000002,24.54132940151298,0.013,NA,0.020966970916431134,blend: book price,47.69406148297428,1.021415999556274,over,-0.6016275525878085,FALSE,NA,price > 6,FALSE,-0.5387411371602528
South East Melbourne Phoenix v Melbourne United,Cole Anthony,Melbourne United,Player Threes,3.5,Sportsbet,2.4,NA,1.612749999999998,19.50273010843019,0.1165,NA,0.16588298205100066,blend: book price,6.028345931787929,1.198872554427541,over,-0.6018808430775984,FALSE,-0.7203999999999999,rest,FALSE,-0.3429628594137699
Brisbane Bullets v Illawarra Hawks,Nate Hinton,Brisbane Bullets,Player Blocks,0.5,Sportsbet,1.72,NA,0.2760000000000002,28.00915210516743,0.22375,NA,0.2298695270093072,blend: book price,4.3502938950212,1.2984812769667993,over,-0.6046244135439915,FALSE,-0.61515,rest,FALSE,-0.3429628594137699
South East Melbourne Phoenix v Melbourne United,Dash Daniels,South East Melbourne Phoenix,Player Points,19.5,TAB,5,NA,9.112000000000002,24.18613403048899,0.0445,NA,0.07899762210965854,blend: book price,12.658608870680633,1.0857735267639714,over,-0.6050118894517074,FALSE,-0.7775000000000001,rest,FALSE,-0.3429628594137699
Perth Wildcats v Adelaide 36ers,Bryce Cotton,Adelaide 36ers,Player Assists,11.5,Sportsbet,10,NA,5.391500000000002,36.060843575363826,0.02875,NA,0.03949875974774972,blend: book price,25.317250627267377,1.0411230700101715,over,-0.6050124025225028,FALSE,NA,price > 6,FALSE,-0.5387411371602528
Brisbane Bullets v Illawarra Hawks,Nate Hinton,Brisbane Bullets,Player Steals,1.5,Sportsbet,1.68,NA,1.0295000000000007,28.00915210516743,0.272,NA,0.23472068900113338,blend: book price,4.260382858688573,1.3067124455445798,over,-0.605669242478096,FALSE,-0.54304,rest,FALSE,-0.3429628594137699
South East Melbourne Phoenix v Melbourne United,Cole Anthony,Melbourne United,Player Points,29.5,TAB,4.8,NA,12.783499999999997,19.50273010843019,0.04575,NA,0.08194892941111795,blend: book price,12.2027219536114,1.0892640203104953,over,-0.6066451388266338,FALSE,-0.7804,rest,FALSE,-0.3429628594137699
Perth Wildcats v Adelaide 36ers,Anthony Dell'Orso,Perth Wildcats,Player Points,14.5,Sportsbet,4.5,NA,6.054999999999999,20.24341828770149,0.04825,NA,0.0872821013096924,blend: book price,11.457102716304027,1.0956287823816502,over,-0.6072305441063842,FALSE,-0.782875,rest,FALSE,-0.3429628594137699
Perth Wildcats v Adelaide 36ers,Anthony Dell'Orso,Perth Wildcats,Player Points,14.5,TAB,4.5,NA,6.054999999999999,20.24341828770149,0.04825,NA,0.0872821013096924,blend: book price,11.457102716304027,1.0956287823816502,over,-0.6072305441063842,FALSE,-0.782875,rest,FALSE,-0.3429628594137699
South East Melbourne Phoenix v Melbourne United,Cole Anthony,Melbourne United,Player Threes,3.5,BetRight,2.3,NA,1.612749999999998,19.50273010843019,0.1165,NA,0.17026246951589213,blend: book price,5.873284951424136,1.2052003956197486,over,-0.6083963201134481,FALSE,-0.73205,rest,FALSE,-0.3429628594137699
Cairns Taipans v Tasmania JackJumpers,Nick Marshall,Tasmania JackJumpers,Player Rebounds,7.5,Sportsbet,4.8,NA,3.7020000000000013,27.94522393186349,0.063,NA,0.08140911651313816,blend: book price,12.283636561006231,1.088623910792712,over,-0.6092362407369368,FALSE,-0.6976,rest,FALSE,-0.3429628594137699
South East Melbourne Phoenix v Melbourne United,Skylar Mays,South East Melbourne Phoenix,Player Assists,6.5,BetRight,2.63,NA,3.4407500000000004,26.884292778390584,0.10275,NA,0.1477037803765657,blend: book price,6.770307418337801,1.1733009920445558,over,-0.6115390576096322,FALSE,-0.7297675,rest,FALSE,-0.3429628594137699
Brisbane Bullets v Illawarra Hawks,Tyrell Harrison,Brisbane Bullets,Player Blocks,2.5,Sportsbet,3.4,NA,1.0830000000000009,27.622759933796313,0.116,NA,0.11400265933849628,blend: book price,8.771725201872735,1.1286715592773446,over,-0.6123909582491127,FALSE,-0.6055999999999999,rest,FALSE,-0.3429628594137699
South East Melbourne Phoenix v Melbourne United,Cole Anthony,Melbourne United,Player Points,24.5,TAB,1.9,NA,12.783499999999997,19.50273010843019,0.08725,NA,0.20392477014261157,blend: book price,4.903769165955984,1.2561626872615335,over,-0.612542936729038,FALSE,-0.834225,rest,FALSE,-0.3429628594137699
Cairns Taipans v Tasmania JackJumpers,Taran Armstrong,Tasmania JackJumpers,Player Assists,6.5,BetRight,2.25,NA,3.7075,29.88892484187663,0.118,NA,0.17188803076047096,blend: book price,5.81774074422621,1.2075661711764885,over,-0.6132519307889404,FALSE,-0.7345,rest,FALSE,-0.3429628594137699
South East Melbourne Phoenix v Melbourne United,Skylar Mays,South East Melbourne Phoenix,Player Assists,7.5,Sportsbet,4.75,NA,3.4407500000000004,26.884292778390584,0.058,NA,0.08141404476870394,blend: book price,12.28289299273835,1.0886297513096683,over,-0.6132832873486562,FALSE,-0.7244999999999999,rest,FALSE,-0.3429628594137699
Perth Wildcats v Adelaide 36ers,Zylan Cheatham,Adelaide 36ers,Player Blocks,1.5,Sportsbet,3.7,NA,0.5232499999999997,34.99983282334774,0.10625,NA,0.10436397054966773,blend: book price,9.581850850759757,1.1165249801459167,over,-0.6138533089662294,FALSE,-0.606875,rest,FALSE,-0.3429628594137699
South East Melbourne Phoenix v Melbourne United,Cole Anthony,Melbourne United,Player Points,24.5,Sportsbet,1.83,NA,12.783499999999997,19.50273010843019,0.08725,NA,0.21028870532039495,blend: book price,4.755367143834018,1.266285548575966,over,-0.6151716692636773,FALSE,-0.8403325,rest,FALSE,-0.3429628594137699
South East Melbourne Phoenix v Melbourne United,D'Shawn Schwartz,South East Melbourne Phoenix,Player Threes,3.5,Sportsbet,6,NA,1.0577500000000006,20.73353339436755,0.049,NA,0.0640194059489093,blend: book price,15.620263655649198,1.0683982193175843,over,-0.6158835643065442,FALSE,-0.706,rest,FALSE,-0.3429628594137699
Brisbane Bullets v Illawarra Hawks,Nate Hinton,Brisbane Bullets,Player Rebounds,9.5,Sportsbet,4,NA,5.138999999999998,28.00915210516743,0.0735,NA,0.09597694251802223,blend: book price,10.419169164637886,1.1061664763123982,over,-0.616092229927911,FALSE,-0.706,rest,FALSE,-0.3429628594137699
South East Melbourne Phoenix v Melbourne United,Cole Anthony,Melbourne United,Player Points,24.5,BetRight,1.8,NA,12.783499999999997,19.50273010843019,0.08725,NA,0.21322996754116957,blend: book price,4.6897723220209375,1.2710194322917698,over,-0.6161860584258947,FALSE,-0.84295,rest,FALSE,-0.3429628594137699
Cairns Taipans v Tasmania JackJumpers,Taran Armstrong,Tasmania JackJumpers,Player Threes,3.5,Pointsbet,8.5,NA,1.0359999999999996,29.88892484187663,0.0345,NA,0.04479075209768332,blend: book price,22.326037254724334,1.0468910369074063,over,-0.6192786071696917,FALSE,NA,price > 6,FALSE,-0.5387411371602528
South East Melbourne Phoenix v Melbourne United,Josh Oduro,Melbourne United,Player Blocks,0.5,Sportsbet,1.32,NA,0.3362500000000002,20.49608489122735,0.259,NA,0.2884244808765138,blend: book price,3.467112073708267,1.405332214396292,over,-0.6192796852430018,FALSE,-0.65812,rest,FALSE,-0.3429628594137699
Cairns Taipans v Tasmania JackJumpers,Nick Marshall,Tasmania JackJumpers,Player Rebounds,7.5,Pointsbet,4.6,NA,3.7020000000000013,27.94522393186349,0.063,NA,0.08251872029408638,blend: book price,12.118462288752482,1.0899404948300815,over,-0.6204138866472027,FALSE,-0.7101999999999999,rest,FALSE,-0.3429628594137699
South East Melbourne Phoenix v Melbourne United,Angus Glover,South East Melbourne Phoenix,Player Assists,5.5,TAB,7,NA,2.1070000000000007,22.489781259576617,0.03875,NA,0.05419484216201557,blend: book price,18.45194044500579,1.0573002184571498,over,-0.620636104865891,FALSE,NA,price > 6,FALSE,-0.5387411371602528
Cairns Taipans v Tasmania JackJumpers,David Johnson,Tasmania JackJumpers,Player Rebounds,9.5,Pointsbet,13,NA,3.889500000000001,24.54132940151298,0.022,NA,0.029151313621369534,blend: book price,34.30377145223893,1.0300266293093594,over,-0.621032922922196,FALSE,NA,price > 6,FALSE,-0.5387411371602528
South East Melbourne Phoenix v Melbourne United,Joe Ingles,Melbourne United,Player Threes,3.5,BetRight,3.9,NA,1.2334999999999998,22.38714552634611,0.071,NA,0.09707961326321227,blend: book price,10.30082389480371,1.1075173566675842,over,-0.6213895082734722,FALSE,-0.7231000000000001,rest,FALSE,-0.3429628594137699
South East Melbourne Phoenix v Melbourne United,Cole Anthony,Melbourne United,Player Threes,7.5,Sportsbet,34,NA,1.612749999999998,19.50273010843019,0.0085,NA,0.011094310721866915,blend: book price,90.13628922696364,1.0112187753009747,over,-0.6227934354565249,FALSE,NA,price > 6,FALSE,-0.5387411371602528
Perth Wildcats v Adelaide 36ers,Flynn Cameron,Adelaide 36ers,Player Points,17.5,BetRight,3.3,NA,8.573500000000003,21.472414740279152,0.0575,NA,0.11421029169942344,blend: book price,8.755778355174696,1.1289361240361897,over,-0.6231060373919026,FALSE,-0.81025,rest,FALSE,-0.3429628594137699
Cairns Taipans v Tasmania JackJumpers,Reyne Smith,Cairns Taipans,Player Points,24.5,Pointsbet,19,NA,8.256249999999998,20.32192545736321,0.0115,NA,0.019661610810629136,blend: book price,50.86053272193733,1.0200559429554596,over,-0.6264293945980464,FALSE,NA,price > 6,FALSE,-0.5387411371602528
Perth Wildcats v Adelaide 36ers,Flynn Cameron,Adelaide 36ers,Player PRAs,24.5,BetRight,2.1,NA,14.576249999999998,21.472414740279152,0.0805,NA,0.17695426315462429,blend: book price,5.651177779911358,1.2149993071258303,over,-0.628396047375289,FALSE,-0.83095,rest,FALSE,-0.3429628594137699
South East Melbourne Phoenix v Melbourne United,Dash Daniels,South East Melbourne Phoenix,Player Points,19.5,BetRight,4.33,NA,9.112000000000002,24.18613403048899,0.0445,NA,0.08562242936808884,blend: book price,11.679182748961994,1.0936401242967022,over,-0.6292548808361753,FALSE,-0.807315,rest,FALSE,-0.3429628594137699
South East Melbourne Phoenix v Melbourne United,Luke Travers,Melbourne United,Player Rebounds,11.5,BetRight,6.25,NA,6.023999999999999,28.261818708693287,0.0445,NA,0.05900574379719362,blend: book price,16.94750266070811,1.0627057427909279,over,-0.6312141012675399,FALSE,NA,price > 6,FALSE,-0.5387411371602528
Perth Wildcats v Adelaide 36ers,Flynn Cameron,Adelaide 36ers,Player Rebounds,7.5,TAB,5,NA,3.5222500000000005,21.472414740279152,0.05475,NA,0.0729633745632285,blend: book price,13.70550644054191,1.0787060322766127,over,-0.6351831271838575,FALSE,-0.7262500000000001,rest,FALSE,-0.3429628594137699
Perth Wildcats v Adelaide 36ers,Anthony Dell'Orso,Perth Wildcats,Player Steals,1.5,Sportsbet,3.2,NA,0.6367500000000005,20.24341828770149,0.1385,NA,0.11381644798794809,blend: book price,8.786076333236906,1.128434394578337,over,-0.635787366438566,FALSE,-0.5568,rest,FALSE,-0.3429628594137699
Perth Wildcats v Adelaide 36ers,Flynn Cameron,Adelaide 36ers,Player Points,19.5,TAB,5.25,NA,8.573500000000003,21.472414740279152,0.03625,NA,0.06926716259490319,blend: book price,14.436855250565467,1.0744221755278578,over,-0.6363473963767583,FALSE,-0.8096875,rest,FALSE,-0.3429628594137699
Perth Wildcats v Adelaide 36ers,Anthony Dell'Orso,Perth Wildcats,Player Threes,2.5,Sportsbet,3.4,NA,0.7895000000000004,20.24341828770149,0.074,NA,0.10669201412301192,blend: book price,9.372772725492249,1.1194347479366469,over,-0.6372471519817595,FALSE,-0.7484,rest,FALSE,-0.3429628594137699
South East Melbourne Phoenix v Melbourne United,Joe Ingles,Melbourne United,Player Assists,7.5,TAB,4.2,NA,3.198000000000003,22.38714552634611,0.06,NA,0.08625011920968316,blend: book price,11.59418687374674,1.094391387646567,over,-0.6377494993193307,FALSE,-0.748,rest,FALSE,-0.3429628594137699
South East Melbourne Phoenix v Melbourne United,Luke Travers,Melbourne United,Player Threes,2.5,BetRight,5.5,NA,0.7450000000000001,28.261818708693287,0.04775,NA,0.06579382859622006,blend: book price,15.198993907727257,1.0704275251118875,over,-0.6381339427207897,FALSE,-0.737375,rest,FALSE,-0.3429628594137699
South East Melbourne Phoenix v Melbourne United,Cole Anthony,Melbourne United,Player Threes,4.5,Sportsbet,4.1,NA,1.612749999999998,19.50273010843019,0.0625,NA,0.08824593943913014,blend: book price,11.331966165874126,1.0967869991002237,over,-0.6381916482995664,FALSE,-0.74375,rest,FALSE,-0.3429628594137699
Perth Wildcats v Adelaide 36ers,Dylan Windler,Perth Wildcats,Player Rebounds,9.5,Sportsbet,4.2,NA,5.07425,25.848881798879656,0.06375,NA,0.08567604441681229,blend: book price,11.671874055424635,1.0937042542674769,over,-0.6401606134493885,FALSE,-0.73225,rest,FALSE,-0.3429628594137699
South East Melbourne Phoenix v Melbourne United,Cole Anthony,Melbourne United,Player PRAs,29.5,BetRight,1.44,NA,16.826749999999997,19.50273010843019,0.09175,NA,0.24929450490602184,blend: book price,4.0113198659432,1.3320802985128188,over,-0.6410159129353286,FALSE,-0.86788,rest,FALSE,-0.3429628594137699
South East Melbourne Phoenix v Melbourne United,Luke Travers,Melbourne United,Player Rebounds,11.5,Sportsbet,6,NA,6.023999999999999,28.261818708693287,0.0445,NA,0.05974896953722197,blend: book price,16.73669031860085,1.0635457634200245,over,-0.6415061827766682,FALSE,-0.733,rest,FALSE,-0.3429628594137699
Perth Wildcats v Adelaide 36ers,Angus Brandt,Perth Wildcats,Player Points,7.5,BetRight,1.5,NA,2.8465,8.747833008902774,0.076,NA,0.2386595981905442,blend: book price,4.190068229318005,1.3134729191086258,over,-0.6420106027141836,FALSE,-0.886,rest,FALSE,-0.3429628594137699
South East Melbourne Phoenix v Melbourne United,Cole Anthony,Melbourne United,Player Threes,4.5,BetRight,4,NA,1.612749999999998,19.50273010843019,0.0625,NA,0.08936740592719264,blend: book price,11.189761967743554,1.0981377193270632,over,-0.6425303762912294,FALSE,-0.75,rest,FALSE,-0.3429628594137699
Brisbane Bullets v Illawarra Hawks,Nate Hinton,Brisbane Bullets,Player Rebounds,11.5,Sportsbet,9.5,NA,5.138999999999998,28.00915210516743,0.02775,NA,0.03752624342272586,blend: book price,26.648017728158763,1.0389893679347433,over,-0.6435006874841043,FALSE,NA,price > 6,FALSE,-0.5387411371602528
Cairns Taipans v Tasmania JackJumpers,Jack McVeigh,Cairns Taipans,Player Points,39.5,Pointsbet,19,NA,15.347999999999994,28.975523788647227,0.0105,NA,0.01874594870702894,blend: book price,53.34485950156485,1.019104072673461,over,-0.6438269745664501,FALSE,NA,price > 6,FALSE,-0.5387411371602528
Perth Wildcats v Adelaide 36ers,Anthony Dell'Orso,Perth Wildcats,Player Threes,2.5,TAB,3.25,NA,0.7895000000000004,20.24341828770149,0.074,NA,0.10931989627569716,blend: book price,9.147465686191923,1.1227375528190036,over,-0.6447103371039842,FALSE,-0.7595000000000001,rest,FALSE,-0.3429628594137699
Perth Wildcats v Adelaide 36ers,Zylan Cheatham,Adelaide 36ers,Player Rebounds,15.5,Sportsbet,13,NA,7.921000000000002,34.99983282334774,0.01975,NA,0.027039961776838966,blend: book price,36.98230079809315,1.0277914412869618,over,-0.6484804969010934,FALSE,NA,price > 6,FALSE,-0.5387411371602528
Perth Wildcats v Adelaide 36ers,Bryce Cotton,Adelaide 36ers,Player Assists,11.5,BetRight,8.5,NA,5.391500000000002,36.060843575363826,0.02875,NA,0.041035862898762425,blend: book price,24.368928282732867,1.0427918639614677,over,-0.6511951653605195,FALSE,NA,price > 6,FALSE,-0.5387411371602528
Perth Wildcats v Adelaide 36ers,Dylan Windler,Perth Wildcats,Player Rebounds,9.5,TAB,4,NA,5.07425,25.848881798879656,0.06375,NA,0.08706504913087648,blend: book price,11.485665143274616,1.095368294365321,over,-0.6517398034764941,FALSE,-0.745,rest,FALSE,-0.3429628594137699
South East Melbourne Phoenix v Melbourne United,Josh Oduro,Melbourne United,Player Rebounds,7.5,Sportsbet,2.03,NA,4.251250000000001,20.49608489122735,0.11925,NA,0.17138137246967716,blend: book price,5.83493985133613,1.206827805670354,over,-0.6520958138865554,FALSE,-0.7579225,rest,FALSE,-0.3429628594137699
South East Melbourne Phoenix v Melbourne United,Cole Anthony,Melbourne United,Player Threes,5.5,Sportsbet,7.5,NA,1.612749999999998,19.50273010843019,0.033,NA,0.04629339950257367,blend: book price,21.60135161265064,1.0485405044679657,over,-0.6527995037306975,FALSE,NA,price > 6,FALSE,-0.5387411371602528
South East Melbourne Phoenix v Melbourne United,Josh Oduro,Melbourne United,Player Rebounds,7.5,TAB,2,NA,4.251250000000001,20.49608489122735,0.11925,NA,0.17252929454558505,blend: book price,5.796117132651833,1.2085019969992032,over,-0.6549414109088298,FALSE,-0.7615000000000001,rest,FALSE,-0.3429628594137699
South East Melbourne Phoenix v Melbourne United,Cole Anthony,Melbourne United,Player Threes,6.5,Sportsbet,15,NA,1.612749999999998,19.50273010843019,0.0165,NA,0.022986552318137187,blend: book price,43.50369669012805,1.023527365332255,over,-0.6552017152279421,FALSE,NA,price > 6,FALSE,-0.5387411371602528
South East Melbourne Phoenix v Melbourne United,Luke Travers,Melbourne United,Player Threes,2.5,TAB,5,NA,0.7450000000000001,28.261818708693287,0.04775,NA,0.06892067098270101,blend: book price,14.509435061231464,1.0740223403471354,over,-0.655396645086495,FALSE,-0.76125,rest,FALSE,-0.3429628594137699
Brisbane Bullets v Illawarra Hawks,Kelan Martin,Illawarra Hawks,Player Threes,3.5,Sportsbet,4.4,NA,1.1047499999999997,25.31577048270224,0.053,NA,0.07778502025584882,blend: book price,12.855945742648409,1.0843458650795594,over,-0.6577459108742651,FALSE,-0.7667999999999999,rest,FALSE,-0.3429628594137699
Cairns Taipans v Tasmania JackJumpers,Jack McVeigh,Cairns Taipans,Player Assists,4.5,BetRight,2.63,NA,2.1272499999999996,28.975523788647227,0.086,NA,0.12926595328380652,blend: book price,7.735989056642594,1.1484562981903697,over,-0.6600305428635889,FALSE,-0.7738200000000001,rest,FALSE,-0.3429628594137699
South East Melbourne Phoenix v Melbourne United,Jordan Hunter,South East Melbourne Phoenix,Player Threes,1.5,TAB,1.65,NA,0.5172499999999995,16.24806469641585,0.10525,NA,0.20503372936692943,blend: book price,4.877246310095617,1.2579150046248515,over,-0.6616943465445664,FALSE,-0.8263375,rest,FALSE,-0.3429628594137699
Brisbane Bullets v Illawarra Hawks,Arnas Velicka,Brisbane Bullets,Player Steals,2.5,Sportsbet,4.75,NA,1.0009999999999997,31.485242480604562,0.08925,NA,0.07113065402289294,blend: book price,14.058636374665648,1.0765776740625113,over,-0.6621293933912585,FALSE,-0.5760625,rest,FALSE,-0.3429628594137699
Perth Wildcats v Adelaide 36ers,Flynn Cameron,Adelaide 36ers,Player Assists,4.5,BetRight,1.6,NA,2.4804999999999975,21.472414740279152,0.131,NA,0.21112643727532507,blend: book price,4.736498246763494,1.267630260730401,over,-0.6621977003594799,FALSE,-0.7904,rest,FALSE,-0.3429628594137699
Perth Wildcats v Adelaide 36ers,Anthony Dell'Orso,Perth Wildcats,Player Threes,2.5,BetRight,2.9,NA,0.7895000000000004,20.24341828770149,0.074,NA,0.1164748631342553,blend: book price,8.585543464836231,1.1318297106378243,over,-0.6622228969106596,FALSE,-0.7854,rest,FALSE,-0.3429628594137699
South East Melbourne Phoenix v Melbourne United,Jordan Hunter,South East Melbourne Phoenix,Player Threes,1.5,BetRight,1.57,NA,0.5172499999999995,16.24806469641585,0.10525,NA,0.21422997947832967,blend: book price,4.6678807626976155,1.2726369979553342,over,-0.6636589322190224,FALSE,-0.8347575,rest,FALSE,-0.3429628594137699
South East Melbourne Phoenix v Melbourne United,Luke Travers,Melbourne United,Player Blocks,2.5,Sportsbet,4.5,NA,0.8367499999999999,28.261818708693287,0.073,NA,0.07458430113826993,blend: book price,13.407647249333685,1.0805954569714014,over,-0.6643706448777853,FALSE,-0.6715,rest,FALSE,-0.3429628594137699
Perth Wildcats v Adelaide 36ers,Jo Lual-Acuil Jr,Perth Wildcats,Player Blocks,2.5,Sportsbet,4.6,NA,0.8669999999999998,31.112404931629083,0.07125,NA,0.07283168253185784,blend: book price,13.730288320094521,1.0785528163114355,over,-0.6649742603534539,FALSE,-0.67225,rest,FALSE,-0.3429628594137699
South East Melbourne Phoenix v Melbourne United,Cole Anthony,Melbourne United,Player Points,29.5,BetRight,3.25,NA,12.783499999999997,19.50273010843019,0.04575,NA,0.10290956254606516,blend: book price,9.717269952948953,1.114714813857716,over,-0.6655439217252882,FALSE,-0.8513125,rest,FALSE,-0.3429628594137699
Perth Wildcats v Adelaide 36ers,Isaac White,Adelaide 36ers,Player Threes,2.5,Sportsbet,3.6,NA,0.7679999999999996,15.999257515431703,0.06025,NA,0.09254904557270412,blend: book price,10.805081714369772,1.1019879312718484,over,-0.6668234359382652,FALSE,-0.7831,rest,FALSE,-0.3429628594137699
South East Melbourne Phoenix v Melbourne United,Cole Anthony,Melbourne United,Player Points,29.5,Sportsbet,3.1,NA,12.783499999999997,19.50273010843019,0.04575,NA,0.10599853649565194,blend: book price,9.434092517315275,1.1185664015360266,over,-0.6714045368634789,FALSE,-0.858175,rest,FALSE,-0.3429628594137699
South East Melbourne Phoenix v Melbourne United,Cole Anthony,Melbourne United,Player Points,34.5,BetRight,6.75,NA,12.783499999999997,19.50273010843019,0.0235,NA,0.048394591527458605,blend: book price,20.663466070017556,1.0508557340012796,over,-0.6733365071896544,FALSE,NA,price > 6,FALSE,-0.5387411371602528
South East Melbourne Phoenix v Melbourne United,Skylar Mays,South East Melbourne Phoenix,Player Steals,2.5,Sportsbet,7.25,NA,0.8187500000000001,26.884292778390584,0.058,NA,0.04502254593869338,blend: book price,22.211094000807666,1.0471451401781502,over,-0.6735865419444731,FALSE,NA,price > 6,FALSE,-0.5387411371602528
Perth Wildcats v Adelaide 36ers,Isaac White,Adelaide 36ers,Player Threes,2.5,BetRight,3.4,NA,0.7679999999999996,15.999257515431703,0.06025,NA,0.09542975500078286,blend: book price,10.478911949336938,1.1054973403429442,over,-0.6755388329973382,FALSE,-0.79515,rest,FALSE,-0.3429628594137699
Cairns Taipans v Tasmania JackJumpers,Taran Armstrong,Tasmania JackJumpers,Player Assists,7.5,Pointsbet,3.4,NA,3.7075,29.88892484187663,0.06325,NA,0.09506861483365589,blend: book price,10.518718525032966,1.1050561582811944,over,-0.6767667095655701,FALSE,-0.78495,rest,FALSE,-0.3429628594137699
Perth Wildcats v Adelaide 36ers,Zylan Cheatham,Adelaide 36ers,Player Rebounds,14.5,BetRight,6.25,NA,7.921000000000002,34.99983282334774,0.03625,NA,0.051208055227113455,blend: book price,19.528177658083052,1.053971848632601,over,-0.6799496548305409,FALSE,NA,price > 6,FALSE,-0.5387411371602528
Cairns Taipans v Tasmania JackJumpers,Kyrin Galloway,Cairns Taipans,Player Rebounds,7.5,TAB,6,NA,3.131999999999998,16.492581016209076,0.03775,NA,0.05333126141531355,blend: book price,18.750728436977486,1.0563357162242901,over,-0.6800124315081186,FALSE,-0.7735000000000001,rest,FALSE,-0.3429628594137699
Perth Wildcats v Adelaide 36ers,Isaac White,Adelaide 36ers,Player Threes,2.5,TAB,3.25,NA,0.7679999999999996,15.999257515431703,0.06025,NA,0.09781061436519023,blend: book price,10.223839268265444,1.1084147252479228,over,-0.6821155033131318,FALSE,-0.8041875,rest,FALSE,-0.3429628594137699
Brisbane Bullets v Illawarra Hawks,Kelan Martin,Illawarra Hawks,Player Threes,5.5,Sportsbet,19,NA,1.1047499999999997,25.31577048270224,0.01125,NA,0.016716017031440458,blend: book price,59.82286319277743,1.017000192539468,over,-0.6823956764026313,FALSE,NA,price > 6,FALSE,-0.5387411371602528
South East Melbourne Phoenix v Melbourne United,Skylar Mays,South East Melbourne Phoenix,Player Assists,7.5,TAB,3.6,NA,3.4407500000000004,26.884292778390584,0.058,NA,0.0875933342287864,blend: book price,11.416393824992257,1.0960025145747352,over,-0.684663996776369,FALSE,-0.7912,rest,FALSE,-0.3429628594137699
Cairns Taipans v Tasmania JackJumpers,Taran Armstrong,Tasmania JackJumpers,Player Assists,7.5,Sportsbet,3.25,NA,3.7075,29.88892484187663,0.06325,NA,0.09628693283144787,blend: book price,10.385625241075227,1.1065459118933922,over,-0.6870674682977944,FALSE,-0.7944375,rest,FALSE,-0.3429628594137699
South East Melbourne Phoenix v Melbourne United,Cole Anthony,Melbourne United,Player Points,34.5,Sportsbet,6,NA,12.783499999999997,19.50273010843019,0.0235,NA,0.05157017806189815,blend: book price,19.39105191375779,1.054374268785133,over,-0.6905789316286111,FALSE,-0.859,rest,FALSE,-0.3429628594137699
Cairns Taipans v Tasmania JackJumpers,Taran Armstrong,Tasmania JackJumpers,Player Rebounds,11.5,Pointsbet,21,NA,4.5025,29.88892484187663,0.01,NA,0.01467114715040928,blend: book price,68.1609958476971,1.0148895945835545,over,-0.6919059098414051,FALSE,NA,price > 6,FALSE,-0.5387411371602528
Brisbane Bullets v Illawarra Hawks,Kelan Martin,Illawarra Hawks,Player Threes,4.5,Sportsbet,8.5,NA,1.1047499999999997,25.31577048270224,0.02325,NA,0.03595945322816917,blend: book price,27.809099144384117,1.0373007684672417,over,-0.694344647560562,FALSE,NA,price > 6,FALSE,-0.5387411371602528
South East Melbourne Phoenix v Melbourne United,Cole Anthony,Melbourne United,Player PRAs,34.5,BetRight,2.15,NA,16.826749999999997,19.50273010843019,0.052,NA,0.13997354906387802,blend: book price,7.144206935437796,1.1627549349342914,over,-0.6990568695126622,FALSE,-0.8882,rest,FALSE,-0.3429628594137699
Cairns Taipans v Tasmania JackJumpers,Nick Marshall,Tasmania JackJumpers,Player Steals,2.5,Sportsbet,6,NA,0.8482499999999998,27.94522393186349,0.06325,NA,0.049124054373039065,blend: book price,20.356625949604716,1.051661896169483,over,-0.7052556737617657,FALSE,-0.6205,rest,FALSE,-0.3429628594137699
South East Melbourne Phoenix v Melbourne United,Cole Anthony,Melbourne United,Player Assists,3.5,TAB,1.5,NA,1.5650000000000013,19.50273010843019,0.11,NA,0.1923517082866143,blend: book price,5.198810080282452,1.2381627129781327,over,-0.7114724375700785,FALSE,-0.835,rest,FALSE,-0.3429628594137699
Brisbane Bullets v Illawarra Hawks,Tyrell Harrison,Brisbane Bullets,Player Blocks,3.5,Sportsbet,7.25,NA,1.0830000000000009,27.622759933796313,0.037,NA,0.039719352572618015,blend: book price,25.17664400928293,1.041362233716807,over,-0.7120346938485194,FALSE,NA,price > 6,FALSE,-0.5387411371602528
South East Melbourne Phoenix v Melbourne United,Cole Anthony,Melbourne United,Player Assists,3.5,Sportsbet,1.48,NA,1.5650000000000013,19.50273010843019,0.11,NA,0.19373914759429692,blend: book price,5.161579435117928,1.240293382738629,over,-0.7132660615604406,FALSE,-0.8371999999999999,rest,FALSE,-0.3429628594137699
Perth Wildcats v Adelaide 36ers,Flynn Cameron,Adelaide 36ers,Player PRAs,29.5,BetRight,4.1,NA,14.576249999999998,21.472414740279152,0.0265,NA,0.06972822915691801,blend: book price,14.34139389585783,1.0749546867295834,over,-0.7141142604566362,FALSE,-0.89135,rest,FALSE,-0.3429628594137699
South East Melbourne Phoenix v Melbourne United,Josh Oduro,Melbourne United,Player Steals,1.5,Sportsbet,2.55,NA,0.6185000000000003,20.49608489122735,0.138,NA,0.11198021778335646,blend: book price,8.9301487333652,1.1261010396680977,over,-0.7144504446524411,FALSE,-0.6481,rest,FALSE,-0.3429628594137699
Cairns Taipans v Tasmania JackJumpers,Jaylon Brown,Cairns Taipans,Player Steals,2.5,Sportsbet,6,NA,0.7932499999999997,26.27110691744886,0.06125,NA,0.047413243537504215,blend: book price,21.091153555208532,1.0497731500210825,over,-0.7155205387749747,FALSE,-0.6325000000000001,rest,FALSE,-0.3429628594137699
Perth Wildcats v Adelaide 36ers,Dylan Windler,Perth Wildcats,Player Rebounds,11.5,Sportsbet,10,NA,5.07425,25.848881798879656,0.019,NA,0.028407602032165205,blend: book price,35.201844874753085,1.0292381888656004,over,-0.715923979678348,FALSE,NA,price > 6,FALSE,-0.5387411371602528
Cairns Taipans v Tasmania JackJumpers,Jack McVeigh,Cairns Taipans,Player Assists,5.5,Sportsbet,4.9,NA,2.1272499999999996,28.975523788647227,0.03675,NA,0.05684824560994554,blend: book price,17.590692364744694,1.0602747599687283,over,-0.7214435965112669,FALSE,-0.819925,rest,FALSE,-0.3429628594137699
Cairns Taipans v Tasmania JackJumpers,Taran Armstrong,Tasmania JackJumpers,Player Assists,7.5,TAB,2.75,NA,3.7075,29.88892484187663,0.06325,NA,0.10116489479759289,blend: book price,9.884851874761145,1.1125511166754127,over,-0.7217965393066196,FALSE,-0.8260625,rest,FALSE,-0.3429628594137699
Perth Wildcats v Adelaide 36ers,Flynn Cameron,Adelaide 36ers,Player PRAs,34.5,BetRight,9.5,NA,14.576249999999998,21.472414740279152,0.01,NA,0.028326271879416918,blend: book price,35.30291611465619,1.0291520405045897,over,-0.7309004171455393,FALSE,NA,price > 6,FALSE,-0.5387411371602528
South East Melbourne Phoenix v Melbourne United,Cole Anthony,Melbourne United,Player PRAs,39.5,BetRight,3.8,NA,16.826749999999997,19.50273010843019,0.02525,NA,0.07049112580187376,blend: book price,14.186182851025178,1.0758369583751262,over,-0.7321337219528797,FALSE,-0.90405,rest,FALSE,-0.3429628594137699
Cairns Taipans v Tasmania JackJumpers,Malique Lewis,Cairns Taipans,Player Assists,5.5,Pointsbet,13,NA,1.6330000000000005,27.57509697673598,0.0135,NA,0.020599484142304635,blend: book price,48.54490496421342,1.0210327478991217,over,-0.7322067061500397,FALSE,NA,price > 6,FALSE,-0.5387411371602528
Cairns Taipans v Tasmania JackJumpers,Malique Lewis,Cairns Taipans,Player Points,29.5,Pointsbet,21,NA,9.546000000000006,27.57509697673598,0.0055,NA,0.012707553975800763,blend: book price,78.69335057748478,1.012871114356211,over,-0.733141366508184,FALSE,NA,price > 6,FALSE,-0.5387411371602528
Cairns Taipans v Tasmania JackJumpers,Jack McVeigh,Cairns Taipans,Player Assists,5.5,Pointsbet,4.6,NA,2.1272499999999996,28.975523788647227,0.03675,NA,0.05779186331804049,blend: book price,17.303473924984814,1.0613366209312922,over,-0.7341574287370138,FALSE,-0.8309500000000001,rest,FALSE,-0.3429628594137699
Perth Wildcats v Adelaide 36ers,Angus Brandt,Perth Wildcats,Player Points,9.5,TAB,2.15,NA,2.8465,8.747833008902774,0.037,NA,0.12334985283374293,blend: book price,8.107022238184992,1.1407059055798567,over,-0.7347978164074527,FALSE,-0.92045,rest,FALSE,-0.3429628594137699
Perth Wildcats v Adelaide 36ers,Angus Brandt,Perth Wildcats,Player Points,9.5,BetRight,2.05,NA,2.8465,8.747833008902774,0.037,NA,0.12813625349001995,blend: book price,7.804192590022044,1.146968209198905,over,-0.7373206803454591,FALSE,-0.92415,rest,FALSE,-0.3429628594137699
Brisbane Bullets v Illawarra Hawks,Nate Hinton,Brisbane Bullets,Player Steals,2.5,Sportsbet,3.15,NA,1.0295000000000007,28.00915210516743,0.104,NA,0.08261592177427236,blend: book price,12.104204353396351,1.090055979534827,over,-0.7397598464110421,FALSE,-0.6724,rest,FALSE,-0.3429628594137699
South East Melbourne Phoenix v Melbourne United,Josh Oduro,Melbourne United,Player Rebounds,9.5,BetRight,3.6,NA,4.251250000000001,20.49608489122735,0.04525,NA,0.07140170169332717,blend: book price,14.005268449973858,1.076891915291607,over,-0.7429538739040222,FALSE,-0.8371,rest,FALSE,-0.3429628594137699
Cairns Taipans v Tasmania JackJumpers,Nick Marshall,Tasmania JackJumpers,Player Rebounds,9.5,Pointsbet,12,NA,3.7020000000000013,27.94522393186349,0.0135,NA,0.021230421951926905,blend: book price,47.10221974223355,1.0216909295385601,over,-0.7452349365768771,FALSE,NA,price > 6,FALSE,-0.5387411371602528
Cairns Taipans v Tasmania JackJumpers,Taran Armstrong,Tasmania JackJumpers,Player Assists,9.5,Pointsbet,8.5,NA,3.7075,29.88892484187663,0.019,NA,0.02972663781262587,blend: book price,33.639862210561446,1.0306373842373766,over,-0.7473235785926802,FALSE,NA,price > 6,FALSE,-0.5387411371602528
South East Melbourne Phoenix v Melbourne United,Josh Oduro,Melbourne United,Player Rebounds,9.5,Sportsbet,3.5,NA,4.251250000000001,20.49608489122735,0.04525,NA,0.072114228201238,blend: book price,13.866889030684138,1.0777188641026796,over,-0.7476002012956671,FALSE,-0.8416250000000001,rest,FALSE,-0.3429628594137699
Cairns Taipans v Tasmania JackJumpers,Nick Marshall,Tasmania JackJumpers,Player Rebounds,9.5,Sportsbet,11.5,NA,3.7020000000000013,27.94522393186349,0.0135,NA,0.02149568504870028,blend: book price,46.520964450977765,1.0219679001106603,over,-0.7527996219399468,FALSE,NA,price > 6,FALSE,-0.5387411371602528
Cairns Taipans v Tasmania JackJumpers,Malique Lewis,Cairns Taipans,Player Steals,2.5,Sportsbet,6.25,NA,0.8005000000000004,27.57509697673598,0.05175,NA,0.03944867239789761,blend: book price,25.34939553639565,1.0410687812970665,over,-0.7534457975131399,FALSE,NA,price > 6,FALSE,-0.5387411371602528
South East Melbourne Phoenix v Melbourne United,Cole Anthony,Melbourne United,Player Steals,1.5,Sportsbet,2.3,NA,0.6297499999999998,19.50273010843019,0.132,NA,0.10588811492541457,blend: book price,9.443930517644777,1.1184282601461915,over,-0.7564573356715465,FALSE,-0.6964,rest,FALSE,-0.3429628594137699
Perth Wildcats v Adelaide 36ers,Flynn Cameron,Adelaide 36ers,Player Assists,5.5,TAB,2.25,NA,2.4804999999999975,21.472414740279152,0.063,NA,0.1077179154735255,blend: book price,9.283506792756087,1.1207218180679828,over,-0.7576346901845676,FALSE,-0.85825,rest,FALSE,-0.3429628594137699
South East Melbourne Phoenix v Melbourne United,Josh Oduro,Melbourne United,Player Rebounds,9.5,TAB,3.25,NA,4.251250000000001,20.49608489122735,0.04525,NA,0.0740609047361858,blend: book price,13.502400538612443,1.0799846395027577,over,-0.7593020596073962,FALSE,-0.8529375,rest,FALSE,-0.3429628594137699
Cairns Taipans v Tasmania JackJumpers,Jack McVeigh,Cairns Taipans,Player Assists,5.5,TAB,4,NA,2.1272499999999996,28.975523788647227,0.03675,NA,0.05999638010904395,blend: book price,16.66767225260076,1.0638256904968129,over,-0.7600144795638242,FALSE,-0.853,rest,FALSE,-0.3429628594137699
Brisbane Bullets v Illawarra Hawks,Milton Doyle,Illawarra Hawks,Player Blocks,1.5,Sportsbet,3.9,NA,0.3337500000000006,27.119966222884155,0.0535,NA,0.06075136837866714,blend: book price,16.460534580339598,1.0646808164881731,over,-0.7630696633231981,FALSE,-0.79135,rest,FALSE,-0.3429628594137699
Cairns Taipans v Tasmania JackJumpers,Taran Armstrong,Tasmania JackJumpers,Player Assists,9.5,Sportsbet,7.75,NA,3.7075,29.88892484187663,0.019,NA,0.030396879754451787,blend: book price,32.89811349316354,1.031349816352441,over,-0.7644241819029987,FALSE,NA,price > 6,FALSE,-0.5387411371602528
Cairns Taipans v Tasmania JackJumpers,Reyne Smith,Cairns Taipans,Player Points,29.5,Pointsbet,21,NA,8.256249999999998,20.32192545736321,0.00425,NA,0.011099131404313931,blend: book price,90.09714035922912,1.0112237047784938,over,-0.7669182405094075,FALSE,NA,price > 6,FALSE,-0.5387411371602528
Brisbane Bullets v Illawarra Hawks,Nate Hinton,Brisbane Bullets,Player Blocks,1.5,Sportsbet,4.75,NA,0.2760000000000002,28.00915210516743,0.04275,NA,0.0487903251828912,blend: book price,20.495866675442034,1.0512929236051685,over,-0.7682459553812668,FALSE,-0.7969375,rest,FALSE,-0.3429628594137699
Perth Wildcats v Adelaide 36ers,Anthony Dell'Orso,Perth Wildcats,Player Steals,2.5,Sportsbet,8.5,NA,0.6367500000000005,20.24341828770149,0.03575,NA,0.026630185542505225,blend: book price,37.55137185972176,1.027358754244241,over,-0.7736434228887056,FALSE,NA,price > 6,FALSE,-0.5387411371602528
South East Melbourne Phoenix v Melbourne United,Josh Oduro,Melbourne United,Player Rebounds,11.5,Sportsbet,8.25,NA,4.251250000000001,20.49608489122735,0.01575,NA,0.02640785501402357,blend: book price,37.86752083684806,1.0271241455161946,over,-0.7821351961343055,FALSE,NA,price > 6,FALSE,-0.5387411371602528
South East Melbourne Phoenix v Melbourne United,Jordan Hunter,South East Melbourne Phoenix,Player Threes,2.5,TAB,3,NA,0.5172499999999995,16.24806469641585,0.029,NA,0.0689916019934718,blend: book price,14.494517754416298,1.0741041672032137,over,-0.7930251940195846,FALSE,-0.913,rest,FALSE,-0.3429628594137699
South East Melbourne Phoenix v Melbourne United,Josh Oduro,Melbourne United,Player Rebounds,11.5,BetRight,7.5,NA,4.251250000000001,20.49608489122735,0.01575,NA,0.027184503354462035,blend: book price,36.78566376442044,1.0279441512272365,over,-0.7961162248415348,FALSE,NA,price > 6,FALSE,-0.5387411371602528
Cairns Taipans v Tasmania JackJumpers,Nick Marshall,Tasmania JackJumpers,Player Points,29.5,Pointsbet,21,NA,9.486749999999988,27.94522393186349,0.00325,NA,0.009640763052695095,blend: book price,103.72622940052945,1.0097346121417639,over,-0.797543975893403,FALSE,NA,price > 6,FALSE,-0.5387411371602528
South East Melbourne Phoenix v Melbourne United,Jordan Hunter,South East Melbourne Phoenix,Player Threes,2.5,BetRight,2.8,NA,0.5172499999999995,16.24806469641585,0.029,NA,0.07190746886180847,blend: book price,13.906761228403083,1.0774787711884963,over,-0.7986590871869363,FALSE,-0.9188000000000001,rest,FALSE,-0.3429628594137699
Cairns Taipans v Tasmania JackJumpers,Nick Marshall,Tasmania JackJumpers,Player Assists,9.5,Pointsbet,21,NA,2.9335,27.94522393186349,0.00575,NA,0.009456297195170701,blend: book price,105.74963744907431,1.0095465724211805,over,-0.8014177589014153,FALSE,NA,price > 6,FALSE,-0.5387411371602528
Perth Wildcats v Adelaide 36ers,Angus Brandt,Perth Wildcats,Player Points,11.5,BetRight,3.1,NA,2.8465,8.747833008902774,0.0165,NA,0.06372423077998343,blend: book price,15.692617827787297,1.0680613905378222,over,-0.8024548845820514,FALSE,-0.94885,rest,FALSE,-0.3429628594137699
South East Melbourne Phoenix v Melbourne United,Cole Anthony,Melbourne United,Player Rebounds,7.5,TAB,7,NA,2.4782499999999983,19.50273010843019,0.0155,NA,0.027461426742072245,blend: book price,36.414713969247316,1.028236850956028,over,-0.8077700128054943,FALSE,NA,price > 6,FALSE,-0.5387411371602528
South East Melbourne Phoenix v Melbourne United,Cole Anthony,Melbourne United,Player Assists,4.5,BetRight,2,NA,1.5650000000000013,19.50273010843019,0.05,NA,0.09462064961427509,blend: book price,10.568517591842166,1.1045093966125505,over,-0.8107587007714498,FALSE,-0.9,rest,FALSE,-0.3429628594137699
South East Melbourne Phoenix v Melbourne United,Josh Oduro,Melbourne United,Player Blocks,1.5,Sportsbet,2.5,NA,0.3362500000000002,20.49608489122735,0.05975,NA,0.07445784369574601,blend: book price,13.430418480640649,1.0804478144929246,over,-0.813855390760635,FALSE,-0.850625,rest,FALSE,-0.3429628594137699
Cairns Taipans v Tasmania JackJumpers,Taran Armstrong,Tasmania JackJumpers,Player Assists,9.5,TAB,5.5,NA,3.7075,29.88892484187663,0.019,NA,0.033115328602759175,blend: book price,30.197495908788287,1.0342495124624371,over,-0.8178656926848246,FALSE,-0.8955,rest,FALSE,-0.3429628594137699
Perth Wildcats v Adelaide 36ers,Flynn Cameron,Adelaide 36ers,Player Assists,6.5,BetRight,3.3,NA,2.4804999999999975,21.472414740279152,0.0295,NA,0.05352337565267557,blend: book price,18.683425471689418,1.0565501294758173,over,-0.8233728603461706,FALSE,-0.90265,rest,FALSE,-0.3429628594137699
Cairns Taipans v Tasmania JackJumpers,Nick Marshall,Tasmania JackJumpers,Player Rebounds,9.5,TAB,7,NA,3.7020000000000013,27.94522393186349,0.0135,NA,0.024951815148665932,blend: book price,40.07724464300008,1.0255903405968294,over,-0.8253372939593384,FALSE,NA,price > 6,FALSE,-0.5387411371602528
Brisbane Bullets v Illawarra Hawks,Nate Hinton,Brisbane Bullets,Player Steals,3.5,Sportsbet,6.75,NA,1.0295000000000007,28.00915210516743,0.03425,NA,0.025149391730420412,blend: book price,39.76239309161548,1.0257982007879773,over,-0.8302416058196622,FALSE,NA,price > 6,FALSE,-0.5387411371602528
Cairns Taipans v Tasmania JackJumpers,David Johnson,Tasmania JackJumpers,Player Rebounds,11.5,Pointsbet,17,NA,3.889500000000001,24.54132940151298,0.00525,NA,0.009932496783531844,blend: book price,100.67961981704416,1.0100321409916635,over,-0.8311475546799587,FALSE,NA,price > 6,FALSE,-0.5387411371602528
Cairns Taipans v Tasmania JackJumpers,David Johnson,Tasmania JackJumpers,Player Assists,9.5,Pointsbet,21,NA,2.6985,24.54132940151298,0.00425,NA,0.007458878362311417,blend: book price,134.06841503849273,1.0075149313209353,over,-0.8433635543914603,FALSE,NA,price > 6,FALSE,-0.5387411371602528
South East Melbourne Phoenix v Melbourne United,Cole Anthony,Melbourne United,Player Assists,5.5,Sportsbet,3.35,NA,1.5650000000000013,19.50273010843019,0.02475,NA,0.0465546159167934,blend: book price,21.480147141312262,1.0488277741902945,over,-0.8440420366787421,FALSE,-0.91708750000000006,rest,FALSE,-0.3429628594137699
Cairns Taipans v Tasmania JackJumpers,Jack McVeigh,Cairns Taipans,Player Assists,7.5,Pointsbet,13,NA,2.1272499999999996,28.975523788647227,0.00675,NA,0.011973315809081227,blend: book price,83.51905319673807,1.0121184133998222,over,-0.8443468944819441,FALSE,NA,price > 6,FALSE,-0.5387411371602528
South East Melbourne Phoenix v Melbourne United,Cole Anthony,Melbourne United,Player Assists,5.5,TAB,3.25,NA,1.5650000000000013,19.50273010843019,0.02475,NA,0.04697755808270988,blend: book price,21.28675990862221,1.0492932338384398,over,-0.8473229362311929,FALSE,-0.9195625,rest,FALSE,-0.3429628594137699
Perth Wildcats v Adelaide 36ers,Flynn Cameron,Adelaide 36ers,Player Assists,7.5,TAB,6,NA,2.4804999999999975,21.472414740279152,0.01325,NA,0.02446866416309911,blend: book price,40.868598029478356,1.0250823969094829,over,-0.8531880150214053,FALSE,-0.9205,rest,FALSE,-0.3429628594137699
South East Melbourne Phoenix v Melbourne United,Josh Oduro,Melbourne United,Player Steals,2.5,Sportsbet,6,NA,0.6185000000000003,20.49608489122735,0.03275,NA,0.02381553187610549,blend: book price,41.98940444421971,1.0243965486583453,over,-0.8571068087433671,FALSE,-0.8035,rest,FALSE,-0.3429628594137699
Perth Wildcats v Adelaide 36ers,Angus Brandt,Perth Wildcats,Player Points,14.5,TAB,5,NA,2.8465,8.747833008902774,0.00575,NA,0.027685554690445556,blend: book price,36.11991925685006,1.0284738695634943,over,-0.8615722265477722,FALSE,-0.97125,rest,FALSE,-0.3429628594137699
South East Melbourne Phoenix v Melbourne United,Cole Anthony,Melbourne United,Player Steals,2.5,Sportsbet,5.3,NA,0.6297499999999998,19.50273010843019,0.0355,NA,0.025868852779378216,blend: book price,38.6565267709578,1.0265558214139716,over,-0.8628950802692954,FALSE,-0.81185,rest,FALSE,-0.3429628594137699
Cairns Taipans v Tasmania JackJumpers,Taran Armstrong,Tasmania JackJumpers,Player Assists,11.5,Pointsbet,17,NA,3.7075,29.88892484187663,0.00375,NA,0.007095575145906207,blend: book price,140.9329024690761,1.0071462821277575,over,-0.8793752225195944,FALSE,NA,price > 6,FALSE,-0.5387411371602528
South East Melbourne Phoenix v Melbourne United,Cole Anthony,Melbourne United,Player Assists,6.5,BetRight,4.75,NA,1.5650000000000013,19.50273010843019,0.0115,NA,0.023298436299307872,blend: book price,42.921335455878086,1.0238542019028114,over,-0.8893324275782876,FALSE,-0.945375,rest,FALSE,-0.3429628594137699
South East Melbourne Phoenix v Melbourne United,Josh Oduro,Melbourne United,Player Blocks,2.5,Sportsbet,6,NA,0.3362500000000002,20.49608489122735,0.0125,NA,0.017974844861815796,blend: book price,55.633303524322116,1.0183038537941387,over,-0.8921509308291052,FALSE,-0.925,rest,FALSE,-0.3429628594137699
Cairns Taipans v Tasmania JackJumpers,Nick Marshall,Tasmania JackJumpers,Player Rebounds,11.5,Pointsbet,19,NA,3.7020000000000013,27.94522393186349,0.00225,NA,0.00531949112431654,blend: book price,187.98790648014895,1.0053479394407048,over,-0.8989296686379857,FALSE,NA,price > 6,FALSE,-0.5387411371602528
Cairns Taipans v Tasmania JackJumpers,Malique Lewis,Cairns Taipans,Player Assists,7.5,Pointsbet,21,NA,1.6330000000000005,27.57509697673598,0.00175,NA,0.003714624766143065,blend: book price,269.2061952298646,1.0037284746504194,over,-0.9219928799109957,FALSE,NA,price > 6,FALSE,-0.5387411371602528
South East Melbourne Phoenix v Melbourne United,Cole Anthony,Melbourne United,Player Assists,7.5,TAB,6,NA,1.5650000000000013,19.50273010843019,0.005,NA,0.011432512634888498,blend: book price,87.46983554151593,1.011564726516912,over,-0.931404924190669,FALSE,-0.97,rest,FALSE,-0.3429628594137699
Cairns Taipans v Tasmania JackJumpers,Jack McVeigh,Cairns Taipans,Player Assists,9.5,Pointsbet,21,NA,2.1272499999999996,28.975523788647227,0.001,NA,0.002392192422961196,blend: book price,418.02657277968524,1.0023979287298996,over,-0.9497639591178149,FALSE,NA,price > 6,FALSE,-0.5387411371602528
Cairns Taipans v Tasmania JackJumpers,Malique Lewis,Cairns Taipans,Player Assists,9.5,Pointsbet,21,NA,1.6330000000000005,27.57509697673598,0,NA,0.002392192422961196,blend: book price,418.02657277968524,1.0023979287298996,over,-0.9497639591178149,FALSE,NA,price > 6,FALSE,-0.5387411371602528
